GEO.id,GEO.id2,GEO.display-label,HD01_VD01,HD01_VD02,HD01_VD03,HD01_VD04,HD01_VD05,HD01_VD06
Id,Id2,Geography,Estimate; Total:,Estimate; Total: - Same house 1 year ago,Estimate; Total: - Moved within same county,Estimate; Total: - Moved from different county within same state,Estimate; Total: - Moved from different state,Estimate; Total: - Moved from abroad
310M200US10180,10180,"Abilene, TX Metro Area",635,469,79,58,29,0
310M200US10420,10420,"Akron, OH Metro Area",989,767,145,15,27,35
310M200US10500,10500,"Albany, GA Metro Area",172,149,11,0,12,0
310M200US10540,10540,"Albany, OR Metro Area",2140,1699,263,159,19,0
310M200US10580,10580,"Albany-Schenectady-Troy, NY Metro Area",1587,1290,132,71,58,36
310M200US10740,10740,"Albuquerque, NM Metro Area",48952,40550,4757,2161,1391,93
310M200US10780,10780,"Alexandria, LA Metro Area",1029,869,108,6,46,0
310M200US10900,10900,"Allentown-Bethlehem-Easton, PA-NJ Metro Area",1764,1508,116,46,55,39
310M200US11020,11020,"Altoona, PA Metro Area",96,91,5,0,0,0
310M200US11100,11100,"Amarillo, TX Metro Area",1736,1398,72,179,81,6
310M200US11180,11180,"Ames, IA Metro Area",67,47,0,0,20,0
310M200US11260,11260,"Anchorage, AK Metro Area",24549,19244,3007,1558,611,129
310M200US11460,11460,"Ann Arbor, MI Metro Area",1043,765,96,90,80,12
310M200US11500,11500,"Anniston-Oxford-Jacksonville, AL Metro Area",314,246,43,10,15,0
310M200US11540,11540,"Appleton, WI Metro Area",2998,2774,121,103,0,0
310M200US11700,11700,"Asheville, NC Metro Area",1502,1212,103,113,74,0
310M200US12020,12020,"Athens-Clarke County, GA Metro Area",251,227,4,18,2,0
310M200US12060,12060,"Atlanta-Sandy Springs-Roswell, GA Metro Area",14196,11364,955,1266,490,121
310M200US12100,12100,"Atlantic City-Hammonton, NJ Metro Area",738,429,251,17,41,0
310M200US12220,12220,"Auburn-Opelika, AL Metro Area",378,304,30,32,12,0
310M200US12260,12260,"Augusta-Richmond County, GA-SC Metro Area",1436,1027,67,56,265,21
310M200US12420,12420,"Austin-Round Rock, TX Metro Area",9259,7004,1099,666,288,202
310M200US12540,12540,"Bakersfield, CA Metro Area",9728,7705,1540,395,86,2
310M200US12580,12580,"Baltimore-Columbia-Towson, MD Metro Area",6622,5153,933,385,50,101
310M200US12620,12620,"Bangor, ME Metro Area",1637,1306,239,87,5,0
310M200US12700,12700,"Barnstable Town, MA Metro Area",919,790,38,0,91,0
310M200US12940,12940,"Baton Rouge, LA Metro Area",1697,1417,226,5,28,21
310M200US12980,12980,"Battle Creek, MI Metro Area",825,619,95,36,75,0
310M200US13020,13020,"Bay City, MI Metro Area",401,364,33,4,0,0
310M200US13140,13140,"Beaumont-Port Arthur, TX Metro Area",1568,1430,3,64,71,0
310M200US13220,13220,"Beckley, WV Metro Area",313,285,9,19,0,0
310M200US13380,13380,"Bellingham, WA Metro Area",5195,4247,792,121,35,0
310M200US13460,13460,"Bend-Redmond, OR Metro Area",1251,1014,94,35,105,3
310M200US13740,13740,"Billings, MT Metro Area",6037,4126,839,975,97,0
310M200US13780,13780,"Binghamton, NY Metro Area",695,619,52,21,3,0
310M200US13820,13820,"Birmingham-Hoover, AL Metro Area",2807,2336,244,77,69,81
310M200US13900,13900,"Bismarck, ND Metro Area",7715,6131,848,506,222,8
310M200US13980,13980,"Blacksburg-Christiansburg-Radford, VA Metro Area",343,250,35,46,0,12
310M200US14010,14010,"Bloomington, IL Metro Area",294,242,51,1,0,0
310M200US14020,14020,"Bloomington, IN Metro Area",567,281,238,48,0,0
310M200US14100,14100,"Bloomsburg-Berwick, PA Metro Area",91,66,5,20,0,0
310M200US14260,14260,"Boise City, ID Metro Area",4249,3161,588,237,263,0
310M200US14460,14460,"Boston-Cambridge-Newton, MA-NH Metro Area",7659,6060,903,341,274,81
310M200US14500,14500,"Boulder, CO Metro Area",1305,852,346,47,43,17
310M200US14540,14540,"Bowling Green, KY Metro Area",525,467,28,30,0,0
310M200US14740,14740,"Bremerton-Silverdale, WA Metro Area",3315,2755,425,71,64,0
310M200US14860,14860,"Bridgeport-Stamford-Norwalk, CT Metro Area",1804,1440,107,60,33,164
310M200US15180,15180,"Brownsville-Harlingen, TX Metro Area",711,638,31,0,32,10
310M200US15260,15260,"Brunswick, GA Metro Area",301,203,9,26,25,38
310M200US15380,15380,"Buffalo-Cheektowaga-Niagara Falls, NY Metro Area",6426,5502,594,190,18,122
310M200US15500,15500,"Burlington, NC Metro Area",481,391,35,14,7,34
310M200US15540,15540,"Burlington-South Burlington, VT Metro Area",846,705,99,24,7,11
310M200US15680,15680,"California-Lexington Park, MD Metro Area",336,210,86,0,40,0
310M200US15940,15940,"Canton-Massillon, OH Metro Area",706,629,26,16,35,0
310M200US15980,15980,"Cape Coral-Fort Myers, FL Metro Area",2276,1409,550,182,135,0
310M200US16020,16020,"Cape Girardeau, MO-IL Metro Area",210,82,99,0,0,29
310M200US16060,16060,"Carbondale-Marion, IL Metro Area",579,436,27,107,9,0
310M200US16180,16180,"Carson City, NV Metro Area",1150,799,213,47,89,2
310M200US16220,16220,"Casper, WY Metro Area",780,535,180,20,11,34
310M200US16300,16300,"Cedar Rapids, IA Metro Area",684,553,39,43,49,0
310M200US16540,16540,"Chambersburg-Waynesboro, PA Metro Area",353,132,0,221,0,0
310M200US16580,16580,"Champaign-Urbana, IL Metro Area",408,220,135,27,18,8
310M200US16620,16620,"Charleston, WV Metro Area",256,174,25,29,28,0
310M200US16700,16700,"Charleston-North Charleston, SC Metro Area",2858,2376,254,130,98,0
310M200US16740,16740,"Charlotte-Concord-Gastonia, NC-SC Metro Area",9403,7973,585,262,414,169
310M200US16820,16820,"Charlottesville, VA Metro Area",686,586,32,14,54,0
310M200US16860,16860,"Chattanooga, TN-GA Metro Area",1483,1270,72,63,31,47
310M200US16940,16940,"Cheyenne, WY Metro Area",888,397,375,87,29,0
310M200US16980,16980,"Chicago-Naperville-Elgin, IL-IN-WI Metro Area",22054,19104,1601,724,455,170
310M200US17020,17020,"Chico, CA Metro Area",2316,1558,666,63,29,0
310M200US17140,17140,"Cincinnati, OH-KY-IN Metro Area",3677,2940,422,101,167,47
310M200US17300,17300,"Clarksville, TN-KY Metro Area",1477,1223,56,41,107,50
310M200US17420,17420,"Cleveland, TN Metro Area",236,129,55,4,48,0
310M200US17460,17460,"Cleveland-Elyria, OH Metro Area",3902,3122,448,147,130,55
310M200US17660,17660,"Coeur d'Alene, ID Metro Area",1784,1284,172,124,204,0
310M200US17780,17780,"College Station-Bryan, TX Metro Area",822,653,42,105,15,7
310M200US17820,17820,"Colorado Springs, CO Metro Area",4652,3175,726,108,582,61
310M200US17860,17860,"Columbia, MO Metro Area",230,191,3,25,11,0
310M200US17900,17900,"Columbia, SC Metro Area",1546,1039,312,89,90,16
310M200US17980,17980,"Columbus, GA-AL Metro Area",791,502,136,23,122,8
310M200US18020,18020,"Columbus, IN Metro Area",353,345,8,0,0,0
310M200US18140,18140,"Columbus, OH Metro Area",3473,2615,416,158,86,198
310M200US18580,18580,"Corpus Christi, TX Metro Area",1792,1541,126,64,61,0
310M200US18700,18700,"Corvallis, OR Metro Area",656,434,50,172,0,0
310M200US18880,18880,"Crestview-Fort Walton Beach-Destin, FL Metro Area",1631,1396,59,49,127,0
310M200US19060,19060,"Cumberland, MD-WV Metro Area",115,92,9,14,0,0
310M200US19100,19100,"Dallas-Fort Worth-Arlington, TX Metro Area",31112,25624,3547,1141,641,159
310M200US19140,19140,"Dalton, GA Metro Area",406,386,20,0,0,0
310M200US19180,19180,"Danville, IL Metro Area",274,253,21,0,0,0
310M200US19300,19300,"Daphne-Fairhope-Foley, AL Metro Area",1157,1033,87,16,21,0
310M200US19340,19340,"Davenport-Moline-Rock Island, IA-IL Metro Area",994,795,164,6,15,14
310M200US19380,19380,"Dayton, OH Metro Area",1148,1060,47,19,11,11
310M200US19460,19460,"Decatur, AL Metro Area",2884,2645,204,35,0,0
310M200US19500,19500,"Decatur, IL Metro Area",59,44,15,0,0,0
310M200US19660,19660,"Deltona-Daytona Beach-Ormond Beach, FL Metro Area",1675,1329,156,72,118,0
310M200US19740,19740,"Denver-Aurora-Lakewood, CO Metro Area",20798,16654,2001,1693,434,16
310M200US19780,19780,"Des Moines-West Des Moines, IA Metro Area",1188,903,159,67,54,5
310M200US19820,19820,"Detroit-Warren-Dearborn, MI Metro Area",12570,10433,1496,357,97,187
310M200US20020,20020,"Dothan, AL Metro Area",359,287,56,0,16,0
310M200US20100,20100,"Dover, DE Metro Area",1068,982,58,0,28,0
310M200US20220,20220,"Dubuque, IA Metro Area",133,120,12,0,1,0
310M200US20260,20260,"Duluth, MN-WI Metro Area",7203,5327,1438,310,109,19
310M200US20500,20500,"Durham-Chapel Hill, NC Metro Area",2120,1622,200,179,108,11
310M200US20700,20700,"East Stroudsburg, PA Metro Area",383,336,0,7,40,0
310M200US20740,20740,"Eau Claire, WI Metro Area",607,438,78,74,17,0
310M200US20940,20940,"El Centro, CA Metro Area",2556,2114,344,39,47,12
310M200US21060,21060,"Elizabethtown-Fort Knox, KY Metro Area",432,292,53,4,83,0
310M200US21140,21140,"Elkhart-Goshen, IN Metro Area",499,476,4,14,0,5
310M200US21300,21300,"Elmira, NY Metro Area",309,77,219,12,1,0
310M200US21340,21340,"El Paso, TX Metro Area",4777,4068,300,88,201,120
310M200US21500,21500,"Erie, PA Metro Area",688,545,48,56,39,0
310M200US21660,21660,"Eugene, OR Metro Area",3799,2709,739,227,124,0
310M200US21780,21780,"Evansville, IN-KY Metro Area",734,480,238,9,7,0
310M200US21820,21820,"Fairbanks, AK Metro Area",6447,4576,1010,428,316,117
310M200US22020,22020,"Fargo, ND-MN Metro Area",2628,1783,366,306,165,8
310M200US22140,22140,"Farmington, NM Metro Area",46997,42274,3660,222,610,231
310M200US22180,22180,"Fayetteville, NC Metro Area",7519,6723,296,201,243,56
310M200US22220,22220,"Fayetteville-Springdale-Rogers, AR-MO Metro Area",6119,4439,1155,88,387,50
310M200US22380,22380,"Flagstaff, AZ Metro Area",35875,32218,2402,753,487,15
310M200US22420,22420,"Flint, MI Metro Area",1990,1536,319,102,24,9
310M200US22500,22500,"Florence, SC Metro Area",339,289,24,4,22,0
310M200US22520,22520,"Florence-Muscle Shoals, AL Metro Area",743,670,37,28,0,8
310M200US22540,22540,"Fond du Lac, WI Metro Area",435,376,50,9,0,0
310M200US22660,22660,"Fort Collins, CO Metro Area",1644,1111,259,139,135,0
310M200US22900,22900,"Fort Smith, AR-OK Metro Area",11878,10166,1031,482,187,12
310M200US23060,23060,"Fort Wayne, IN Metro Area",1267,1099,126,18,13,11
310M200US23420,23420,"Fresno, CA Metro Area",9569,7899,1336,142,46,146
310M200US23460,23460,"Gadsden, AL Metro Area",430,349,22,19,40,0
310M200US23540,23540,"Gainesville, FL Metro Area",608,499,65,15,10,19
310M200US23580,23580,"Gainesville, GA Metro Area",746,695,0,39,12,0
310M200US23900,23900,"Gettysburg, PA Metro Area",183,128,44,0,11,0
310M200US24020,24020,"Glens Falls, NY Metro Area",236,195,24,16,0,1
310M200US24140,24140,"Goldsboro, NC Metro Area",189,136,14,17,22,0
310M200US24220,24220,"Grand Forks, ND-MN Metro Area",1978,1450,260,96,125,47
310M200US24260,24260,"Grand Island, NE Metro Area",543,543,0,0,0,0
310M200US24300,24300,"Grand Junction, CO Metro Area",1236,870,181,70,83,32
310M200US24340,24340,"Grand Rapids-Wyoming, MI Metro Area",4016,3084,661,210,25,36
310M200US24420,24420,"Grants Pass, OR Metro Area",1342,965,144,37,196,0
310M200US24500,24500,"Great Falls, MT Metro Area",3684,2539,609,419,117,0
310M200US24540,24540,"Greeley, CO Metro Area",2496,1947,343,122,84,0
310M200US24580,24580,"Green Bay, WI Metro Area",6491,5375,777,241,98,0
310M200US24660,24660,"Greensboro-High Point, NC Metro Area",3533,2858,465,190,20,0
310M200US24780,24780,"Greenville, NC Metro Area",497,402,12,72,11,0
310M200US24860,24860,"Greenville-Anderson-Mauldin, SC Metro Area",2127,1496,456,69,81,25
310M200US25060,25060,"Gulfport-Biloxi-Pascagoula, MS Metro Area",1286,784,132,125,245,0
310M200US25180,25180,"Hagerstown-Martinsburg, MD-WV Metro Area",571,412,105,33,21,0
310M200US25220,25220,"Hammond, LA Metro Area",450,422,28,0,0,0
310M200US25260,25260,"Hanford-Corcoran, CA Metro Area",1862,1338,320,181,1,22
310M200US25420,25420,"Harrisburg-Carlisle, PA Metro Area",750,643,30,77,0,0
310M200US25500,25500,"Harrisonburg, VA Metro Area",281,263,15,3,0,0
310M200US25540,25540,"Hartford-West Hartford-East Hartford, CT Metro Area",2237,1622,369,79,49,118
310M200US25620,25620,"Hattiesburg, MS Metro Area",314,274,6,0,34,0
310M200US25860,25860,"Hickory-Lenoir-Morganton, NC Metro Area",1264,1012,91,42,119,0
310M200US25940,25940,"Hilton Head Island-Bluffton-Beaufort, SC Metro Area",408,287,10,11,100,0
310M200US25980,25980,"Hinesville, GA Metro Area",368,315,3,0,27,23
310M200US26140,26140,"Homosassa Springs, FL Metro Area",545,539,0,6,0,0
310M200US26300,26300,"Hot Springs, AR Metro Area",579,564,4,0,0,11
310M200US26380,26380,"Houma-Thibodaux, LA Metro Area",8048,6615,1050,321,5,57
310M200US26420,26420,"Houston-The Woodlands-Sugar Land, TX Metro Area",25558,20954,3105,679,696,124
310M200US26580,26580,"Huntington-Ashland, WV-KY-OH Metro Area",616,535,40,17,9,15
310M200US26620,26620,"Huntsville, AL Metro Area",2644,2050,327,174,87,6
310M200US26820,26820,"Idaho Falls, ID Metro Area",638,506,128,4,0,0
310M200US26900,26900,"Indianapolis-Carmel-Anderson, IN Metro Area",4035,3115,477,281,137,25
310M200US26980,26980,"Iowa City, IA Metro Area",374,295,22,13,30,14
310M200US27060,27060,"Ithaca, NY Metro Area",319,262,14,29,14,0
310M200US27100,27100,"Jackson, MI Metro Area",786,540,116,124,6,0
310M200US27140,27140,"Jackson, MS Metro Area",738,647,12,36,43,0
310M200US27180,27180,"Jackson, TN Metro Area",296,215,77,0,4,0
310M200US27260,27260,"Jacksonville, FL Metro Area",3985,3064,335,224,356,6
310M200US27340,27340,"Jacksonville, NC Metro Area",1194,803,211,124,24,32
310M200US27500,27500,"Janesville-Beloit, WI Metro Area",328,293,11,11,13,0
310M200US27620,27620,"Jefferson City, MO Metro Area",546,355,84,93,1,13
310M200US27740,27740,"Johnson City, TN Metro Area",627,557,64,6,0,0
310M200US27780,27780,"Johnstown, PA Metro Area",124,76,12,28,8,0
310M200US27860,27860,"Jonesboro, AR Metro Area",417,368,42,0,7,0
310M200US27900,27900,"Joplin, MO Metro Area",3040,2572,185,158,109,16
310M200US27980,27980,"Kahului-Wailuku-Lahaina, HI Metro Area",320,267,50,3,0,0
310M200US28020,28020,"Kalamazoo-Portage, MI Metro Area",1760,1515,81,153,11,0
310M200US28100,28100,"Kankakee, IL Metro Area",224,203,17,4,0,0
310M200US28140,28140,"Kansas City, MO-KS Metro Area",8755,6730,1085,329,551,60
310M200US28420,28420,"Kennewick-Richland, WA Metro Area",2156,1645,185,95,200,31
310M200US28660,28660,"Killeen-Temple, TX Metro Area",2768,2052,410,154,112,40
310M200US28700,28700,"Kingsport-Bristol-Bristol, TN-VA Metro Area",1073,948,20,25,80,0
310M200US28740,28740,"Kingston, NY Metro Area",331,280,1,50,0,0
310M200US28940,28940,"Knoxville, TN Metro Area",1584,1369,114,33,68,0
310M200US29020,29020,"Kokomo, IN Metro Area",192,166,17,9,0,0
310M200US29100,29100,"La Crosse-Onalaska, WI-MN Metro Area",481,365,41,11,64,0
310M200US29180,29180,"Lafayette, LA Metro Area",1841,1500,76,232,33,0
310M200US29200,29200,"Lafayette-West Lafayette, IN Metro Area",265,144,110,8,0,3
310M200US29340,29340,"Lake Charles, LA Metro Area",752,632,51,0,25,44
310M200US29420,29420,"Lake Havasu City-Kingman, AZ Metro Area",3339,2637,347,310,37,8
310M200US29460,29460,"Lakeland-Winter Haven, FL Metro Area",1741,1323,285,130,0,3
310M200US29540,29540,"Lancaster, PA Metro Area",941,654,187,11,89,0
310M200US29620,29620,"Lansing-East Lansing, MI Metro Area",1698,1283,222,171,22,0
310M200US29700,29700,"Laredo, TX Metro Area",925,579,57,289,0,0
310M200US29740,29740,"Las Cruces, NM Metro Area",2452,1942,300,154,56,0
310M200US29820,29820,"Las Vegas-Henderson-Paradise, NV Metro Area",11282,7858,2539,74,811,0
310M200US29940,29940,"Lawrence, KS Metro Area",2433,1668,505,29,231,0
310M200US30020,30020,"Lawton, OK Metro Area",7160,5519,917,414,310,0
310M200US30140,30140,"Lebanon, PA Metro Area",160,122,16,14,8,0
310M200US30300,30300,"Lewiston, ID-WA Metro Area",2296,1820,273,88,115,0
310M200US30340,30340,"Lewiston-Auburn, ME Metro Area",176,147,12,16,1,0
310M200US30460,30460,"Lexington-Fayette, KY Metro Area",1195,786,158,10,81,160
310M200US30620,30620,"Lima, OH Metro Area",288,226,11,33,18,0
310M200US30700,30700,"Lincoln, NE Metro Area",2088,1276,659,89,64,0
310M200US30780,30780,"Little Rock-North Little Rock-Conway, AR Metro Area",2538,1985,123,320,110,0
310M200US30860,30860,"Logan, UT-ID Metro Area",703,619,77,0,0,7
310M200US30980,30980,"Longview, TX Metro Area",960,707,86,135,1,31
310M200US31020,31020,"Longview, WA Metro Area",1182,891,124,63,104,0
310M200US31080,31080,"Los Angeles-Long Beach-Anaheim, CA Metro Area",62896,54216,6752,1066,634,228
310M200US31140,31140,"Louisville/Jefferson County, KY-IN Metro Area",2013,1621,148,77,72,95
310M200US31180,31180,"Lubbock, TX Metro Area",1519,1071,293,82,68,5
310M200US31340,31340,"Lynchburg, VA Metro Area",728,591,17,50,0,70
310M200US31420,31420,"Macon, GA Metro Area",454,437,0,17,0,0
310M200US31460,31460,"Madera, CA Metro Area",2552,2273,121,158,0,0
310M200US31540,31540,"Madison, WI Metro Area",1502,1118,187,152,45,0
310M200US31700,31700,"Manchester-Nashua, NH Metro Area",638,559,55,3,21,0
310M200US31740,31740,"Manhattan, KS Metro Area",489,269,89,70,61,0
310M200US31860,31860,"Mankato-North Mankato, MN Metro Area",295,177,14,87,17,0
310M200US31900,31900,"Mansfield, OH Metro Area",281,203,76,2,0,0
310M200US32580,32580,"McAllen-Edinburg-Mission, TX Metro Area",2589,1936,584,10,59,0
310M200US32780,32780,"Medford, OR Metro Area",1691,1291,287,70,27,16
310M200US32820,32820,"Memphis, TN-MS-AR Metro Area",3137,2474,400,12,208,43
310M200US32900,32900,"Merced, CA Metro Area",2356,1724,467,129,11,25
310M200US33100,33100,"Miami-Fort Lauderdale-West Palm Beach, FL Metro Area",10203,8424,1140,189,282,168
310M200US33140,33140,"Michigan City-La Porte, IN Metro Area",310,242,32,26,10,0
310M200US33220,33220,"Midland, MI Metro Area",357,336,16,2,3,0
310M200US33260,33260,"Midland, TX Metro Area",772,605,121,24,22,0
310M200US33340,33340,"Milwaukee-Waukesha-West Allis, WI Metro Area",6116,4800,908,160,209,39
310M200US33460,33460,"Minneapolis-St. Paul-Bloomington, MN-WI Metro Area",21905,16500,3391,1141,783,90
310M200US33540,33540,"Missoula, MT Metro Area",3007,2420,85,425,8,69
310M200US33660,33660,"Mobile, AL Metro Area",3187,2825,315,18,29,0
310M200US33700,33700,"Modesto, CA Metro Area",4226,3161,871,155,39,0
310M200US33740,33740,"Monroe, LA Metro Area",589,565,0,16,8,0
310M200US33780,33780,"Monroe, MI Metro Area",586,524,27,6,29,0
310M200US33860,33860,"Montgomery, AL Metro Area",1071,651,276,71,67,6
310M200US34060,34060,"Morgantown, WV Metro Area",205,168,9,18,10,0
310M200US34100,34100,"Morristown, TN Metro Area",182,144,38,0,0,0
310M200US34580,34580,"Mount Vernon-Anacortes, WA Metro Area",1948,1652,113,126,30,27
310M200US34620,34620,"Muncie, IN Metro Area",250,151,44,6,0,49
310M200US34740,34740,"Muskegon, MI Metro Area",1047,829,159,44,15,0
310M200US34820,34820,"Myrtle Beach-Conway-North Myrtle Beach, SC-NC Metro Area",1115,1003,75,0,37,0
310M200US34900,34900,"Napa, CA Metro Area",986,673,212,59,42,0
310M200US34940,34940,"Naples-Immokalee-Marco Island, FL Metro Area",869,693,122,0,40,14
310M200US34980,34980,"Nashville-Davidson--Murfreesboro--Franklin, TN Metro Area",4524,3907,182,179,238,18
310M200US35100,35100,"New Bern, NC Metro Area",508,355,9,83,55,6
310M200US35300,35300,"New Haven-Milford, CT Metro Area",2210,1896,213,26,69,6
310M200US35380,35380,"New Orleans-Metairie, LA Metro Area",5313,4544,494,101,121,53
310M200US35620,35620,"New York-Newark-Jersey City, NY-NJ-PA Metro Area",57415,50485,3668,1509,880,873
310M200US35660,35660,"Niles-Benton Harbor, MI Metro Area",628,520,98,10,0,0
310M200US35840,35840,"North Port-Sarasota-Bradenton, FL Metro Area",1978,1443,260,86,189,0
310M200US35980,35980,"Norwich-New London, CT Metro Area",1614,1325,144,22,123,0
310M200US36100,36100,"Ocala, FL Metro Area",1181,1056,47,47,31,0
310M200US36140,36140,"Ocean City, NJ Metro Area",430,349,42,0,39,0
310M200US36220,36220,"Odessa, TX Metro Area",941,556,286,71,0,28
310M200US36260,36260,"Ogden-Clearfield, UT Metro Area",3552,2494,462,234,319,43
310M200US36420,36420,"Oklahoma City, OK Metro Area",46087,37576,4494,3071,920,26
310M200US36500,36500,"Olympia-Tumwater, WA Metro Area",3455,2367,452,444,152,40
310M200US36540,36540,"Omaha-Council Bluffs, NE-IA Metro Area",4372,3339,700,108,143,82
310M200US36740,36740,"Orlando-Kissimmee-Sanford, FL Metro Area",6244,4627,1000,214,367,36
310M200US36780,36780,"Oshkosh-Neenah, WI Metro Area",939,747,98,87,0,7
310M200US36980,36980,"Owensboro, KY Metro Area",150,113,29,4,4,0
310M200US37100,37100,"Oxnard-Thousand Oaks-Ventura, CA Metro Area",5947,4799,618,208,119,203
310M200US37340,37340,"Palm Bay-Melbourne-Titusville, FL Metro Area",1725,1327,313,3,69,13
310M200US37460,37460,"Panama City, FL Metro Area",1050,844,166,21,15,4
310M200US37620,37620,"Parkersburg-Vienna, WV Metro Area",207,71,123,0,13,0
310M200US37860,37860,"Pensacola-Ferry Pass-Brent, FL Metro Area",2584,2073,257,65,111,78
310M200US37900,37900,"Peoria, IL Metro Area",722,495,182,45,0,0
310M200US37980,37980,"Philadelphia-Camden-Wilmington, PA-NJ-DE-MD Metro Area",10978,9552,853,223,274,76
310M200US38060,38060,"Phoenix-Mesa-Scottsdale, AZ Metro Area",91498,69165,15606,4647,1795,285
310M200US38220,38220,"Pine Bluff, AR Metro Area",255,206,11,38,0,0
310M200US38300,38300,"Pittsburgh, PA Metro Area",2460,2046,227,60,115,12
310M200US38340,38340,"Pittsfield, MA Metro Area",296,224,62,4,6,0
310M200US38540,38540,"Pocatello, ID Metro Area",2823,2247,419,125,32,0
310M200US38860,38860,"Portland-South Portland, ME Metro Area",1389,1221,48,102,16,2
310M200US38900,38900,"Portland-Vancouver-Hillsboro, OR-WA Metro Area",18675,14058,2801,711,974,131
310M200US38940,38940,"Port St. Lucie, FL Metro Area",1821,1076,647,79,11,8
310M200US39140,39140,"Prescott, AZ Metro Area",4284,2401,1322,456,105,0
310M200US39300,39300,"Providence-Warwick, RI-MA Metro Area",5513,3822,1296,87,263,45
310M200US39340,39340,"Provo-Orem, UT Metro Area",3124,2279,496,95,208,46
310M200US39380,39380,"Pueblo, CO Metro Area",3710,2909,649,119,27,6
310M200US39460,39460,"Punta Gorda, FL Metro Area",349,337,12,0,0,0
310M200US39540,39540,"Racine, WI Metro Area",794,713,64,13,4,0
310M200US39580,39580,"Raleigh, NC Metro Area",3750,2786,506,221,227,10
310M200US39660,39660,"Rapid City, SD Metro Area",9682,6045,2295,732,591,19
310M200US39740,39740,"Reading, PA Metro Area",1071,853,178,24,0,16
310M200US39820,39820,"Redding, CA Metro Area",4290,3283,742,116,149,0
310M200US39900,39900,"Reno, NV Metro Area",6585,5246,1090,72,157,20
310M200US40060,40060,"Richmond, VA Metro Area",4682,3495,523,524,108,32
310M200US40140,40140,"Riverside-San Bernardino-Ontario, CA Metro Area",40404,32805,4797,2189,503,110
310M200US40220,40220,"Roanoke, VA Metro Area",441,428,11,2,0,0
310M200US40340,40340,"Rochester, MN Metro Area",337,285,18,18,8,8
310M200US40380,40380,"Rochester, NY Metro Area",3102,2382,541,129,10,40
310M200US40420,40420,"Rockford, IL Metro Area",736,605,80,14,37,0
310M200US40580,40580,"Rocky Mount, NC Metro Area",616,483,23,108,2,0
310M200US40660,40660,"Rome, GA Metro Area",519,503,0,0,0,16
310M200US40900,40900,"Sacramento--Roseville--Arden-Arcade, CA Metro Area",18970,15266,2256,986,396,66
310M200US40980,40980,"Saginaw, MI Metro Area",557,528,24,2,3,0
310M200US41060,41060,"St. Cloud, MN Metro Area",752,395,240,58,59,0
310M200US41100,41100,"St. George, UT Metro Area",1640,1334,221,59,26,0
310M200US41140,41140,"St. Joseph, MO-KS Metro Area",470,341,79,45,5,0
310M200US41180,41180,"St. Louis, MO-IL Metro Area",4529,3758,342,260,159,10
310M200US41420,41420,"Salem, OR Metro Area",4860,3789,715,305,51,0
310M200US41500,41500,"Salinas, CA Metro Area",3990,3265,425,147,109,44
310M200US41540,41540,"Salisbury, MD-DE Metro Area",1463,1215,193,40,12,3
310M200US41620,41620,"Salt Lake City, UT Metro Area",8867,6547,1609,380,305,26
310M200US41660,41660,"San Angelo, TX Metro Area",607,403,78,36,90,0
310M200US41700,41700,"San Antonio-New Braunfels, TX Metro Area",15253,11299,2841,628,423,62
310M200US41740,41740,"San Diego-Carlsbad, CA Metro Area",21491,17925,2394,487,378,307
310M200US41860,41860,"San Francisco-Oakland-Hayward, CA Metro Area",20966,17073,2407,832,422,232
310M200US41940,41940,"San Jose-Sunnyvale-Santa Clara, CA Metro Area",9919,7905,1289,464,140,121
310M200US42020,42020,"San Luis Obispo-Paso Robles-Arroyo Grande, CA Metro Area",2468,1954,299,113,37,65
310M200US42100,42100,"Santa Cruz-Watsonville, CA Metro Area",1478,1308,129,34,7,0
310M200US42140,42140,"Santa Fe, NM Metro Area",4179,3515,340,243,78,3
310M200US42200,42200,"Santa Maria-Santa Barbara, CA Metro Area",4558,3470,861,180,47,0
310M200US42220,42220,"Santa Rosa, CA Metro Area",6329,5307,888,96,18,20
310M200US42340,42340,"Savannah, GA Metro Area",941,753,93,0,64,31
310M200US42540,42540,"Scranton--Wilkes-Barre--Hazleton, PA Metro Area",1001,851,94,9,47,0
310M200US42660,42660,"Seattle-Tacoma-Bellevue, WA Metro Area",33164,26434,4559,877,1092,202
310M200US42680,42680,"Sebastian-Vero Beach, FL Metro Area",310,210,32,59,9,0
310M200US42700,42700,"Sebring, FL Metro Area",559,412,128,19,0,0
310M200US43100,43100,"Sheboygan, WI Metro Area",427,397,8,16,6,0
310M200US43300,43300,"Sherman-Denison, TX Metro Area",1547,1298,131,102,16,0
310M200US43340,43340,"Shreveport-Bossier City, LA Metro Area",2214,1942,129,45,74,24
310M200US43420,43420,"Sierra Vista-Douglas, AZ Metro Area",1577,1239,212,49,39,38
310M200US43580,43580,"Sioux City, IA-NE-SD Metro Area",2430,1280,765,138,214,33
310M200US43620,43620,"Sioux Falls, SD Metro Area",4649,3064,1214,242,120,9
310M200US43780,43780,"South Bend-Mishawaka, IN-MI Metro Area",1262,1056,157,15,13,21
310M200US43900,43900,"Spartanburg, SC Metro Area",695,578,73,15,29,0
310M200US44060,44060,"Spokane-Spokane Valley, WA Metro Area",8657,6866,1040,536,174,41
310M200US44100,44100,"Springfield, IL Metro Area",317,264,31,1,21,0
310M200US44140,44140,"Springfield, MA Metro Area",1793,1470,251,30,12,30
310M200US44180,44180,"Springfield, MO Metro Area",1972,1436,265,120,144,7
310M200US44220,44220,"Springfield, OH Metro Area",279,224,42,2,11,0
310M200US44300,44300,"State College, PA Metro Area",340,236,64,32,4,4
310M200US44420,44420,"Staunton-Waynesboro, VA Metro Area",401,373,0,28,0,0
310M200US44700,44700,"Stockton-Lodi, CA Metro Area",6350,4773,1211,277,69,20
310M200US44940,44940,"Sumter, SC Metro Area",273,226,47,0,0,0
310M200US45060,45060,"Syracuse, NY Metro Area",4132,3489,412,150,58,23
310M200US45220,45220,"Tallahassee, FL Metro Area",1167,981,77,75,34,0
310M200US45300,45300,"Tampa-St. Petersburg-Clearwater, FL Metro Area",10886,9016,1211,352,281,26
310M200US45460,45460,"Terre Haute, IN Metro Area",435,345,55,0,35,0
310M200US45500,45500,"Texarkana, TX-AR Metro Area",1050,902,57,27,64,0
310M200US45540,45540,"The Villages, FL Metro Area",245,191,12,12,30,0
310M200US45780,45780,"Toledo, OH Metro Area",1662,1081,357,166,42,16
310M200US45820,45820,"Topeka, KS Metro Area",2995,2248,399,159,189,0
310M200US45940,45940,"Trenton, NJ Metro Area",715,633,25,18,32,7
310M200US46060,46060,"Tucson, AZ Metro Area",30973,24443,5586,522,345,77
310M200US46140,46140,"Tulsa, OK Metro Area",64235,53211,6500,3605,812,107
310M200US46220,46220,"Tuscaloosa, AL Metro Area",373,268,44,61,0,0
310M200US46340,46340,"Tyler, TX Metro Area",964,590,262,101,0,11
310M200US46520,46520,"Urban Honolulu, HI Metro Area",2026,1538,268,33,151,36
310M200US46540,46540,"Utica-Rome, NY Metro Area",638,518,63,52,5,0
310M200US46660,46660,"Valdosta, GA Metro Area",131,97,11,14,9,0
310M200US46700,46700,"Vallejo-Fairfield, CA Metro Area",2483,1799,406,175,92,11
310M200US47020,47020,"Victoria, TX Metro Area",374,290,76,8,0,0
310M200US47220,47220,"Vineland-Bridgeton, NJ Metro Area",1424,1340,62,20,2,0
310M200US47260,47260,"Virginia Beach-Norfolk-Newport News, VA-NC Metro Area",5466,4358,397,346,294,71
310M200US47300,47300,"Visalia-Porterville, CA Metro Area",5651,4759,739,117,32,4
310M200US47380,47380,"Waco, TX Metro Area",1042,958,29,38,11,6
310M200US47460,47460,"Walla Walla, WA Metro Area",721,598,23,65,27,8
310M200US47580,47580,"Warner Robins, GA Metro Area",174,159,0,5,10,0
310M200US47900,47900,"Washington-Arlington-Alexandria, DC-VA-MD-WV Metro Area",20279,17234,1267,828,783,167
310M200US47940,47940,"Waterloo-Cedar Falls, IA Metro Area",257,149,49,20,39,0
310M200US48060,48060,"Watertown-Fort Drum, NY Metro Area",512,281,113,24,81,13
310M200US48140,48140,"Wausau, WI Metro Area",352,263,60,27,2,0
310M200US48260,48260,"Weirton-Steubenville, WV-OH Metro Area",186,153,23,0,10,0
310M200US48300,48300,"Wenatchee, WA Metro Area",1315,1141,13,94,34,33
310M200US48540,48540,"Wheeling, WV-OH Metro Area",172,91,35,46,0,0
310M200US48620,48620,"Wichita, KS Metro Area",5351,4333,582,355,81,0
310M200US48660,48660,"Wichita Falls, TX Metro Area",1134,860,159,0,84,31
310M200US48700,48700,"Williamsport, PA Metro Area",185,183,0,2,0,0
310M200US48900,48900,"Wilmington, NC Metro Area",1080,833,95,80,57,15
310M200US49020,49020,"Winchester, VA-WV Metro Area",146,122,16,8,0,0
310M200US49180,49180,"Winston-Salem, NC Metro Area",1974,1865,74,17,18,0
310M200US49340,49340,"Worcester, MA-CT Metro Area",1999,1547,225,181,33,13
310M200US49420,49420,"Yakima, WA Metro Area",9516,8490,825,185,16,0
310M200US49620,49620,"York-Hanover, PA Metro Area",598,511,54,19,14,0
310M200US49660,49660,"Youngstown-Warren-Boardman, OH-PA Metro Area",806,771,23,0,12,0
310M200US49700,49700,"Yuba City, CA Metro Area",2429,1850,376,117,77,9
310M200US49740,49740,"Yuma, AZ Metro Area",2684,2260,225,179,20,0
