GEO.id,GEO.id2,GEO.display-label,HD01_VD01,HD01_VD02,HD01_VD03,HD01_VD04,HD01_VD05,HD01_VD06
Id,Id2,Geography,Estimate; Total:,Estimate; Total: - Same house 1 year ago,Estimate; Total: - Moved within same county,Estimate; Total: - Moved from different county within same state,Estimate; Total: - Moved from different state,Estimate; Total: - Moved from abroad
310M300US10180,10180,"Abilene, TX Metro Area",13378,9004,2355,1542,345,132
310M300US10420,10420,"Akron, OH Metro Area",83196,70846,8536,2722,919,173
310M300US10500,10500,"Albany, GA Metro Area",80730,67329,8063,4019,1185,134
310M300US10540,10540,"Albany, OR Metro Area",588,488,64,25,11,0
310M300US10580,10580,"Albany-Schenectady-Troy, NY Metro Area",67052,54344,7006,4362,1018,322
310M300US10740,10740,"Albuquerque, NM Metro Area",23402,17746,3758,680,1162,56
310M300US10780,10780,"Alexandria, LA Metro Area",45134,38284,5043,850,911,46
310M300US10900,10900,"Allentown-Bethlehem-Easton, PA-NJ Metro Area",44378,34185,5622,2342,2031,198
310M300US11020,11020,"Altoona, PA Metro Area",2011,1687,84,184,56,0
310M300US11100,11100,"Amarillo, TX Metro Area",15143,11025,2258,1614,246,0
310M300US11180,11180,"Ames, IA Metro Area",2085,797,473,254,403,158
310M300US11260,11260,"Anchorage, AK Metro Area",17721,12898,3127,468,1102,126
310M300US11460,11460,"Ann Arbor, MI Metro Area",42596,31245,7361,2401,1269,320
310M300US11500,11500,"Anniston-Oxford-Jacksonville, AL Metro Area",23448,18068,3967,886,527,0
310M300US11540,11540,"Appleton, WI Metro Area",2499,1897,173,285,138,6
310M300US11700,11700,"Asheville, NC Metro Area",20109,16135,1991,694,1213,76
310M300US12020,12020,"Athens-Clarke County, GA Metro Area",39753,32226,4122,2680,661,64
310M300US12060,12060,"Atlanta-Sandy Springs-Roswell, GA Metro Area",1855140,1495517,181222,111004,59574,7823
310M300US12100,12100,"Atlantic City-Hammonton, NJ Metro Area",42217,34684,5451,1051,946,85
310M300US12220,12220,"Auburn-Opelika, AL Metro Area",35378,28313,4196,1461,1332,76
310M300US12260,12260,"Augusta-Richmond County, GA-SC Metro Area",205525,175157,17682,6005,5749,932
310M300US12420,12420,"Austin-Round Rock, TX Metro Area",140525,108677,17269,9773,3763,1043
310M300US12540,12540,"Bakersfield, CA Metro Area",47699,34334,7425,4500,969,471
310M300US12580,12580,"Baltimore-Columbia-Towson, MD Metro Area",796979,672406,80091,29857,11345,3280
310M300US12620,12620,"Bangor, ME Metro Area",1164,693,82,61,299,29
310M300US12700,12700,"Barnstable Town, MA Metro Area",5611,4384,905,43,204,75
310M300US12940,12940,"Baton Rouge, LA Metro Area",289561,247066,29601,9345,3326,223
310M300US12980,12980,"Battle Creek, MI Metro Area",14372,10886,2507,708,263,8
310M300US13020,13020,"Bay City, MI Metro Area",1586,1138,261,147,28,12
310M300US13140,13140,"Beaumont-Port Arthur, TX Metro Area",97245,80452,12297,3477,888,131
310M300US13220,13220,"Beckley, WV Metro Area",8457,7275,536,212,414,20
310M300US13380,13380,"Bellingham, WA Metro Area",2055,1416,477,34,103,25
310M300US13460,13460,"Bend-Redmond, OR Metro Area",824,754,4,17,49,0
310M300US13740,13740,"Billings, MT Metro Area",1035,734,161,69,27,44
310M300US13780,13780,"Binghamton, NY Metro Area",11214,7707,2279,980,221,27
310M300US13820,13820,"Birmingham-Hoover, AL Metro Area",321346,264913,43565,7946,4329,593
310M300US13900,13900,"Bismarck, ND Metro Area",1337,451,238,332,290,26
310M300US13980,13980,"Blacksburg-Christiansburg-Radford, VA Metro Area",8528,6621,813,925,151,18
310M300US14010,14010,"Bloomington, IL Metro Area",14107,10753,1855,1120,311,68
310M300US14020,14020,"Bloomington, IN Metro Area",4508,2357,1061,609,469,12
310M300US14100,14100,"Bloomsburg-Berwick, PA Metro Area",1556,1147,151,235,23,0
310M300US14260,14260,"Boise City, ID Metro Area",6111,3922,976,110,661,442
310M300US14460,14460,"Boston-Cambridge-Newton, MA-NH Metro Area",370963,313681,33302,12155,6316,5509
310M300US14500,14500,"Boulder, CO Metro Area",2876,1944,451,167,255,59
310M300US14540,14540,"Bowling Green, KY Metro Area",11582,8332,1617,862,644,127
310M300US14740,14740,"Bremerton-Silverdale, WA Metro Area",6200,4533,626,303,696,42
310M300US14860,14860,"Bridgeport-Stamford-Norwalk, CT Metro Area",106101,89959,11756,1270,2230,886
310M300US15180,15180,"Brownsville-Harlingen, TX Metro Area",2305,1745,285,111,91,73
310M300US15260,15260,"Brunswick, GA Metro Area",26059,21101,3485,1104,248,121
310M300US15380,15380,"Buffalo-Cheektowaga-Niagara Falls, NY Metro Area",136549,114805,17106,2753,1197,688
310M300US15500,15500,"Burlington, NC Metro Area",28823,23628,3235,1183,752,25
310M300US15540,15540,"Burlington-South Burlington, VT Metro Area",4202,2751,1017,247,175,12
310M300US15680,15680,"California-Lexington Park, MD Metro Area",15336,11948,1827,916,574,71
310M300US15940,15940,"Canton-Massillon, OH Metro Area",27099,21744,4378,632,325,20
310M300US15980,15980,"Cape Coral-Fort Myers, FL Metro Area",57781,45654,8045,2058,1371,653
310M300US16020,16020,"Cape Girardeau, MO-IL Metro Area",8265,6444,909,717,149,46
310M300US16060,16060,"Carbondale-Marion, IL Metro Area",11325,7073,2508,1390,338,16
310M300US16180,16180,"Carson City, NV Metro Area",585,463,5,107,10,0
310M300US16220,16220,"Casper, WY Metro Area",964,785,66,11,47,55
310M300US16300,16300,"Cedar Rapids, IA Metro Area",10622,7916,1146,399,1022,139
310M300US16540,16540,"Chambersburg-Waynesboro, PA Metro Area",5788,4250,653,221,664,0
310M300US16580,16580,"Champaign-Urbana, IL Metro Area",25831,19339,3994,1699,483,316
310M300US16620,16620,"Charleston, WV Metro Area",9913,7782,1404,208,496,23
310M300US16700,16700,"Charleston-North Charleston, SC Metro Area",190750,162770,16027,8294,3233,426
310M300US16740,16740,"Charlotte-Concord-Gastonia, NC-SC Metro Area",522854,422616,66936,14256,17396,1650
310M300US16820,16820,"Charlottesville, VA Metro Area",30608,25452,1407,2934,765,50
310M300US16860,16860,"Chattanooga, TN-GA Metro Area",73831,61762,9141,1247,1513,168
310M300US16940,16940,"Cheyenne, WY Metro Area",2760,2221,266,78,195,0
310M300US16980,16980,"Chicago-Naperville-Elgin, IL-IN-WI Metro Area",1587530,1338195,191080,24752,28598,4905
310M300US17020,17020,"Chico, CA Metro Area",3362,2391,607,224,4,136
310M300US17140,17140,"Cincinnati, OH-KY-IN Metro Area",259082,203976,42068,6985,5208,845
310M300US17300,17300,"Clarksville, TN-KY Metro Area",52263,40147,6865,814,3884,553
310M300US17420,17420,"Cleveland, TN Metro Area",4895,3491,903,382,119,0
310M300US17460,17460,"Cleveland-Elyria, OH Metro Area",407243,328739,66968,6412,4348,776
310M300US17660,17660,"Coeur d'Alene, ID Metro Area",554,439,41,25,43,6
310M300US17780,17780,"College Station-Bryan, TX Metro Area",27280,19453,5139,2118,528,42
310M300US17820,17820,"Colorado Springs, CO Metro Area",40414,28174,7013,843,2966,1418
310M300US17860,17860,"Columbia, MO Metro Area",13954,9729,2383,1051,613,178
310M300US17900,17900,"Columbia, SC Metro Area",262953,215495,25184,12532,9252,490
310M300US17980,17980,"Columbus, GA-AL Metro Area",123736,97978,15980,3460,5920,398
310M300US18020,18020,"Columbus, IN Metro Area",1505,1192,117,96,81,19
310M300US18140,18140,"Columbus, OH Metro Area",291847,230682,45644,8194,5295,2032
310M300US18580,18580,"Corpus Christi, TX Metro Area",15487,11386,2435,949,648,69
310M300US18700,18700,"Corvallis, OR Metro Area",860,537,123,127,73,0
310M300US18880,18880,"Crestview-Fort Walton Beach-Destin, FL Metro Area",21591,16459,2135,1369,1491,137
310M300US19060,19060,"Cumberland, MD-WV Metro Area",6909,4920,577,1014,384,14
310M300US19100,19100,"Dallas-Fort Worth-Arlington, TX Metro Area",1049937,833767,142279,41374,26697,5820
310M300US19140,19140,"Dalton, GA Metro Area",4291,3480,565,164,74,8
310M300US19180,19180,"Danville, IL Metro Area",10737,8660,1425,488,164,0
310M300US19300,19300,"Daphne-Fairhope-Foley, AL Metro Area",18344,16144,1258,562,298,82
310M300US19340,19340,"Davenport-Moline-Rock Island, IA-IL Metro Area",27684,22839,3013,983,766,83
310M300US19380,19380,"Dayton, OH Metro Area",122097,94253,20651,4177,2621,395
310M300US19460,19460,"Decatur, AL Metro Area",18305,14343,2846,890,211,15
310M300US19500,19500,"Decatur, IL Metro Area",15074,10795,3462,549,252,16
310M300US19660,19660,"Deltona-Daytona Beach-Ormond Beach, FL Metro Area",64534,54552,5145,2660,1959,218
310M300US19740,19740,"Denver-Aurora-Lakewood, CO Metro Area",152901,119440,15442,11312,5167,1540
310M300US19780,19780,"Des Moines-West Des Moines, IA Metro Area",30062,20486,5730,1696,1970,180
310M300US19820,19820,"Detroit-Warren-Dearborn, MI Metro Area",948870,780988,125508,32151,8505,1718
310M300US20020,20020,"Dothan, AL Metro Area",34628,29710,3260,1073,513,72
310M300US20100,20100,"Dover, DE Metro Area",41510,34171,3673,1039,2438,189
310M300US20220,20220,"Dubuque, IA Metro Area",2414,1230,493,84,564,43
310M300US20260,20260,"Duluth, MN-WI Metro Area",4041,2671,725,348,272,25
310M300US20500,20500,"Durham-Chapel Hill, NC Metro Area",143996,114423,19070,7293,2699,511
310M300US20700,20700,"East Stroudsburg, PA Metro Area",23142,19988,1435,560,1021,138
310M300US20740,20740,"Eau Claire, WI Metro Area",1665,1029,200,326,86,24
310M300US20940,20940,"El Centro, CA Metro Area",4856,4246,265,324,19,2
310M300US21060,21060,"Elizabethtown-Fort Knox, KY Metro Area",13824,9721,1600,702,1493,308
310M300US21140,21140,"Elkhart-Goshen, IN Metro Area",11132,8909,1613,486,124,0
310M300US21300,21300,"Elmira, NY Metro Area",5131,3719,686,693,33,0
310M300US21340,21340,"El Paso, TX Metro Area",28832,20444,3307,753,2770,1558
310M300US21420,21420,"Enid, OK Metro Area",1922,1493,183,34,201,11
310M300US21500,21500,"Erie, PA Metro Area",19632,15588,2872,697,325,150
310M300US21660,21660,"Eugene, OR Metro Area",3846,2365,999,137,310,35
310M300US21780,21780,"Evansville, IN-KY Metro Area",20776,16694,2937,586,464,95
310M300US21820,21820,"Fairbanks, AK Metro Area",4171,2779,491,86,687,128
310M300US22020,22020,"Fargo, ND-MN Metro Area",7402,4800,533,233,1667,169
310M300US22140,22140,"Farmington, NM Metro Area",518,464,3,0,51,0
310M300US22180,22180,"Fayetteville, NC Metro Area",135498,108548,16418,4367,5237,928
310M300US22220,22220,"Fayetteville-Springdale-Rogers, AR-MO Metro Area",11560,7299,1800,1172,1080,209
310M300US22380,22380,"Flagstaff, AZ Metro Area",2119,1099,467,241,312,0
310M300US22420,22420,"Flint, MI Metro Area",82559,66434,13268,1324,1405,128
310M300US22500,22500,"Florence, SC Metro Area",84941,72305,8854,2897,841,44
310M300US22520,22520,"Florence-Muscle Shoals, AL Metro Area",17589,14798,1376,871,485,59
310M300US22540,22540,"Fond du Lac, WI Metro Area",1187,621,319,135,96,16
310M300US22660,22660,"Fort Collins, CO Metro Area",2875,2014,492,178,178,13
310M300US22900,22900,"Fort Smith, AR-OK Metro Area",11006,8666,1592,414,305,29
310M300US23060,23060,"Fort Wayne, IN Metro Area",41787,32433,8019,550,703,82
310M300US23420,23420,"Fresno, CA Metro Area",47613,37469,7574,2114,332,124
310M300US23460,23460,"Gadsden, AL Metro Area",15791,12790,2070,514,366,51
310M300US23540,23540,"Gainesville, FL Metro Area",51333,40963,6980,2730,498,162
310M300US23580,23580,"Gainesville, GA Metro Area",13951,11355,1437,769,279,111
310M300US23900,23900,"Gettysburg, PA Metro Area",1461,1209,98,69,85,0
310M300US24020,24020,"Glens Falls, NY Metro Area",2787,1734,145,886,22,0
310M300US24140,24140,"Goldsboro, NC Metro Area",37947,29949,5375,1925,605,93
310M300US24220,24220,"Grand Forks, ND-MN Metro Area",2319,1683,315,45,258,18
310M300US24260,24260,"Grand Island, NE Metro Area",1468,819,286,111,141,111
310M300US24300,24300,"Grand Junction, CO Metro Area",1035,666,141,91,137,0
310M300US24340,24340,"Grand Rapids-Wyoming, MI Metro Area",65222,48696,12144,2775,1029,578
310M300US24420,24420,"Grants Pass, OR Metro Area",307,162,77,3,65,0
310M300US24500,24500,"Great Falls, MT Metro Area",983,609,141,58,93,82
310M300US24540,24540,"Greeley, CO Metro Area",3067,1923,504,342,289,9
310M300US24580,24580,"Green Bay, WI Metro Area",5923,3733,1061,207,857,65
310M300US24660,24660,"Greensboro-High Point, NC Metro Area",195022,163869,20095,6998,3229,831
310M300US24780,24780,"Greenville, NC Metro Area",59860,45105,9893,3299,1430,133
310M300US24860,24860,"Greenville-Anderson-Mauldin, SC Metro Area",142422,118797,16076,4721,2491,337
310M300US25060,25060,"Gulfport-Biloxi-Pascagoula, MS Metro Area",81513,65259,9598,2951,3637,68
310M300US25180,25180,"Hagerstown-Martinsburg, MD-WV Metro Area",23298,17036,2824,1979,1282,177
310M300US25220,25220,"Hammond, LA Metro Area",36803,30213,4577,1429,578,6
310M300US25260,25260,"Hanford-Corcoran, CA Metro Area",9578,6926,799,1324,454,75
310M300US25420,25420,"Harrisburg-Carlisle, PA Metro Area",58076,44776,7813,3548,1596,343
310M300US25500,25500,"Harrisonburg, VA Metro Area",5141,3581,440,437,437,246
310M300US25540,25540,"Hartford-West Hartford-East Hartford, CT Metro Area",131837,111119,13627,3448,2741,902
310M300US25620,25620,"Hattiesburg, MS Metro Area",41915,32821,5213,3427,435,19
310M300US25860,25860,"Hickory-Lenoir-Morganton, NC Metro Area",24589,20772,1713,1593,402,109
310M300US25940,25940,"Hilton Head Island-Bluffton-Beaufort, SC Metro Area",43805,37004,3241,1254,2224,82
310M300US25980,25980,"Hinesville, GA Metro Area",29847,22487,3711,1370,1745,534
310M300US26140,26140,"Homosassa Springs, FL Metro Area",4196,3547,205,323,72,49
310M300US26300,26300,"Hot Springs, AR Metro Area",7876,5522,1446,636,258,14
310M300US26380,26380,"Houma-Thibodaux, LA Metro Area",33955,29934,2469,1203,273,76
310M300US26420,26420,"Houston-The Woodlands-Sugar Land, TX Metro Area",1100507,879016,153427,35600,24580,7884
310M300US26580,26580,"Huntington-Ashland, WV-KY-OH Metro Area",8780,6670,1015,451,613,31
310M300US26620,26620,"Huntsville, AL Metro Area",94938,76321,12548,3257,2510,302
310M300US26820,26820,"Idaho Falls, ID Metro Area",525,361,141,1,0,22
310M300US26900,26900,"Indianapolis-Carmel-Anderson, IN Metro Area",288703,232642,40907,7375,6280,1499
310M300US26980,26980,"Iowa City, IA Metro Area",8751,5538,1867,448,634,264
310M300US27060,27060,"Ithaca, NY Metro Area",4166,2919,224,419,521,83
310M300US27100,27100,"Jackson, MI Metro Area",13211,9584,1985,1539,54,49
310M300US27140,27140,"Jackson, MS Metro Area",279691,237845,27810,9973,3655,408
310M300US27180,27180,"Jackson, TN Metro Area",39488,34183,3514,911,829,51
310M300US27260,27260,"Jacksonville, FL Metro Area",300887,235331,49274,7576,7560,1146
310M300US27340,27340,"Jacksonville, NC Metro Area",27588,19853,4117,749,2564,305
310M300US27500,27500,"Janesville-Beloit, WI Metro Area",5502,4210,1032,56,188,16
310M300US27620,27620,"Jefferson City, MO Metro Area",11057,7449,1737,1671,175,25
310M300US27740,27740,"Johnson City, TN Metro Area",5678,4359,799,320,137,63
310M300US27780,27780,"Johnstown, PA Metro Area",4535,3135,450,522,387,41
310M300US27860,27860,"Jonesboro, AR Metro Area",15401,10085,3814,1108,342,52
310M300US27900,27900,"Joplin, MO Metro Area",3107,2370,360,253,108,16
310M300US27980,27980,"Kahului-Wailuku-Lahaina, HI Metro Area",846,630,186,28,2,0
310M300US28020,28020,"Kalamazoo-Portage, MI Metro Area",30288,22062,5677,1437,891,221
310M300US28100,28100,"Kankakee, IL Metro Area",16677,14741,1143,530,256,7
310M300US28140,28140,"Kansas City, MO-KS Metro Area",255676,204346,35969,6120,8280,961
310M300US28420,28420,"Kennewick-Richland, WA Metro Area",4675,3401,524,598,53,99
310M300US28660,28660,"Killeen-Temple, TX Metro Area",84473,62668,11957,3616,5040,1192
310M300US28700,28700,"Kingsport-Bristol-Bristol, TN-VA Metro Area",5665,3886,845,374,473,87
310M300US28740,28740,"Kingston, NY Metro Area",10626,8245,907,1297,102,75
310M300US28940,28940,"Knoxville, TN Metro Area",48988,39607,6042,2119,1041,179
310M300US29020,29020,"Kokomo, IN Metro Area",5750,4606,707,242,185,10
310M300US29100,29100,"La Crosse-Onalaska, WI-MN Metro Area",1521,934,262,167,143,15
310M300US29180,29180,"Lafayette, LA Metro Area",116572,96410,14878,3954,1124,206
310M300US29200,29200,"Lafayette-West Lafayette, IN Metro Area",8613,5561,1761,347,859,85
310M300US29340,29340,"Lake Charles, LA Metro Area",48561,38296,7993,1249,1004,19
310M300US29420,29420,"Lake Havasu City-Kingman, AZ Metro Area",2083,1523,115,182,263,0
310M300US29460,29460,"Lakeland-Winter Haven, FL Metro Area",95222,79404,10956,2963,1623,276
310M300US29540,29540,"Lancaster, PA Metro Area",21602,16765,3042,838,625,332
310M300US29620,29620,"Lansing-East Lansing, MI Metro Area",39401,27656,6205,4334,1055,151
310M300US29700,29700,"Laredo, TX Metro Area",1040,838,14,38,127,23
310M300US29740,29740,"Las Cruces, NM Metro Area",3589,2719,528,117,210,15
310M300US29820,29820,"Las Vegas-Henderson-Paradise, NV Metro Area",225322,161531,48387,411,14132,861
310M300US29940,29940,"Lawrence, KS Metro Area",4391,3211,495,318,333,34
310M300US30020,30020,"Lawton, OK Metro Area",21341,13812,3920,1121,2335,153
310M300US30140,30140,"Lebanon, PA Metro Area",2800,2314,324,92,22,48
310M300US30300,30300,"Lewiston, ID-WA Metro Area",217,187,9,17,4,0
310M300US30340,30340,"Lewiston-Auburn, ME Metro Area",1874,1227,280,38,216,113
310M300US30460,30460,"Lexington-Fayette, KY Metro Area",53879,39261,10168,2211,1732,507
310M300US30620,30620,"Lima, OH Metro Area",12253,9676,1989,328,252,8
310M300US30700,30700,"Lincoln, NE Metro Area",11757,8146,2543,555,425,88
310M300US30780,30780,"Little Rock-North Little Rock-Conway, AR Metro Area",164235,131728,25579,3956,2784,188
310M300US30860,30860,"Logan, UT-ID Metro Area",950,575,273,52,48,2
310M300US30980,30980,"Longview, TX Metro Area",37087,27497,5788,3460,298,44
310M300US31020,31020,"Longview, WA Metro Area",634,541,43,9,31,10
310M300US31080,31080,"Los Angeles-Long Beach-Anaheim, CA Metro Area",872775,744686,100103,12915,11889,3182
310M300US31140,31140,"Louisville/Jefferson County, KY-IN Metro Area",175637,144985,24143,3016,3079,414
310M300US31180,31180,"Lubbock, TX Metro Area",21339,13587,4767,2147,568,270
310M300US31340,31340,"Lynchburg, VA Metro Area",43503,37196,3573,1745,859,130
310M300US31420,31420,"Macon-Bibb County, GA Metro Area",101336,82677,13249,4371,942,97
310M300US31460,31460,"Madera, CA Metro Area",5068,4296,172,600,0,0
310M300US31540,31540,"Madison, WI Metro Area",27343,19646,5178,943,1377,199
310M300US31700,31700,"Manchester-Nashua, NH Metro Area",9349,6785,1693,94,639,138
310M300US31740,31740,"Manhattan, KS Metro Area",5022,3506,201,435,567,313
310M300US31860,31860,"Mankato-North Mankato, MN Metro Area",3006,2154,320,288,161,83
310M300US31900,31900,"Mansfield, OH Metro Area",9131,6917,1144,996,74,0
310M300US32580,32580,"McAllen-Edinburg-Mission, TX Metro Area",4816,3573,337,829,67,10
310M300US32780,32780,"Medford, OR Metro Area",1414,1001,229,49,128,7
310M300US32820,32820,"Memphis, TN-MS-AR Metro Area",615813,507769,85463,6982,14532,1067
310M300US32900,32900,"Merced, CA Metro Area",8828,6197,1355,1207,60,9
310M300US33100,33100,"Miami-Fort Lauderdale-West Palm Beach, FL Metro Area",1252370,1054626,145102,24576,15275,12791
310M300US33140,33140,"Michigan City-La Porte, IN Metro Area",11985,8442,1643,1457,432,11
310M300US33220,33220,"Midland, MI Metro Area",1216,833,149,117,106,11
310M300US33260,33260,"Midland, TX Metro Area",9680,7234,1313,752,332,49
310M300US33340,33340,"Milwaukee-Waukesha-West Allis, WI Metro Area",257169,197402,52491,2989,3855,432
310M300US33460,33460,"Minneapolis-St. Paul-Bloomington, MN-WI Metro Area",265842,204984,35432,14113,7994,3319
310M300US33540,33540,"Missoula, MT Metro Area",483,339,119,18,7,0
310M300US33660,33660,"Mobile, AL Metro Area",144445,122803,18064,1103,2301,174
310M300US33700,33700,"Modesto, CA Metro Area",14398,11618,1600,939,210,31
310M300US33740,33740,"Monroe, LA Metro Area",62963,54319,5400,2761,438,45
310M300US33780,33780,"Monroe, MI Metro Area",3410,2518,465,228,199,0
310M300US33860,33860,"Montgomery, AL Metro Area",162494,125489,24938,8322,3495,250
310M300US34060,34060,"Morgantown, WV Metro Area",5494,3951,445,249,664,185
310M300US34100,34100,"Morristown, TN Metro Area",3721,2657,602,130,332,0
310M300US34580,34580,"Mount Vernon-Anacortes, WA Metro Area",921,637,92,99,82,11
310M300US34620,34620,"Muncie, IN Metro Area",6987,4645,1529,688,119,6
310M300US34740,34740,"Muskegon, MI Metro Area",23380,17068,4389,1358,474,91
310M300US34820,34820,"Myrtle Beach-Conway-North Myrtle Beach, SC-NC Metro Area",53028,43575,6117,1546,1639,151
310M300US34900,34900,"Napa, CA Metro Area",2899,2406,236,246,10,1
310M300US34940,34940,"Naples-Immokalee-Marco Island, FL Metro Area",24059,20429,2323,829,221,257
310M300US34980,34980,"Nashville-Davidson--Murfreesboro--Franklin, TN Metro Area",269986,219801,34592,8699,6045,849
310M300US35100,35100,"New Bern, NC Metro Area",27568,22570,2195,1965,793,45
310M300US35300,35300,"New Haven-Milford, CT Metro Area",109873,92547,12390,2158,2111,667
310M300US35380,35380,"New Orleans-Metairie, LA Metro Area",430950,373529,36203,13705,6794,719
310M300US35620,35620,"New York-Newark-Jersey City, NY-NJ-PA Metro Area",3390493,3078432,189046,74215,30685,18115
310M300US35660,35660,"Niles-Benton Harbor, MI Metro Area",22586,17434,3579,494,957,122
310M300US35840,35840,"North Port-Sarasota-Bradenton, FL Metro Area",48827,38734,5737,3031,1221,104
310M300US35980,35980,"Norwich-New London, CT Metro Area",15339,12210,1609,613,784,123
310M300US36100,36100,"Ocala, FL Metro Area",42646,34551,4917,2088,983,107
310M300US36140,36140,"Ocean City, NJ Metro Area",4310,3860,146,205,99,0
310M300US36220,36220,"Odessa, TX Metro Area",6464,4510,576,1158,146,74
310M300US36260,36260,"Ogden-Clearfield, UT Metro Area",7059,5968,459,304,266,62
310M300US36420,36420,"Oklahoma City, OK Metro Area",134048,103000,21298,4689,4436,625
310M300US36500,36500,"Olympia-Tumwater, WA Metro Area",7883,5853,960,527,234,309
310M300US36540,36540,"Omaha-Council Bluffs, NE-IA Metro Area",68346,54574,9958,1442,1891,481
310M300US36740,36740,"Orlando-Kissimmee-Sanford, FL Metro Area",374398,299558,44623,17232,9758,3227
310M300US36780,36780,"Oshkosh-Neenah, WI Metro Area",3517,2184,583,629,121,0
310M300US36980,36980,"Owensboro, KY Metro Area",4684,3442,788,227,123,104
310M300US37100,37100,"Oxnard-Thousand Oaks-Ventura, CA Metro Area",14734,11882,1585,813,408,46
310M300US37340,37340,"Palm Bay-Melbourne-Titusville, FL Metro Area",56519,47007,6347,1298,1584,283
310M300US37460,37460,"Panama City, FL Metro Area",21828,17029,2778,1055,771,195
310M300US37620,37620,"Parkersburg-Vienna, WV Metro Area",1013,860,71,25,47,10
310M300US37860,37860,"Pensacola-Ferry Pass-Brent, FL Metro Area",75760,62319,8085,2685,2385,286
310M300US37900,37900,"Peoria, IL Metro Area",33510,26901,4913,932,709,55
310M300US37980,37980,"Philadelphia-Camden-Wilmington, PA-NJ-DE-MD Metro Area",1249782,1085538,112554,25750,20008,5932
310M300US38060,38060,"Phoenix-Mesa-Scottsdale, AZ Metro Area",230922,173825,39206,3893,12260,1738
310M300US38220,38220,"Pine Bluff, AR Metro Area",45388,40027,3787,977,469,128
310M300US38300,38300,"Pittsburgh, PA Metro Area",189984,154220,26727,4409,3852,776
310M300US38340,38340,"Pittsfield, MA Metro Area",3368,2544,452,97,216,59
310M300US38540,38540,"Pocatello, ID Metro Area",529,303,107,35,25,59
310M300US38860,38860,"Portland-South Portland, ME Metro Area",9625,7333,971,131,487,703
310M300US38900,38900,"Portland-Vancouver-Hillsboro, OR-WA Metro Area",65354,50659,9213,1828,2851,803
310M300US38940,38940,"Port St. Lucie, FL Metro Area",64952,54605,5472,3107,693,1075
310M300US39140,39140,"Prescott, AZ Metro Area",1159,668,235,124,101,31
310M300US39300,39300,"Providence-Warwick, RI-MA Metro Area",88416,71133,10872,2419,3024,968
310M300US39340,39340,"Provo-Orem, UT Metro Area",3260,2348,354,275,165,118
310M300US39380,39380,"Pueblo, CO Metro Area",3608,3026,369,104,102,7
310M300US39460,39460,"Punta Gorda, FL Metro Area",9659,8091,492,578,290,208
310M300US39540,39540,"Racine, WI Metro Area",21281,16821,3070,1029,354,7
310M300US39580,39580,"Raleigh, NC Metro Area",246729,201474,28230,10618,5379,1028
310M300US39660,39660,"Rapid City, SD Metro Area",1839,1076,187,174,325,77
310M300US39740,39740,"Reading, PA Metro Area",19694,15049,3217,931,497,0
310M300US39820,39820,"Redding, CA Metro Area",1735,1263,238,113,121,0
310M300US39900,39900,"Reno, NV Metro Area",10080,7490,1329,346,879,36
310M300US40060,40060,"Richmond, VA Metro Area",372464,307606,32946,24260,6699,953
310M300US40140,40140,"Riverside-San Bernardino-Ontario, CA Metro Area",321977,258156,39234,17372,6110,1105
310M300US40220,40220,"Roanoke, VA Metro Area",40505,31023,5602,2537,1233,110
310M300US40340,40340,"Rochester, MN Metro Area",7849,6167,803,280,382,217
310M300US40380,40380,"Rochester, NY Metro Area",123142,96069,21516,2818,1971,768
310M300US40420,40420,"Rockford, IL Metro Area",36615,27510,6921,1261,741,182
310M300US40580,40580,"Rocky Mount, NC Metro Area",66897,56384,5074,4565,789,85
310M300US40660,40660,"Rome, GA Metro Area",13758,10578,1621,1360,187,12
310M300US40900,40900,"Sacramento--Roseville--Arden-Arcade, CA Metro Area",157050,120884,25901,7118,2693,454
310M300US40980,40980,"Saginaw, MI Metro Area",35532,28466,5239,1219,544,64
310M300US41060,41060,"St. Cloud, MN Metro Area",7836,4990,1529,467,526,324
310M300US41100,41100,"St. George, UT Metro Area",968,859,68,15,17,9
310M300US41140,41140,"St. Joseph, MO-KS Metro Area",6422,4262,948,1006,203,3
310M300US41180,41180,"St. Louis, MO-IL Metro Area",506475,412400,63612,19264,10147,1052
310M300US41420,41420,"Salem, OR Metro Area",4310,2852,530,390,387,151
310M300US41500,41500,"Salinas, CA Metro Area",11281,9120,730,1108,274,49
310M300US41540,41540,"Salisbury, MD-DE Metro Area",68209,56149,6409,3409,1996,246
310M300US41620,41620,"Salt Lake City, UT Metro Area",18446,13862,2734,382,1032,436
310M300US41660,41660,"San Angelo, TX Metro Area",4965,3461,389,491,624,0
310M300US41700,41700,"San Antonio-New Braunfels, TX Metro Area",154393,120995,20821,5310,6111,1156
310M300US41740,41740,"San Diego-Carlsbad, CA Metro Area",162061,132615,20377,2418,5347,1304
310M300US41860,41860,"San Francisco-Oakland-Hayward, CA Metro Area",345811,293789,32076,13279,5007,1660
310M300US41940,41940,"San Jose-Sunnyvale-Santa Clara, CA Metro Area",48142,38784,5962,1927,1155,314
310M300US42020,42020,"San Luis Obispo-Paso Robles-Arroyo Grande, CA Metro Area",5460,3767,534,959,40,160
310M300US42100,42100,"Santa Cruz-Watsonville, CA Metro Area",2345,1709,288,261,30,57
310M300US42140,42140,"Santa Fe, NM Metro Area",1142,850,93,70,116,13
310M300US42200,42200,"Santa Maria-Santa Barbara, CA Metro Area",8819,6856,1108,450,321,84
310M300US42220,42220,"Santa Rosa, CA Metro Area",7779,6056,1112,257,130,224
310M300US42340,42340,"Savannah, GA Metro Area",123265,98987,16411,4281,3369,217
310M300US42540,42540,"Scranton--Wilkes-Barre--Hazleton, PA Metro Area",18949,12703,3401,1470,1178,197
310M300US42660,42660,"Seattle-Tacoma-Bellevue, WA Metro Area",201094,159356,26277,5032,7232,3197
310M300US42680,42680,"Sebastian-Vero Beach, FL Metro Area",13105,10702,1425,788,129,61
310M300US42700,42700,"Sebring, FL Metro Area",9733,7781,1346,178,254,174
310M300US43100,43100,"Sheboygan, WI Metro Area",1725,1187,226,273,35,4
310M300US43300,43300,"Sherman-Denison, TX Metro Area",7099,5333,1135,221,410,0
310M300US43340,43340,"Shreveport-Bossier City, LA Metro Area",171472,149782,15590,4264,1565,271
310M300US43420,43420,"Sierra Vista-Douglas, AZ Metro Area",4974,3884,289,366,413,22
310M300US43580,43580,"Sioux City, IA-NE-SD Metro Area",4179,3361,609,107,73,29
310M300US43620,43620,"Sioux Falls, SD Metro Area",8595,5970,1253,286,566,520
310M300US43780,43780,"South Bend-Mishawaka, IN-MI Metro Area",36438,28719,5484,804,1230,201
310M300US43900,43900,"Spartanburg, SC Metro Area",68700,54576,10496,2510,1043,75
310M300US44060,44060,"Spokane-Spokane Valley, WA Metro Area",8811,6660,1095,350,450,256
310M300US44100,44100,"Springfield, IL Metro Area",24951,17908,4432,1539,959,113
310M300US44140,44140,"Springfield, MA Metro Area",44320,36592,5135,940,1343,310
310M300US44180,44180,"Springfield, MO Metro Area",10273,6942,1963,950,354,64
310M300US44220,44220,"Springfield, OH Metro Area",11008,8709,1724,434,110,31
310M300US44300,44300,"State College, PA Metro Area",6005,3766,766,867,278,328
310M300US44420,44420,"Staunton-Waynesboro, VA Metro Area",8315,6813,298,941,217,46
310M300US44700,44700,"Stockton-Lodi, CA Metro Area",49069,38521,6643,3272,528,105
310M300US44940,44940,"Sumter, SC Metro Area",49629,42478,4624,1462,946,119
310M300US45060,45060,"Syracuse, NY Metro Area",53724,41800,8215,1946,1262,501
310M300US45220,45220,"Tallahassee, FL Metro Area",123049,92584,18117,9701,2179,468
310M300US45300,45300,"Tampa-St. Petersburg-Clearwater, FL Metro Area",345771,280873,46101,9966,6780,2051
310M300US45460,45460,"Terre Haute, IN Metro Area",7299,5103,947,917,246,86
310M300US45500,45500,"Texarkana, TX-AR Metro Area",35907,28745,3408,1422,2274,58
310M300US45540,45540,"The Villages, FL Metro Area",9360,7486,744,746,300,84
310M300US45780,45780,"Toledo, OH Metro Area",85818,63791,17509,2605,1684,229
310M300US45820,45820,"Topeka, KS Metro Area",13728,9859,2799,521,474,75
310M300US45940,45940,"Trenton, NJ Metro Area",74990,63514,7471,2518,1124,363
310M300US46060,46060,"Tucson, AZ Metro Area",34957,23351,7170,1336,2228,872
310M300US46140,46140,"Tulsa, OK Metro Area",75579,59038,11993,2232,2110,206
310M300US46220,46220,"Tuscaloosa, AL Metro Area",78829,66628,7711,2542,1850,98
310M300US46340,46340,"Tyler, TX Metro Area",38445,30628,4987,1905,851,74
310M300US46520,46520,"Urban Honolulu, HI Metro Area",23029,15333,3396,77,3672,551
310M300US46540,46540,"Utica-Rome, NY Metro Area",14615,10173,2415,1582,357,88
310M300US46660,46660,"Valdosta, GA Metro Area",49212,37936,6900,2281,2057,38
310M300US46700,46700,"Vallejo-Fairfield, CA Metro Area",60078,49409,6755,2875,871,168
310M300US47020,47020,"Victoria, TX Metro Area",6434,5314,862,244,14,0
310M300US47220,47220,"Vineland-Bridgeton, NJ Metro Area",30633,25654,2348,2163,330,138
310M300US47260,47260,"Virginia Beach-Norfolk-Newport News, VA-NC Metro Area",519392,415327,53341,33242,15616,1866
310M300US47300,47300,"Visalia-Porterville, CA Metro Area",7196,5753,1178,164,98,3
310M300US47380,47380,"Waco, TX Metro Area",38817,31426,5617,1427,298,49
310M300US47460,47460,"Walla Walla, WA Metro Area",961,645,23,281,12,0
310M300US47580,47580,"Warner Robins, GA Metro Area",59395,47875,7086,3178,1111,145
310M300US47900,47900,"Washington-Arlington-Alexandria, DC-VA-MD-WV Metro Area",1509140,1275586,130906,33796,55756,13096
310M300US47940,47940,"Waterloo-Cedar Falls, IA Metro Area",11782,9722,1506,217,291,46
310M300US48060,48060,"Watertown-Fort Drum, NY Metro Area",6722,3298,985,564,993,882
310M300US48140,48140,"Wausau, WI Metro Area",886,690,101,93,2,0
310M300US48260,48260,"Weirton-Steubenville, WV-OH Metro Area",4799,4073,420,87,215,4
310M300US48300,48300,"Wenatchee, WA Metro Area",522,372,69,43,22,16
310M300US48540,48540,"Wheeling, WV-OH Metro Area",4886,3771,300,540,248,27
310M300US48620,48620,"Wichita, KS Metro Area",47909,38063,7081,770,1561,434
310M300US48660,48660,"Wichita Falls, TX Metro Area",13510,9987,1460,1049,780,234
310M300US48700,48700,"Williamsport, PA Metro Area",5587,4115,942,218,312,0
310M300US48900,48900,"Wilmington, NC Metro Area",39396,33819,3073,1721,592,191
310M300US49020,49020,"Winchester, VA-WV Metro Area",6232,5252,377,383,142,78
310M300US49180,49180,"Winston-Salem, NC Metro Area",114358,92313,14809,5242,1786,208
310M300US49340,49340,"Worcester, MA-CT Metro Area",41082,34561,3729,1211,757,824
310M300US49420,49420,"Yakima, WA Metro Area",2407,1784,479,71,23,50
310M300US49620,49620,"York-Hanover, PA Metro Area",25354,18934,4003,865,1262,290
310M300US49660,49660,"Youngstown-Warren-Boardman, OH-PA Metro Area",58652,47641,7067,2669,1206,69
310M300US49700,49700,"Yuba City, CA Metro Area",4097,3256,310,203,266,62
310M300US49740,49740,"Yuma, AZ Metro Area",4136,2792,584,197,453,110
