GEO.id,GEO.id2,GEO.display-label,HD01_VD01,HD01_VD02,HD01_VD03,HD01_VD04,HD01_VD05,HD01_VD06
Id,Id2,Geography,Estimate; Total:,Estimate; Total: - Same house 1 year ago,Estimate; Total: - Moved within same county,Estimate; Total: - Moved from different county within same state,Estimate; Total: - Moved from different state,Estimate; Total: - Moved from abroad
310M300US10180,10180,"Abilene, TX Metro Area",4892,3532,444,615,191,110
310M300US10420,10420,"Akron, OH Metro Area",18050,14275,2500,732,352,191
310M300US10500,10500,"Albany, GA Metro Area",2647,2066,318,146,117,0
310M300US10540,10540,"Albany, OR Metro Area",4143,3291,453,293,96,10
310M300US10580,10580,"Albany-Schenectady-Troy, NY Metro Area",25369,19684,3205,1389,696,395
310M300US10740,10740,"Albuquerque, NM Metro Area",35899,29602,4084,858,1224,131
310M300US10780,10780,"Alexandria, LA Metro Area",2708,1885,479,55,276,13
310M300US10900,10900,"Allentown-Bethlehem-Easton, PA-NJ Metro Area",22320,18186,2369,658,856,251
310M300US11020,11020,"Altoona, PA Metro Area",2020,1694,213,66,47,0
310M300US11100,11100,"Amarillo, TX Metro Area",8138,6152,1290,444,252,0
310M300US11180,11180,"Ames, IA Metro Area",2665,1453,525,486,191,10
310M300US11260,11260,"Anchorage, AK Metro Area",36698,28474,5866,1105,1106,147
310M300US11460,11460,"Ann Arbor, MI Metro Area",15491,11286,2433,1059,459,254
310M300US11500,11500,"Anniston-Oxford-Jacksonville, AL Metro Area",2578,2026,441,36,75,0
310M300US11540,11540,"Appleton, WI Metro Area",3437,2658,373,229,149,28
310M300US11700,11700,"Asheville, NC Metro Area",8705,7253,879,341,199,33
310M300US12020,12020,"Athens-Clarke County, GA Metro Area",3933,2728,344,637,139,85
310M300US12060,12060,"Atlanta-Sandy Springs-Roswell, GA Metro Area",139422,111675,12578,7953,5874,1342
310M300US12100,12100,"Atlantic City-Hammonton, NJ Metro Area",9249,8047,864,112,190,36
310M300US12220,12220,"Auburn-Opelika, AL Metro Area",2707,1888,382,139,294,4
310M300US12260,12260,"Augusta-Richmond County, GA-SC Metro Area",13337,10796,1063,706,661,111
310M300US12420,12420,"Austin-Round Rock, TX Metro Area",63813,50006,6894,4008,2359,546
310M300US12540,12540,"Bakersfield, CA Metro Area",28742,22488,3876,1587,678,113
310M300US12580,12580,"Baltimore-Columbia-Towson, MD Metro Area",78616,65306,7321,3088,2263,638
310M300US12620,12620,"Bangor, ME Metro Area",2806,2266,322,36,182,0
310M300US12700,12700,"Barnstable Town, MA Metro Area",4204,3428,632,74,58,12
310M300US12940,12940,"Baton Rouge, LA Metro Area",13643,10796,1890,562,318,77
310M300US12980,12980,"Battle Creek, MI Metro Area",4900,3750,955,175,16,4
310M300US13020,13020,"Bay City, MI Metro Area",2454,1942,332,94,86,0
310M300US13140,13140,"Beaumont-Port Arthur, TX Metro Area",6387,5318,507,299,99,164
310M300US13220,13220,"Beckley, WV Metro Area",1595,1363,170,31,31,0
310M300US13380,13380,"Bellingham, WA Metro Area",8835,6916,1391,210,313,5
310M300US13460,13460,"Bend-Redmond, OR Metro Area",4813,4084,426,123,147,33
310M300US13740,13740,"Billings, MT Metro Area",4420,3401,813,110,96,0
310M300US13780,13780,"Binghamton, NY Metro Area",6150,4759,948,246,156,41
310M300US13820,13820,"Birmingham-Hoover, AL Metro Area",17340,14032,1998,697,553,60
310M300US13900,13900,"Bismarck, ND Metro Area",2222,1754,254,88,126,0
310M300US13980,13980,"Blacksburg-Christiansburg-Radford, VA Metro Area",3142,2059,428,439,89,127
310M300US14010,14010,"Bloomington, IL Metro Area",4919,3847,610,312,135,15
310M300US14020,14020,"Bloomington, IN Metro Area",4787,3115,963,388,254,67
310M300US14100,14100,"Bloomsburg-Berwick, PA Metro Area",760,536,132,41,51,0
310M300US14260,14260,"Boise City, ID Metro Area",19912,14851,2843,748,1421,49
310M300US14460,14460,"Boston-Cambridge-Newton, MA-NH Metro Area",146279,121106,13502,4802,3871,2998
310M300US14500,14500,"Boulder, CO Metro Area",9125,6780,1287,365,639,54
310M300US14540,14540,"Bowling Green, KY Metro Area",3238,2043,450,434,267,44
310M300US14740,14740,"Bremerton-Silverdale, WA Metro Area",18062,14089,1808,882,1180,103
310M300US14860,14860,"Bridgeport-Stamford-Norwalk, CT Metro Area",25886,21470,3033,417,744,222
310M300US15180,15180,"Brownsville-Harlingen, TX Metro Area",3573,3006,424,45,26,72
310M300US15260,15260,"Brunswick, GA Metro Area",2478,2150,233,44,39,12
310M300US15380,15380,"Buffalo-Cheektowaga-Niagara Falls, NY Metro Area",25478,20493,3637,784,414,150
310M300US15500,15500,"Burlington, NC Metro Area",3818,2871,633,134,173,7
310M300US15540,15540,"Burlington-South Burlington, VT Metro Area",4539,3843,382,67,210,37
310M300US15680,15680,"California-Lexington Park, MD Metro Area",3471,2629,145,279,339,79
310M300US15940,15940,"Canton-Massillon, OH Metro Area",12158,9125,2120,496,374,43
310M300US15980,15980,"Cape Coral-Fort Myers, FL Metro Area",12301,9746,1474,243,766,72
310M300US16020,16020,"Cape Girardeau, MO-IL Metro Area",1923,1554,200,77,60,32
310M300US16060,16060,"Carbondale-Marion, IL Metro Area",3477,2415,521,419,52,70
310M300US16180,16180,"Carson City, NV Metro Area",1638,1206,156,88,104,84
310M300US16220,16220,"Casper, WY Metro Area",1996,1623,319,8,46,0
310M300US16300,16300,"Cedar Rapids, IA Metro Area",6289,4695,868,197,516,13
310M300US16540,16540,"Chambersburg-Waynesboro, PA Metro Area",1868,1602,151,62,48,5
310M300US16580,16580,"Champaign-Urbana, IL Metro Area",6429,4815,881,496,198,39
310M300US16620,16620,"Charleston, WV Metro Area",5862,4332,1066,218,187,59
310M300US16700,16700,"Charleston-North Charleston, SC Metro Area",18316,14282,1473,1235,1320,6
310M300US16740,16740,"Charlotte-Concord-Gastonia, NC-SC Metro Area",57177,44664,7221,2346,2451,495
310M300US16820,16820,"Charlottesville, VA Metro Area",5907,4028,408,892,399,180
310M300US16860,16860,"Chattanooga, TN-GA Metro Area",11754,9851,731,705,460,7
310M300US16940,16940,"Cheyenne, WY Metro Area",3184,2391,357,168,268,0
310M300US16980,16980,"Chicago-Naperville-Elgin, IL-IN-WI Metro Area",233023,193693,25408,5845,6076,2001
310M300US17020,17020,"Chico, CA Metro Area",13517,10400,2069,852,196,0
310M300US17140,17140,"Cincinnati, OH-KY-IN Metro Area",47690,38098,5473,2485,1482,152
310M300US17300,17300,"Clarksville, TN-KY Metro Area",11070,8037,1596,130,1204,103
310M300US17420,17420,"Cleveland, TN Metro Area",1806,1552,123,18,110,3
310M300US17460,17460,"Cleveland-Elyria, OH Metro Area",54576,41931,9025,1546,1460,614
310M300US17660,17660,"Coeur d'Alene, ID Metro Area",3903,3302,360,69,172,0
310M300US17780,17780,"College Station-Bryan, TX Metro Area",7153,4501,1379,1020,107,146
310M300US17820,17820,"Colorado Springs, CO Metro Area",37901,26554,6436,1052,3238,621
310M300US17860,17860,"Columbia, MO Metro Area",7368,4946,1551,560,264,47
310M300US17900,17900,"Columbia, SC Metro Area",19990,14620,2304,1127,1744,195
310M300US17980,17980,"Columbus, GA-AL Metro Area",11270,8329,1105,604,857,375
310M300US18020,18020,"Columbus, IN Metro Area",1518,1238,44,79,111,46
310M300US18140,18140,"Columbus, OH Metro Area",62575,46032,11104,3382,1682,375
310M300US18580,18580,"Corpus Christi, TX Metro Area",8550,6631,1130,500,246,43
310M300US18700,18700,"Corvallis, OR Metro Area",3187,2200,327,480,162,18
310M300US18880,18880,"Crestview-Fort Walton Beach-Destin, FL Metro Area",9986,7785,1206,197,738,60
310M300US19060,19060,"Cumberland, MD-WV Metro Area",1812,1419,212,150,31,0
310M300US19100,19100,"Dallas-Fort Worth-Arlington, TX Metro Area",201727,158925,23983,10659,6354,1806
310M300US19140,19140,"Dalton, GA Metro Area",1801,1556,59,119,65,2
310M300US19180,19180,"Danville, IL Metro Area",1119,938,144,34,3,0
310M300US19300,19300,"Daphne-Fairhope-Foley, AL Metro Area",3266,2762,127,358,19,0
310M300US19340,19340,"Davenport-Moline-Rock Island, IA-IL Metro Area",9983,7841,1560,198,300,84
310M300US19380,19380,"Dayton, OH Metro Area",23415,18185,3438,1040,662,90
310M300US19460,19460,"Decatur, AL Metro Area",4264,3589,367,159,147,2
310M300US19500,19500,"Decatur, IL Metro Area",6160,4415,1362,261,100,22
310M300US19660,19660,"Deltona-Daytona Beach-Ormond Beach, FL Metro Area",12365,10403,994,444,300,224
310M300US19740,19740,"Denver-Aurora-Lakewood, CO Metro Area",94523,74589,7822,7539,4037,536
310M300US19780,19780,"Des Moines-West Des Moines, IA Metro Area",15063,11247,2358,677,753,28
310M300US19820,19820,"Detroit-Warren-Dearborn, MI Metro Area",100842,82902,12087,3811,1621,421
310M300US20020,20020,"Dothan, AL Metro Area",2670,2073,378,55,154,10
310M300US20100,20100,"Dover, DE Metro Area",7095,5142,1356,116,449,32
310M300US20220,20220,"Dubuque, IA Metro Area",1591,1152,167,85,178,9
310M300US20260,20260,"Duluth, MN-WI Metro Area",7424,5713,1070,384,190,67
310M300US20500,20500,"Durham-Chapel Hill, NC Metro Area",15265,12069,1041,1021,972,162
310M300US20700,20700,"East Stroudsburg, PA Metro Area",5013,4533,277,100,93,10
310M300US20740,20740,"Eau Claire, WI Metro Area",3321,2546,352,344,79,0
310M300US20940,20940,"El Centro, CA Metro Area",8084,6960,770,218,76,60
310M300US21060,21060,"Elizabethtown-Fort Knox, KY Metro Area",6031,3529,1115,360,934,93
310M300US21140,21140,"Elkhart-Goshen, IN Metro Area",6042,4421,1154,132,307,28
310M300US21300,21300,"Elmira, NY Metro Area",2704,2216,426,34,28,0
310M300US21340,21340,"El Paso, TX Metro Area",18606,14958,2124,423,654,447
310M300US21420,21420,"Enid, OK Metro Area",2984,2437,406,71,70,0
310M300US21500,21500,"Erie, PA Metro Area",7672,5958,1204,171,297,42
310M300US21660,21660,"Eugene, OR Metro Area",17720,13230,2837,718,609,326
310M300US21780,21780,"Evansville, IN-KY Metro Area",6893,5244,959,408,260,22
310M300US21820,21820,"Fairbanks, AK Metro Area",7816,5549,1449,230,521,67
310M300US22020,22020,"Fargo, ND-MN Metro Area",5949,4005,1160,218,496,70
310M300US22140,22140,"Farmington, NM Metro Area",3643,3211,319,11,68,34
310M300US22180,22180,"Fayetteville, NC Metro Area",21230,15551,2106,1036,1981,556
310M300US22220,22220,"Fayetteville-Springdale-Rogers, AR-MO Metro Area",14712,11418,1576,550,1101,67
310M300US22380,22380,"Flagstaff, AZ Metro Area",4871,3833,400,306,332,0
310M300US22420,22420,"Flint, MI Metro Area",12391,10153,1812,330,96,0
310M300US22500,22500,"Florence, SC Metro Area",2943,2318,406,172,42,5
310M300US22520,22520,"Florence-Muscle Shoals, AL Metro Area",2497,1938,252,240,43,24
310M300US22540,22540,"Fond du Lac, WI Metro Area",1756,1340,251,160,5,0
310M300US22660,22660,"Fort Collins, CO Metro Area",10133,7575,1425,431,502,200
310M300US22900,22900,"Fort Smith, AR-OK Metro Area",16196,13486,1384,830,473,23
310M300US23060,23060,"Fort Wayne, IN Metro Area",13217,10340,2065,389,357,66
310M300US23420,23420,"Fresno, CA Metro Area",37462,30472,5129,1362,405,94
310M300US23460,23460,"Gadsden, AL Metro Area",1512,1193,251,55,13,0
310M300US23540,23540,"Gainesville, FL Metro Area",8291,5852,1409,717,198,115
310M300US23580,23580,"Gainesville, GA Metro Area",3621,2797,485,156,168,15
310M300US23900,23900,"Gettysburg, PA Metro Area",2253,1886,266,39,62,0
310M300US24020,24020,"Glens Falls, NY Metro Area",1648,1304,96,210,26,12
310M300US24140,24140,"Goldsboro, NC Metro Area",4305,2911,949,200,103,142
310M300US24220,24220,"Grand Forks, ND-MN Metro Area",2514,1821,172,73,427,21
310M300US24260,24260,"Grand Island, NE Metro Area",1142,957,113,47,25,0
310M300US24300,24300,"Grand Junction, CO Metro Area",3411,2547,395,188,221,60
310M300US24340,24340,"Grand Rapids-Wyoming, MI Metro Area",31382,23464,5081,2107,571,159
310M300US24420,24420,"Grants Pass, OR Metro Area",2840,2342,331,75,64,28
310M300US24500,24500,"Great Falls, MT Metro Area",2948,2322,420,92,114,0
310M300US24540,24540,"Greeley, CO Metro Area",7524,6007,733,324,404,56
310M300US24580,24580,"Green Bay, WI Metro Area",8598,6727,1333,278,211,49
310M300US24660,24660,"Greensboro-High Point, NC Metro Area",15760,13011,1653,556,487,53
310M300US24780,24780,"Greenville, NC Metro Area",3982,3131,337,369,128,17
310M300US24860,24860,"Greenville-Anderson-Mauldin, SC Metro Area",16837,13293,1658,1017,661,208
310M300US25060,25060,"Gulfport-Biloxi-Pascagoula, MS Metro Area",8913,7002,1040,301,525,45
310M300US25180,25180,"Hagerstown-Martinsburg, MD-WV Metro Area",8261,6491,1145,318,280,27
310M300US25220,25220,"Hammond, LA Metro Area",2476,2015,193,202,66,0
310M300US25260,25260,"Hanford-Corcoran, CA Metro Area",6220,4319,1095,674,85,47
310M300US25420,25420,"Harrisburg-Carlisle, PA Metro Area",14407,11485,1825,614,267,216
310M300US25500,25500,"Harrisonburg, VA Metro Area",3898,2910,398,408,99,83
310M300US25540,25540,"Hartford-West Hartford-East Hartford, CT Metro Area",36217,30070,3882,1383,672,210
310M300US25620,25620,"Hattiesburg, MS Metro Area",2459,1465,218,446,276,54
310M300US25860,25860,"Hickory-Lenoir-Morganton, NC Metro Area",6052,4835,805,308,67,37
310M300US25940,25940,"Hilton Head Island-Bluffton-Beaufort, SC Metro Area",4143,2902,478,186,474,103
310M300US25980,25980,"Hinesville, GA Metro Area",3964,2753,335,263,497,116
310M300US26140,26140,"Homosassa Springs, FL Metro Area",2040,1647,186,94,43,70
310M300US26300,26300,"Hot Springs, AR Metro Area",2347,1842,349,84,72,0
310M300US26380,26380,"Houma-Thibodaux, LA Metro Area",4609,3670,650,244,45,0
310M300US26420,26420,"Houston-The Woodlands-Sugar Land, TX Metro Area",149910,122346,16121,5192,3925,2326
310M300US26580,26580,"Huntington-Ashland, WV-KY-OH Metro Area",6163,4720,835,275,320,13
310M300US26620,26620,"Huntsville, AL Metro Area",11969,10090,1283,203,233,160
310M300US26820,26820,"Idaho Falls, ID Metro Area",3544,2395,847,134,168,0
310M300US26900,26900,"Indianapolis-Carmel-Anderson, IN Metro Area",46561,37165,6084,1734,1335,243
310M300US26980,26980,"Iowa City, IA Metro Area",3608,2958,381,143,103,23
310M300US27060,27060,"Ithaca, NY Metro Area",3958,2540,679,241,391,107
310M300US27100,27100,"Jackson, MI Metro Area",3852,2759,699,284,95,15
310M300US27140,27140,"Jackson, MS Metro Area",5046,3896,571,226,325,28
310M300US27180,27180,"Jackson, TN Metro Area",2187,1967,114,68,18,20
310M300US27260,27260,"Jacksonville, FL Metro Area",43277,32674,5594,2583,2067,359
310M300US27340,27340,"Jacksonville, NC Metro Area",10943,7481,1978,305,978,201
310M300US27500,27500,"Janesville-Beloit, WI Metro Area",4962,3854,880,104,118,6
310M300US27620,27620,"Jefferson City, MO Metro Area",2640,2089,320,189,40,2
310M300US27740,27740,"Johnson City, TN Metro Area",3353,2421,514,203,195,20
310M300US27780,27780,"Johnstown, PA Metro Area",2702,1960,466,120,130,26
310M300US27860,27860,"Jonesboro, AR Metro Area",3961,2509,1170,115,25,142
310M300US27900,27900,"Joplin, MO Metro Area",5227,4332,481,95,285,34
310M300US27980,27980,"Kahului-Wailuku-Lahaina, HI Metro Area",37179,31537,4188,673,695,86
310M300US28020,28020,"Kalamazoo-Portage, MI Metro Area",14499,10808,2324,1173,158,36
310M300US28100,28100,"Kankakee, IL Metro Area",2075,1820,129,98,17,11
310M300US28140,28140,"Kansas City, MO-KS Metro Area",62598,49046,7440,2652,3091,369
310M300US28420,28420,"Kennewick-Richland, WA Metro Area",10615,8209,1475,673,225,33
310M300US28660,28660,"Killeen-Temple, TX Metro Area",23200,17864,2707,1118,1368,143
310M300US28700,28700,"Kingsport-Bristol-Bristol, TN-VA Metro Area",5031,4012,441,197,337,44
310M300US28740,28740,"Kingston, NY Metro Area",6932,5569,839,426,50,48
310M300US28940,28940,"Knoxville, TN Metro Area",16334,12476,2076,1003,655,124
310M300US29020,29020,"Kokomo, IN Metro Area",1823,1407,301,72,43,0
310M300US29100,29100,"La Crosse-Onalaska, WI-MN Metro Area",2458,1976,360,83,33,6
310M300US29180,29180,"Lafayette, LA Metro Area",9075,7057,1104,370,544,0
310M300US29200,29200,"Lafayette-West Lafayette, IN Metro Area",4315,3203,467,282,262,101
310M300US29340,29340,"Lake Charles, LA Metro Area",4735,3822,628,80,148,57
310M300US29420,29420,"Lake Havasu City-Kingman, AZ Metro Area",4451,3549,432,18,432,20
310M300US29460,29460,"Lakeland-Winter Haven, FL Metro Area",15828,13206,1508,545,377,192
310M300US29540,29540,"Lancaster, PA Metro Area",10348,8801,1097,125,267,58
310M300US29620,29620,"Lansing-East Lansing, MI Metro Area",20535,14115,4062,1522,647,189
310M300US29700,29700,"Laredo, TX Metro Area",1371,1245,78,20,0,28
310M300US29740,29740,"Las Cruces, NM Metro Area",3863,3004,525,156,151,27
310M300US29820,29820,"Las Vegas-Henderson-Paradise, NV Metro Area",102262,77726,17715,206,6091,524
310M300US29940,29940,"Lawrence, KS Metro Area",5253,3056,1333,500,364,0
310M300US30020,30020,"Lawton, OK Metro Area",11103,7695,2043,363,962,40
310M300US30140,30140,"Lebanon, PA Metro Area",2851,2429,364,44,4,10
310M300US30300,30300,"Lewiston, ID-WA Metro Area",1803,1260,217,41,282,3
310M300US30340,30340,"Lewiston-Auburn, ME Metro Area",5168,3687,937,264,253,27
310M300US30460,30460,"Lexington-Fayette, KY Metro Area",13277,8885,2625,704,890,173
310M300US30620,30620,"Lima, OH Metro Area",3369,2585,593,113,78,0
310M300US30700,30700,"Lincoln, NE Metro Area",9220,6449,1824,374,448,125
310M300US30780,30780,"Little Rock-North Little Rock-Conway, AR Metro Area",17415,14123,1640,855,689,108
310M300US30860,30860,"Logan, UT-ID Metro Area",2759,2204,379,96,64,16
310M300US30980,30980,"Longview, TX Metro Area",4216,2712,1178,261,65,0
310M300US31020,31020,"Longview, WA Metro Area",4842,3509,751,398,184,0
310M300US31080,31080,"Los Angeles-Long Beach-Anaheim, CA Metro Area",495516,419451,53466,11073,7205,4321
310M300US31140,31140,"Louisville/Jefferson County, KY-IN Metro Area",31749,25498,4361,1022,724,144
310M300US31180,31180,"Lubbock, TX Metro Area",8362,6202,1344,605,181,30
310M300US31340,31340,"Lynchburg, VA Metro Area",5954,4905,391,399,224,35
310M300US31420,31420,"Macon-Bibb County, GA Metro Area",3506,2603,475,172,215,41
310M300US31460,31460,"Madera, CA Metro Area",4904,4082,306,446,28,42
310M300US31540,31540,"Madison, WI Metro Area",16651,12322,3007,415,777,130
310M300US31700,31700,"Manchester-Nashua, NH Metro Area",9173,7294,1139,148,515,77
310M300US31740,31740,"Manhattan, KS Metro Area",3643,2435,428,305,411,64
310M300US31860,31860,"Mankato-North Mankato, MN Metro Area",2033,1533,225,196,79,0
310M300US31900,31900,"Mansfield, OH Metro Area",4788,3580,714,477,17,0
310M300US32580,32580,"McAllen-Edinburg-Mission, TX Metro Area",9617,8619,714,124,92,68
310M300US32780,32780,"Medford, OR Metro Area",8160,5962,1418,243,533,4
310M300US32820,32820,"Memphis, TN-MS-AR Metro Area",24268,18797,3956,571,864,80
310M300US32900,32900,"Merced, CA Metro Area",11872,9705,1178,866,122,1
310M300US33100,33100,"Miami-Fort Lauderdale-West Palm Beach, FL Metro Area",126742,102431,16053,3087,3579,1592
310M300US33140,33140,"Michigan City-La Porte, IN Metro Area",3085,2528,153,243,161,0
310M300US33220,33220,"Midland, MI Metro Area",1403,1119,181,62,41,0
310M300US33260,33260,"Midland, TX Metro Area",3330,2588,300,234,198,10
310M300US33340,33340,"Milwaukee-Waukesha-West Allis, WI Metro Area",41219,32936,5813,1382,905,183
310M300US33460,33460,"Minneapolis-St. Paul-Bloomington, MN-WI Metro Area",110651,87665,12767,6716,2903,600
310M300US33540,33540,"Missoula, MT Metro Area",3629,2681,421,315,212,0
310M300US33660,33660,"Mobile, AL Metro Area",7584,6505,643,251,185,0
310M300US33700,33700,"Modesto, CA Metro Area",22302,18111,3127,880,86,98
310M300US33740,33740,"Monroe, LA Metro Area",1703,1366,126,107,96,8
310M300US33780,33780,"Monroe, MI Metro Area",2393,2057,253,55,28,0
310M300US33860,33860,"Montgomery, AL Metro Area",6268,4945,780,278,148,117
310M300US34060,34060,"Morgantown, WV Metro Area",2688,1924,458,49,252,5
310M300US34100,34100,"Morristown, TN Metro Area",2292,2151,34,100,7,0
310M300US34580,34580,"Mount Vernon-Anacortes, WA Metro Area",4780,3898,497,284,92,9
310M300US34620,34620,"Muncie, IN Metro Area",2462,1535,536,329,62,0
310M300US34740,34740,"Muskegon, MI Metro Area",6938,5481,935,336,169,17
310M300US34820,34820,"Myrtle Beach-Conway-North Myrtle Beach, SC-NC Metro Area",7116,5600,806,409,278,23
310M300US34900,34900,"Napa, CA Metro Area",5199,4381,478,268,48,24
310M300US34940,34940,"Naples-Immokalee-Marco Island, FL Metro Area",4124,3119,735,113,130,27
310M300US34980,34980,"Nashville-Davidson--Murfreesboro--Franklin, TN Metro Area",39238,30298,4638,2045,1830,427
310M300US35100,35100,"New Bern, NC Metro Area",3191,2080,474,186,441,10
310M300US35300,35300,"New Haven-Milford, CT Metro Area",24823,20012,2748,903,669,491
310M300US35380,35380,"New Orleans-Metairie, LA Metro Area",22927,18619,2232,578,1254,244
310M300US35620,35620,"New York-Newark-Jersey City, NY-NJ-PA Metro Area",572554,507139,37418,13483,8664,5850
310M300US35660,35660,"Niles-Benton Harbor, MI Metro Area",4695,3634,806,32,161,62
310M300US35840,35840,"North Port-Sarasota-Bradenton, FL Metro Area",12089,10099,1009,353,426,202
310M300US35980,35980,"Norwich-New London, CT Metro Area",13747,10467,1769,521,912,78
310M300US36100,36100,"Ocala, FL Metro Area",8290,6452,1126,440,237,35
310M300US36140,36140,"Ocean City, NJ Metro Area",1649,1441,172,0,36,0
310M300US36220,36220,"Odessa, TX Metro Area",4496,3020,1000,202,167,107
310M300US36260,36260,"Ogden-Clearfield, UT Metro Area",19343,15253,2748,762,421,159
310M300US36420,36420,"Oklahoma City, OK Metro Area",86682,66641,13050,4913,1942,136
310M300US36500,36500,"Olympia-Tumwater, WA Metro Area",15335,10931,1962,1294,1036,112
310M300US36540,36540,"Omaha-Council Bluffs, NE-IA Metro Area",24917,19496,3203,795,1268,155
310M300US36740,36740,"Orlando-Kissimmee-Sanford, FL Metro Area",76771,61412,8503,2859,2915,1082
310M300US36780,36780,"Oshkosh-Neenah, WI Metro Area",2521,2115,123,250,33,0
310M300US36980,36980,"Owensboro, KY Metro Area",2535,2075,317,130,13,0
310M300US37100,37100,"Oxnard-Thousand Oaks-Ventura, CA Metro Area",36012,31355,3111,921,470,155
310M300US37340,37340,"Palm Bay-Melbourne-Titusville, FL Metro Area",15512,12122,2268,439,394,289
310M300US37460,37460,"Panama City, FL Metro Area",6020,4630,585,149,532,124
310M300US37620,37620,"Parkersburg-Vienna, WV Metro Area",1487,1223,196,12,51,5
310M300US37860,37860,"Pensacola-Ferry Pass-Brent, FL Metro Area",22371,15330,4153,1050,1577,261
310M300US37900,37900,"Peoria, IL Metro Area",8938,6590,1845,375,117,11
310M300US37980,37980,"Philadelphia-Camden-Wilmington, PA-NJ-DE-MD Metro Area",152449,127824,14323,4926,4305,1071
310M300US38060,38060,"Phoenix-Mesa-Scottsdale, AZ Metro Area",153606,119972,23002,2781,7032,819
310M300US38220,38220,"Pine Bluff, AR Metro Area",1036,835,120,26,55,0
310M300US38300,38300,"Pittsburgh, PA Metro Area",51254,40777,6609,1677,1603,588
310M300US38340,38340,"Pittsfield, MA Metro Area",3197,2587,354,30,214,12
310M300US38540,38540,"Pocatello, ID Metro Area",2570,1972,316,125,111,46
310M300US38860,38860,"Portland-South Portland, ME Metro Area",10340,8539,1087,412,254,48
310M300US38900,38900,"Portland-Vancouver-Hillsboro, OR-WA Metro Area",110268,85788,13307,4826,5592,755
310M300US38940,38940,"Port St. Lucie, FL Metro Area",8778,7534,584,294,366,0
310M300US39140,39140,"Prescott, AZ Metro Area",4908,3859,440,312,278,19
310M300US39300,39300,"Providence-Warwick, RI-MA Metro Area",46317,37585,5652,1152,1613,315
310M300US39340,39340,"Provo-Orem, UT Metro Area",15342,11027,2677,567,752,319
310M300US39380,39380,"Pueblo, CO Metro Area",6650,5046,1111,284,209,0
310M300US39460,39460,"Punta Gorda, FL Metro Area",3347,2765,349,197,25,11
310M300US39540,39540,"Racine, WI Metro Area",6021,4825,757,318,121,0
310M300US39580,39580,"Raleigh, NC Metro Area",32838,26215,3996,875,1417,335
310M300US39660,39660,"Rapid City, SD Metro Area",6362,4368,1375,292,219,108
310M300US39740,39740,"Reading, PA Metro Area",23200,19086,2787,580,512,235
310M300US39820,39820,"Redding, CA Metro Area",7645,5857,1141,322,305,20
310M300US39900,39900,"Reno, NV Metro Area",18626,14508,2587,675,776,80
310M300US40060,40060,"Richmond, VA Metro Area",36225,28515,3138,2590,1355,627
310M300US40140,40140,"Riverside-San Bernardino-Ontario, CA Metro Area",199217,161869,21686,9979,4804,879
310M300US40220,40220,"Roanoke, VA Metro Area",6824,5011,1303,397,96,17
310M300US40340,40340,"Rochester, MN Metro Area",4566,3215,971,173,139,68
310M300US40380,40380,"Rochester, NY Metro Area",26829,22229,3259,717,472,152
310M300US40420,40420,"Rockford, IL Metro Area",9544,7658,1250,328,244,64
310M300US40580,40580,"Rocky Mount, NC Metro Area",2815,2088,353,306,68,0
310M300US40660,40660,"Rome, GA Metro Area",1599,1328,175,51,45,0
310M300US40900,40900,"Sacramento--Roseville--Arden-Arcade, CA Metro Area",140115,113334,17279,5694,1839,1969
310M300US40980,40980,"Saginaw, MI Metro Area",5911,4481,1029,310,86,5
310M300US41060,41060,"St. Cloud, MN Metro Area",3308,2154,430,506,210,8
310M300US41100,41100,"St. George, UT Metro Area",3425,2590,338,67,430,0
310M300US41140,41140,"St. Joseph, MO-KS Metro Area",3820,2563,799,388,70,0
310M300US41180,41180,"St. Louis, MO-IL Metro Area",60502,49386,5900,2527,2141,548
310M300US41420,41420,"Salem, OR Metro Area",24606,18354,3457,1760,831,204
310M300US41500,41500,"Salinas, CA Metro Area",17377,14594,1182,780,574,247
310M300US41540,41540,"Salisbury, MD-DE Metro Area",8478,6965,678,346,450,39
310M300US41620,41620,"Salt Lake City, UT Metro Area",34274,27496,4312,598,1530,338
310M300US41660,41660,"San Angelo, TX Metro Area",2533,1853,317,26,337,0
310M300US41700,41700,"San Antonio-New Braunfels, TX Metro Area",71346,55892,8455,3088,2512,1399
310M300US41740,41740,"San Diego-Carlsbad, CA Metro Area",161059,131500,21123,2820,3832,1784
310M300US41860,41860,"San Francisco-Oakland-Hayward, CA Metro Area",268273,226180,21869,13837,4378,2009
310M300US41940,41940,"San Jose-Sunnyvale-Santa Clara, CA Metro Area",93841,79383,8718,3217,1410,1113
310M300US42020,42020,"San Luis Obispo-Paso Robles-Arroyo Grande, CA Metro Area",9521,7354,1164,772,153,78
310M300US42100,42100,"Santa Cruz-Watsonville, CA Metro Area",12366,9969,726,1354,279,38
310M300US42140,42140,"Santa Fe, NM Metro Area",3993,3516,293,88,55,41
310M300US42200,42200,"Santa Maria-Santa Barbara, CA Metro Area",18924,13516,3343,1324,514,227
310M300US42220,42220,"Santa Rosa, CA Metro Area",25846,21953,2362,1035,341,155
310M300US42340,42340,"Savannah, GA Metro Area",9629,6931,1236,571,702,189
310M300US42540,42540,"Scranton--Wilkes-Barre--Hazleton, PA Metro Area",9372,7348,1236,411,275,102
310M300US42660,42660,"Seattle-Tacoma-Bellevue, WA Metro Area",234326,183177,32412,7844,9008,1885
310M300US42680,42680,"Sebastian-Vero Beach, FL Metro Area",2769,2182,316,109,162,0
310M300US42700,42700,"Sebring, FL Metro Area",1923,1572,310,41,0,0
310M300US43100,43100,"Sheboygan, WI Metro Area",2332,1780,428,69,30,25
310M300US43300,43300,"Sherman-Denison, TX Metro Area",3618,2687,578,184,169,0
310M300US43340,43340,"Shreveport-Bossier City, LA Metro Area",8761,7122,841,306,330,162
310M300US43420,43420,"Sierra Vista-Douglas, AZ Metro Area",5635,4158,680,324,432,41
310M300US43580,43580,"Sioux City, IA-NE-SD Metro Area",4003,3502,199,106,196,0
310M300US43620,43620,"Sioux Falls, SD Metro Area",6449,5000,1028,198,201,22
310M300US43780,43780,"South Bend-Mishawaka, IN-MI Metro Area",9783,8053,1251,192,265,22
310M300US43900,43900,"Spartanburg, SC Metro Area",6606,5455,686,269,196,0
310M300US44060,44060,"Spokane-Spokane Valley, WA Metro Area",23379,17856,3311,918,1168,126
310M300US44100,44100,"Springfield, IL Metro Area",4770,3608,1032,79,26,25
310M300US44140,44140,"Springfield, MA Metro Area",16468,13267,2138,580,326,157
310M300US44180,44180,"Springfield, MO Metro Area",11795,8923,1707,662,440,63
310M300US44220,44220,"Springfield, OH Metro Area",4621,3403,916,204,98,0
310M300US44300,44300,"State College, PA Metro Area",2514,1370,263,304,216,361
310M300US44420,44420,"Staunton-Waynesboro, VA Metro Area",2512,1742,196,179,287,108
310M300US44700,44700,"Stockton-Lodi, CA Metro Area",68851,55775,9528,2684,642,222
310M300US44940,44940,"Sumter, SC Metro Area",2751,1937,477,156,165,16
310M300US45060,45060,"Syracuse, NY Metro Area",18561,14528,2572,594,566,301
310M300US45220,45220,"Tallahassee, FL Metro Area",7572,5321,1211,649,349,42
310M300US45300,45300,"Tampa-St. Petersburg-Clearwater, FL Metro Area",84994,67754,11166,2682,2440,952
310M300US45460,45460,"Terre Haute, IN Metro Area",4670,3404,607,337,322,0
310M300US45500,45500,"Texarkana, TX-AR Metro Area",3611,2997,173,226,215,0
310M300US45540,45540,"The Villages, FL Metro Area",1747,1302,155,190,46,54
310M300US45780,45780,"Toledo, OH Metro Area",21008,15435,3991,756,720,106
310M300US45820,45820,"Topeka, KS Metro Area",9805,7400,1565,554,230,56
310M300US45940,45940,"Trenton, NJ Metro Area",7414,6370,402,337,274,31
310M300US46060,46060,"Tucson, AZ Metro Area",43788,32519,7573,1263,2037,396
310M300US46140,46140,"Tulsa, OK Metro Area",78835,62913,10187,4063,1560,112
310M300US46220,46220,"Tuscaloosa, AL Metro Area",2644,1998,315,204,116,11
310M300US46340,46340,"Tyler, TX Metro Area",3339,2627,377,180,142,13
310M300US46520,46520,"Urban Honolulu, HI Metro Area",223924,194186,22208,933,5431,1166
310M300US46540,46540,"Utica-Rome, NY Metro Area",6206,4759,995,285,163,4
310M300US46660,46660,"Valdosta, GA Metro Area",2943,2134,204,255,350,0
310M300US46700,46700,"Vallejo-Fairfield, CA Metro Area",31286,26621,2900,1265,415,85
310M300US47020,47020,"Victoria, TX Metro Area",1750,1379,209,107,55,0
310M300US47220,47220,"Vineland-Bridgeton, NJ Metro Area",6858,5368,1091,317,82,0
310M300US47260,47260,"Virginia Beach-Norfolk-Newport News, VA-NC Metro Area",67974,51944,6621,5221,3271,917
310M300US47300,47300,"Visalia-Porterville, CA Metro Area",13959,11735,1659,321,201,43
310M300US47380,47380,"Waco, TX Metro Area",5847,4356,974,391,105,21
310M300US47460,47460,"Walla Walla, WA Metro Area",2611,1663,429,368,132,19
310M300US47580,47580,"Warner Robins, GA Metro Area",5014,4158,469,88,266,33
310M300US47900,47900,"Washington-Arlington-Alexandria, DC-VA-MD-WV Metro Area",230881,189132,18518,9466,10021,3744
310M300US47940,47940,"Waterloo-Cedar Falls, IA Metro Area",3279,2651,328,171,114,15
310M300US48060,48060,"Watertown-Fort Drum, NY Metro Area",4621,2507,828,261,732,293
310M300US48140,48140,"Wausau, WI Metro Area",2232,1466,570,153,27,16
310M300US48260,48260,"Weirton-Steubenville, WV-OH Metro Area",2240,1773,297,6,164,0
310M300US48300,48300,"Wenatchee, WA Metro Area",3805,2996,474,251,84,0
310M300US48540,48540,"Wheeling, WV-OH Metro Area",1847,1565,128,121,33,0
310M300US48620,48620,"Wichita, KS Metro Area",22187,17937,2936,688,543,83
310M300US48660,48660,"Wichita Falls, TX Metro Area",5643,4454,743,49,296,101
310M300US48700,48700,"Williamsport, PA Metro Area",2012,1515,317,125,53,2
310M300US48900,48900,"Wilmington, NC Metro Area",5765,4149,909,371,315,21
310M300US49020,49020,"Winchester, VA-WV Metro Area",3111,2609,138,172,181,11
310M300US49180,49180,"Winston-Salem, NC Metro Area",11378,9291,876,635,571,5
310M300US49340,49340,"Worcester, MA-CT Metro Area",26473,22024,2927,707,611,204
310M300US49420,49420,"Yakima, WA Metro Area",7556,6505,754,142,155,0
310M300US49620,49620,"York-Hanover, PA Metro Area",10542,8144,1684,420,229,65
310M300US49660,49660,"Youngstown-Warren-Boardman, OH-PA Metro Area",12605,10301,1398,500,396,10
310M300US49700,49700,"Yuba City, CA Metro Area",12072,9199,1744,735,269,125
310M300US49740,49740,"Yuma, AZ Metro Area",4928,3853,531,140,319,85
