GEO.id,GEO.id2,GEO.display-label,HD01_VD01,HD01_VD02,HD01_VD03,HD01_VD04,HD01_VD05,HD01_VD06
Id,Id2,Geography,Estimate; Total:,Estimate; Total: - Same house 1 year ago,Estimate; Total: - Moved within same county,Estimate; Total: - Moved from different county within same state,Estimate; Total: - Moved from different state,Estimate; Total: - Moved from abroad
310M200US10180,10180,"Abilene, TX Metro Area",110984,89399,12245,6664,2351,325
310M200US10420,10420,"Akron, OH Metro Area",572771,507924,38339,18832,6606,1070
310M200US10500,10500,"Albany, GA Metro Area",66923,58071,3212,3821,1734,85
310M200US10540,10540,"Albany, OR Metro Area",101111,85812,9306,3998,1709,286
310M200US10580,10580,"Albany-Schenectady-Troy, NY Metro Area",713195,634645,40853,24852,10944,1901
310M200US10740,10740,"Albuquerque, NM Metro Area",370008,316007,28872,8574,14554,2001
310M200US10780,10780,"Alexandria, LA Metro Area",97907,87525,6025,3228,1018,111
310M200US10900,10900,"Allentown-Bethlehem-Easton, PA-NJ Metro Area",634643,571220,34937,15426,11332,1728
310M200US11020,11020,"Altoona, PA Metro Area",120082,107413,8746,2406,1456,61
310M200US11100,11100,"Amarillo, TX Metro Area",160096,134644,12135,10494,2652,171
310M200US11180,11180,"Ames, IA Metro Area",77814,54492,11601,7427,3920,374
310M200US11260,11260,"Anchorage, AK Metro Area",254576,209823,25671,5553,12086,1443
310M200US11460,11460,"Ann Arbor, MI Metro Area",247992,197168,26548,14230,8358,1688
310M200US11500,11500,"Anniston-Oxford-Jacksonville, AL Metro Area",85748,73650,6822,3185,1903,188
310M200US11540,11540,"Appleton, WI Metro Area",202104,182538,10047,7422,1803,294
310M200US11700,11700,"Asheville, NC Metro Area",366522,314629,28337,10884,12226,446
310M200US12020,12020,"Athens-Clarke County, GA Metro Area",130411,106667,10457,9225,3565,497
310M200US12060,12060,"Atlanta-Sandy Springs-Roswell, GA Metro Area",2679917,2322544,167816,119264,61804,8489
310M200US12100,12100,"Atlantic City-Hammonton, NJ Metro Area",158485,144417,7765,3662,2311,330
310M200US12220,12220,"Auburn-Opelika, AL Metro Area",98921,76089,11131,5848,5393,460
310M200US12260,12260,"Augusta-Richmond County, GA-SC Metro Area",317554,276258,19035,9530,11665,1066
310M200US12420,12420,"Austin-Round Rock, TX Metro Area",957518,761415,97515,61472,32298,4818
310M200US12540,12540,"Bakersfield, CA Metro Area",318396,258509,42162,10917,6017,791
310M200US12580,12580,"Baltimore-Columbia-Towson, MD Metro Area",1609687,1441876,83557,40916,37667,5671
310M200US12620,12620,"Bangor, ME Metro Area",143962,121624,13219,6187,2729,203
310M200US12700,12700,"Barnstable Town, MA Metro Area",196683,180585,8349,3330,3985,434
310M200US12940,12940,"Baton Rouge, LA Metro Area",461127,402439,32813,16270,8912,693
310M200US12980,12980,"Battle Creek, MI Metro Area",106989,92123,9172,4183,1396,115
310M200US13020,13020,"Bay City, MI Metro Area",96883,85103,7837,3057,781,105
310M200US13140,13140,"Beaumont-Port Arthur, TX Metro Area",235329,205374,16327,9676,3536,416
310M200US13220,13220,"Beckley, WV Metro Area",110487,98184,7477,2895,1857,74
310M200US13380,13380,"Bellingham, WA Metro Area",163663,136925,17600,5279,3261,598
310M200US13460,13460,"Bend-Redmond, OR Metro Area",140368,115903,15485,4287,4475,218
310M200US13740,13740,"Billings, MT Metro Area",140513,118227,13111,4504,4261,410
310M200US13780,13780,"Binghamton, NY Metro Area",217794,193905,15409,5267,2942,271
310M200US13820,13820,"Birmingham-Hoover, AL Metro Area",726119,632981,51092,27662,13208,1176
310M200US13900,13900,"Bismarck, ND Metro Area",103858,89345,7318,4168,2859,168
310M200US13980,13980,"Blacksburg-Christiansburg-Radford, VA Metro Area",156258,122891,14695,12621,5603,448
310M200US14010,14010,"Bloomington, IL Metro Area",153273,126431,15741,8424,2425,252
310M200US14020,14020,"Bloomington, IN Metro Area",139113,100700,20056,11525,5876,956
310M200US14100,14100,"Bloomsburg-Berwick, PA Metro Area",79494,70780,4155,3520,938,101
310M200US14260,14260,"Boise City, ID Metro Area",507553,421713,49749,17080,18051,960
310M200US14460,14460,"Boston-Cambridge-Newton, MA-NH Metro Area",3397213,2988357,216518,94535,79325,18478
310M200US14500,14500,"Boulder, CO Metro Area",235967,181212,29266,11599,12334,1556
310M200US14540,14540,"Bowling Green, KY Metro Area",135647,110423,14477,6515,3876,356
310M200US14740,14740,"Bremerton-Silverdale, WA Metro Area",196436,164038,18775,4180,8364,1079
310M200US14860,14860,"Bridgeport-Stamford-Norwalk, CT Metro Area",602073,549735,30076,4559,14401,3302
310M200US15180,15180,"Brownsville-Harlingen, TX Metro Area",42778,37620,2537,744,1388,489
310M200US15260,15260,"Brunswick, GA Metro Area",76784,64365,6857,3123,2295,144
310M200US15380,15380,"Buffalo-Cheektowaga-Niagara Falls, NY Metro Area",891508,801597,64626,16301,7577,1407
310M200US15500,15500,"Burlington, NC Metro Area",101219,87915,7882,2419,2663,340
310M200US15540,15540,"Burlington-South Burlington, VT Metro Area",193277,163103,18437,3526,7431,780
310M200US15680,15680,"California-Lexington Park, MD Metro Area",80725,71542,4348,1980,2444,411
310M200US15940,15940,"Canton-Massillon, OH Metro Area",352722,312044,27764,9145,3190,579
310M200US15980,15980,"Cape Coral-Fort Myers, FL Metro Area",443704,373824,40078,8021,19717,2064
310M200US16020,16020,"Cape Girardeau, MO-IL Metro Area",82935,70005,6911,3946,1820,253
310M200US16060,16060,"Carbondale-Marion, IL Metro Area",105205,88963,7978,6014,1980,270
310M200US16180,16180,"Carson City, NV Metro Area",38013,30515,3505,2598,1348,47
310M200US16220,16220,"Casper, WY Metro Area",67553,55587,7582,1740,2584,60
310M200US16300,16300,"Cedar Rapids, IA Metro Area",231856,200046,20210,7070,4153,377
310M200US16540,16540,"Chambersburg-Waynesboro, PA Metro Area",133703,119724,8548,2663,2358,410
310M200US16580,16580,"Champaign-Urbana, IL Metro Area",170690,134679,21799,9003,4150,1059
310M200US16620,16620,"Charleston, WV Metro Area",201486,179310,14471,4356,3163,186
310M200US16700,16700,"Charleston-North Charleston, SC Metro Area",428899,352130,35107,17611,22905,1146
310M200US16740,16740,"Charlotte-Concord-Gastonia, NC-SC Metro Area",1432418,1250429,97736,38878,41583,3792
310M200US16820,16820,"Charlottesville, VA Metro Area",165012,138327,8383,10817,6350,1135
310M200US16860,16860,"Chattanooga, TN-GA Metro Area",418155,360144,32900,9846,14618,647
310M200US16940,16940,"Cheyenne, WY Metro Area",73725,60880,7438,810,4083,514
310M200US16980,16980,"Chicago-Naperville-Elgin, IL-IN-WI Metro Area",5140350,4593714,322812,104763,99739,19322
310M200US17020,17020,"Chico, CA Metro Area",163399,130813,23531,6302,2137,616
310M200US17140,17140,"Cincinnati, OH-KY-IN Metro Area",1704771,1483816,125928,54308,37657,3062
310M200US17300,17300,"Clarksville, TN-KY Metro Area",178837,140756,16284,3658,15102,3037
310M200US17420,17420,"Cleveland, TN Metro Area",103128,88688,9114,2348,2875,103
310M200US17460,17460,"Cleveland-Elyria, OH Metro Area",1467906,1312326,103210,33178,16213,2979
310M200US17660,17660,"Coeur d'Alene, ID Metro Area",127336,106871,12299,2058,5968,140
310M200US17780,17780,"College Station-Bryan, TX Metro Area",135633,96302,19280,16086,3202,763
310M200US17820,17820,"Colorado Springs, CO Metro Area",469592,375691,48443,8011,31781,5666
310M200US17860,17860,"Columbia, MO Metro Area",132026,99255,19284,8221,4716,550
310M200US17900,17900,"Columbia, SC Metro Area",446680,373972,34484,19488,17365,1371
310M200US17980,17980,"Columbus, GA-AL Metro Area",148667,114920,10897,6511,14756,1583
310M200US18020,18020,"Columbus, IN Metro Area",66367,57044,6172,2296,732,123
310M200US18140,18140,"Columbus, OH Metro Area",1451605,1223675,138874,62406,22904,3746
310M200US18580,18580,"Corpus Christi, TX Metro Area",153274,122984,14238,9807,5655,590
310M200US18700,18700,"Corvallis, OR Metro Area",71080,56605,6518,5036,2577,344
310M200US18880,18880,"Crestview-Fort Walton Beach-Destin, FL Metro Area",187416,154049,16679,5270,10564,854
310M200US19060,19060,"Cumberland, MD-WV Metro Area",91037,81030,6237,1740,1951,79
310M200US19100,19100,"Dallas-Fort Worth-Arlington, TX Metro Area",3251960,2751330,276802,146041,68393,9394
310M200US19140,19140,"Dalton, GA Metro Area",95507,83110,8068,3023,1200,106
310M200US19180,19180,"Danville, IL Metro Area",64224,57207,5028,872,1001,116
310M200US19300,19300,"Daphne-Fairhope-Foley, AL Metro Area",154319,128573,13732,4837,6677,500
310M200US19340,19340,"Davenport-Moline-Rock Island, IA-IL Metro Area",306913,270891,22264,5429,7823,506
310M200US19380,19380,"Dayton, OH Metro Area",616909,522417,57937,21473,13359,1723
310M200US19460,19460,"Decatur, AL Metro Area",117343,103203,8979,3946,1129,86
310M200US19500,19500,"Decatur, IL Metro Area",85088,73203,8154,2394,1199,138
310M200US19660,19660,"Deltona-Daytona Beach-Ormond Beach, FL Metro Area",441613,382077,31499,11520,15469,1048
310M200US19740,19740,"Denver-Aurora-Lakewood, CO Metro Area",1689000,1404236,121529,94151,62427,6657
310M200US19780,19780,"Des Moines-West Des Moines, IA Metro Area",477477,406550,41939,18990,8764,1234
310M200US19820,19820,"Detroit-Warren-Dearborn, MI Metro Area",2878066,2556546,209128,73169,27162,12061
310M200US20020,20020,"Dothan, AL Metro Area",102921,90067,7104,2930,2627,193
310M200US20100,20100,"Dover, DE Metro Area",105566,92720,7592,1642,3253,359
310M200US20220,20220,"Dubuque, IA Metro Area",86445,75616,6977,1404,2288,160
310M200US20260,20260,"Duluth, MN-WI Metro Area",254225,217514,23035,9128,4134,414
310M200US20500,20500,"Durham-Chapel Hill, NC Metro Area",281993,231806,20718,15417,11942,2110
310M200US20700,20700,"East Stroudsburg, PA Metro Area",116795,104940,6085,2553,2974,243
310M200US20740,20740,"Eau Claire, WI Metro Area",149029,125503,13512,7340,2486,188
310M200US20940,20940,"El Centro, CA Metro Area",23272,20089,1431,759,917,76
310M200US21060,21060,"Elizabethtown-Fort Knox, KY Metro Area",119633,98404,9346,4209,6489,1185
310M200US21140,21140,"Elkhart-Goshen, IN Metro Area",150589,131679,13438,2978,2301,193
310M200US21300,21300,"Elmira, NY Metro Area",76784,66739,6553,1696,1728,68
310M200US21340,21340,"El Paso, TX Metro Area",108312,84655,10443,1970,8980,2264
310M200US21500,21500,"Erie, PA Metro Area",240076,207582,22472,4896,4573,553
310M200US21660,21660,"Eugene, OR Metro Area",295055,233080,43144,7679,9844,1308
310M200US21780,21780,"Evansville, IN-KY Metro Area",271966,236731,21047,8624,5218,346
310M200US21820,21820,"Fairbanks, AK Metro Area",71172,53716,9656,1514,5394,892
310M200US22020,22020,"Fargo, ND-MN Metro Area",190356,152800,19899,5246,11726,685
310M200US22140,22140,"Farmington, NM Metro Area",53072,45812,4689,620,1854,97
310M200US22180,22180,"Fayetteville, NC Metro Area",167333,130579,15534,6172,11948,3100
310M200US22220,22220,"Fayetteville-Springdale-Rogers, AR-MO Metro Area",354160,285257,41740,12979,13402,782
310M200US22380,22380,"Flagstaff, AZ Metro Area",73356,56421,8505,4546,3635,249
310M200US22420,22420,"Flint, MI Metro Area",303352,264817,27704,7453,2763,615
310M200US22500,22500,"Florence, SC Metro Area",110481,98506,7314,2368,2203,90
310M200US22520,22520,"Florence-Muscle Shoals, AL Metro Area",121122,104838,9793,4157,2254,80
310M200US22540,22540,"Fond du Lac, WI Metro Area",92409,81604,7255,2616,809,125
310M200US22660,22660,"Fort Collins, CO Metro Area",254650,202924,29063,10402,11091,1170
310M200US22900,22900,"Fort Smith, AR-OK Metro Area",206765,177479,17528,5816,5804,138
310M200US23060,23060,"Fort Wayne, IN Metro Area",327290,290012,25928,6212,4693,445
310M200US23420,23420,"Fresno, CA Metro Area",299580,258208,30487,7149,2985,751
310M200US23460,23460,"Gadsden, AL Metro Area",81519,70165,7517,3026,763,48
310M200US23540,23540,"Gainesville, FL Metro Area",171338,133180,20212,12357,4855,734
310M200US23580,23580,"Gainesville, GA Metro Area",114359,101312,6893,4519,1548,87
310M200US23900,23900,"Gettysburg, PA Metro Area",90836,79414,6699,2376,2131,216
310M200US24020,24020,"Glens Falls, NY Metro Area",120223,106023,7515,4455,2021,209
310M200US24140,24140,"Goldsboro, NC Metro Area",67413,57709,5363,1981,2013,347
310M200US24220,24220,"Grand Forks, ND-MN Metro Area",86446,69887,7994,2838,5380,347
310M200US24260,24260,"Grand Island, NE Metro Area",63923,55651,4852,2302,999,119
310M200US24300,24300,"Grand Junction, CO Metro Area",120606,98670,13909,3729,3988,310
310M200US24340,24340,"Grand Rapids-Wyoming, MI Metro Area",794645,690439,61693,31081,9539,1893
310M200US24420,24420,"Grants Pass, OR Metro Area",72467,62685,6361,1102,2260,59
310M200US24500,24500,"Great Falls, MT Metro Area",70074,59378,6756,1367,2306,267
310M200US24540,24540,"Greeley, CO Metro Area",172375,141397,14928,9787,5708,555
310M200US24580,24580,"Green Bay, WI Metro Area",261950,232512,19561,6955,2508,414
310M200US24660,24660,"Greensboro-High Point, NC Metro Area",444404,393821,29224,12376,8025,958
310M200US24780,24780,"Greenville, NC Metro Area",96349,76559,9581,6916,3006,287
310M200US24860,24860,"Greenville-Anderson-Mauldin, SC Metro Area",612735,526690,44634,19732,19605,2074
310M200US25060,25060,"Gulfport-Biloxi-Pascagoula, MS Metro Area",258966,217775,23299,7559,9575,758
310M200US25180,25180,"Hagerstown-Martinsburg, MD-WV Metro Area",211041,182848,17652,4662,5499,380
310M200US25220,25220,"Hammond, LA Metro Area",77773,67560,5717,2590,1674,232
310M200US25260,25260,"Hanford-Corcoran, CA Metro Area",52543,44033,4361,2520,1469,160
310M200US25420,25420,"Harrisburg-Carlisle, PA Metro Area",437887,382164,30601,17348,6247,1527
310M200US25500,25500,"Harrisonburg, VA Metro Area",104252,84587,6604,9797,2752,512
310M200US25540,25540,"Hartford-West Hartford-East Hartford, CT Metro Area",852720,770651,43713,21594,15041,1721
310M200US25620,25620,"Hattiesburg, MS Metro Area",95424,78427,7093,7077,2689,138
310M200US25860,25860,"Hickory-Lenoir-Morganton, NC Metro Area",297403,264798,20031,8613,3774,187
310M200US25940,25940,"Hilton Head Island-Bluffton-Beaufort, SC Metro Area",118478,98421,6877,2361,10088,731
310M200US25980,25980,"Hinesville, GA Metro Area",36039,26200,2127,2076,4633,1003
310M200US26140,26140,"Homosassa Springs, FL Metro Area",124570,110088,7953,3120,3345,64
310M200US26300,26300,"Hot Springs, AR Metro Area",80194,68585,6843,1902,2741,123
310M200US26380,26380,"Houma-Thibodaux, LA Metro Area",150387,133877,10059,4841,1434,176
310M200US26420,26420,"Houston-The Woodlands-Sugar Land, TX Metro Area",2344329,1996113,193843,89212,51355,13806
310M200US26580,26580,"Huntington-Ashland, WV-KY-OH Metro Area",341422,300655,23012,8681,8736,338
310M200US26620,26620,"Huntsville, AL Metro Area",287930,252121,21467,6290,7470,582
310M200US26820,26820,"Idaho Falls, ID Metro Area",113330,96649,9395,4304,2579,403
310M200US26900,26900,"Indianapolis-Carmel-Anderson, IN Metro Area",1417180,1216895,114165,60631,22331,3158
310M200US26980,26980,"Iowa City, IA Metro Area",129448,99787,16245,7302,5548,566
310M200US27060,27060,"Ithaca, NY Metro Area",80566,63092,7721,4235,4924,594
310M200US27100,27100,"Jackson, MI Metro Area",135784,114895,14279,5239,1225,146
310M200US27140,27140,"Jackson, MS Metro Area",269125,235040,17300,11712,4743,330
310M200US27180,27180,"Jackson, TN Metro Area",81861,72393,4727,3110,1498,133
310M200US27260,27260,"Jacksonville, FL Metro Area",883484,746607,76089,32155,26563,2070
310M200US27340,27340,"Jacksonville, NC Metro Area",120179,89767,11707,2933,12628,3144
310M200US27500,27500,"Janesville-Beloit, WI Metro Area",133812,116609,11582,2220,3222,179
310M200US27620,27620,"Jefferson City, MO Metro Area",129555,112459,7685,7408,1835,168
310M200US27740,27740,"Johnson City, TN Metro Area",181948,156787,14549,6726,3626,260
310M200US27780,27780,"Johnstown, PA Metro Area",131527,118860,7413,3813,1339,102
310M200US27860,27860,"Jonesboro, AR Metro Area",98375,78367,13458,4118,2254,178
310M200US27900,27900,"Joplin, MO Metro Area",149906,126050,14397,5779,3530,150
310M200US27980,27980,"Kahului-Wailuku-Lahaina, HI Metro Area",49199,38569,5885,513,3650,582
310M200US28020,28020,"Kalamazoo-Portage, MI Metro Area",261058,216166,27520,13022,3690,660
310M200US28100,28100,"Kankakee, IL Metro Area",81938,72625,5634,2381,1073,225
310M200US28140,28140,"Kansas City, MO-KS Metro Area",1480785,1269211,113555,46539,47846,3634
310M200US28420,28420,"Kennewick-Richland, WA Metro Area",165594,140446,13177,6969,4613,389
310M200US28660,28660,"Killeen-Temple, TX Metro Area",216879,169698,18272,9375,14679,4855
310M200US28700,28700,"Kingsport-Bristol-Bristol, TN-VA Metro Area",290132,252953,21888,7623,7320,348
310M200US28740,28740,"Kingston, NY Metro Area",146522,131376,9413,4044,1522,167
310M200US28940,28940,"Knoxville, TN Metro Area",734234,640614,55071,22186,15139,1224
310M200US29020,29020,"Kokomo, IN Metro Area",71218,60367,7758,2246,787,60
310M200US29100,29100,"La Crosse-Onalaska, WI-MN Metro Area",121902,100396,13304,4527,3408,267
310M200US29180,29180,"Lafayette, LA Metro Area",320447,280980,24478,9707,4553,729
310M200US29200,29200,"Lafayette-West Lafayette, IN Metro Area",165329,126090,23296,10022,5174,747
310M200US29340,29340,"Lake Charles, LA Metro Area",139098,118924,14059,3586,2324,205
310M200US29420,29420,"Lake Havasu City-Kingman, AZ Metro Area",158087,126998,17383,2998,10326,382
310M200US29460,29460,"Lakeland-Winter Haven, FL Metro Area",385059,328343,35114,9124,11033,1445
310M200US29540,29540,"Lancaster, PA Metro Area",436083,394565,28584,7331,4964,639
310M200US29620,29620,"Lansing-East Lansing, MI Metro Area",359350,294961,31227,25880,6067,1215
310M200US29700,29700,"Laredo, TX Metro Area",8910,7047,732,555,496,80
310M200US29740,29740,"Las Cruces, NM Metro Area",62280,50818,6515,2043,2519,385
310M200US29820,29820,"Las Vegas-Henderson-Paradise, NV Metro Area",925719,740301,135729,2494,43424,3771
310M200US29940,29940,"Lawrence, KS Metro Area",90199,66580,14013,5781,3255,570
310M200US30020,30020,"Lawton, OK Metro Area",76772,56565,8280,2494,8088,1345
310M200US30140,30140,"Lebanon, PA Metro Area",114262,101891,7140,3934,1087,210
310M200US30300,30300,"Lewiston, ID-WA Metro Area",54454,46907,4181,1157,2197,12
310M200US30340,30340,"Lewiston-Auburn, ME Metro Area",97595,83937,8901,3178,1395,184
310M200US30460,30460,"Lexington-Fayette, KY Metro Area",373178,298374,43662,19229,10717,1196
310M200US30620,30620,"Lima, OH Metro Area",86018,73579,8153,2876,1386,24
310M200US30700,30700,"Lincoln, NE Metro Area",256187,205093,33614,10352,6425,703
310M200US30780,30780,"Little Rock-North Little Rock-Conway, AR Metro Area",486154,420442,34560,18976,11051,1125
310M200US30860,30860,"Logan, UT-ID Metro Area",107171,85896,11135,5518,3883,739
310M200US30980,30980,"Longview, TX Metro Area",139822,116880,10945,9439,2348,210
310M200US31020,31020,"Longview, WA Metro Area",86169,72112,10184,1987,1808,78
310M200US31080,31080,"Los Angeles-Long Beach-Anaheim, CA Metro Area",4018586,3459071,386038,79431,70556,23490
310M200US31140,31140,"Louisville/Jefferson County, KY-IN Metro Area",965210,847627,69393,26110,20309,1771
310M200US31180,31180,"Lubbock, TX Metro Area",164348,125702,22549,11811,3594,692
310M200US31340,31340,"Lynchburg, VA Metro Area",193746,169261,8940,9875,5379,291
310M200US31420,31420,"Macon, GA Metro Area",117892,102838,6523,6488,1794,249
310M200US31460,31460,"Madera, CA Metro Area",56178,49606,3208,2835,476,53
310M200US31540,31540,"Madison, WI Metro Area",511266,426507,53816,17037,12549,1357
310M200US31700,31700,"Manchester-Nashua, NH Metro Area",347371,304701,26322,6157,9383,808
310M200US31740,31740,"Manhattan, KS Metro Area",76533,61019,5645,5212,4046,611
310M200US31860,31860,"Mankato-North Mankato, MN Metro Area",87300,72062,6665,7006,1451,116
310M200US31900,31900,"Mansfield, OH Metro Area",105861,91365,9730,3669,990,107
310M200US32580,32580,"McAllen-Edinburg-Mission, TX Metro Area",59794,51711,3364,1293,2485,941
310M200US32780,32780,"Medford, OR Metro Area",169395,139287,20062,3868,5843,335
310M200US32820,32820,"Memphis, TN-MS-AR Metro Area",604941,527109,44762,12078,19599,1393
310M200US32900,32900,"Merced, CA Metro Area",79879,67889,8461,2874,594,61
310M200US33100,33100,"Miami-Fort Lauderdale-West Palm Beach, FL Metro Area",1932169,1668343,152591,39684,54974,16577
310M200US33140,33140,"Michigan City-La Porte, IN Metro Area",89535,77984,6641,3529,1293,88
310M200US33220,33220,"Midland, MI Metro Area",76862,66294,5409,3177,1721,261
310M200US33260,33260,"Midland, TX Metro Area",75658,62963,7187,3686,1631,191
310M200US33340,33340,"Milwaukee-Waukesha-West Allis, WI Metro Area",1060995,933556,75643,32962,16863,1971
310M200US33460,33460,"Minneapolis-St. Paul-Bloomington, MN-WI Metro Area",2630704,2303516,161644,110204,47229,8111
310M200US33540,33540,"Missoula, MT Metro Area",99122,77418,13480,3458,4238,528
310M200US33660,33660,"Mobile, AL Metro Area",240191,208999,22617,3027,4951,597
310M200US33700,33700,"Modesto, CA Metro Area",236362,195976,29784,7191,2550,861
310M200US33740,33740,"Monroe, LA Metro Area",105715,94064,7296,3054,1203,98
310M200US33780,33780,"Monroe, MI Metro Area",138113,124161,8739,3299,1657,257
310M200US33860,33860,"Montgomery, AL Metro Area",189567,162260,11457,9464,5694,692
310M200US34060,34060,"Morgantown, WV Metro Area",118770,98222,9802,4073,6311,362
310M200US34100,34100,"Morristown, TN Metro Area",99147,86013,7238,4274,1480,142
310M200US34580,34580,"Mount Vernon-Anacortes, WA Metro Area",88901,75374,8667,2825,1782,253
310M200US34620,34620,"Muncie, IN Metro Area",102540,76620,15089,8963,1807,61
310M200US34740,34740,"Muskegon, MI Metro Area",130955,113042,12125,4290,1362,136
310M200US34820,34820,"Myrtle Beach-Conway-North Myrtle Beach, SC-NC Metro Area",301089,254549,26346,5730,13903,561
310M200US34900,34900,"Napa, CA Metro Area",76250,66514,5936,2750,893,157
310M200US34940,34940,"Naples-Immokalee-Marco Island, FL Metro Area",213228,184466,14257,3797,9405,1303
310M200US34980,34980,"Nashville-Davidson--Murfreesboro--Franklin, TN Metro Area",1245712,1046815,105735,50386,38822,3954
310M200US35100,35100,"New Bern, NC Metro Area",84363,68928,6688,3203,4756,788
310M200US35300,35300,"New Haven-Milford, CT Metro Area",571560,520121,32446,8159,9256,1578
310M200US35380,35380,"New Orleans-Metairie, LA Metro Area",637714,556926,41457,18730,18212,2389
310M200US35620,35620,"New York-Newark-Jersey City, NY-NJ-PA Metro Area",9577719,8777600,430889,173597,146583,49050
310M200US35660,35660,"Niles-Benton Harbor, MI Metro Area",117413,104400,9036,1687,2073,217
310M200US35840,35840,"North Port-Sarasota-Bradenton, FL Metro Area",559783,477309,42286,15337,21779,3072
310M200US35980,35980,"Norwich-New London, CT Metro Area",211339,185459,13968,4024,7362,526
310M200US36100,36100,"Ocala, FL Metro Area",243018,209576,19171,7461,6491,319
310M200US36140,36140,"Ocean City, NJ Metro Area",83215,75224,3774,1336,2432,449
310M200US36220,36220,"Odessa, TX Metro Area",55189,45082,6553,2504,889,161
310M200US36260,36260,"Ogden-Clearfield, UT Metro Area",493695,427430,35559,18307,10621,1778
310M200US36420,36420,"Oklahoma City, OK Metro Area",846473,698132,83388,39462,23190,2301
310M200US36500,36500,"Olympia-Tumwater, WA Metro Area",198161,163966,18080,8180,6193,1742
310M200US36540,36540,"Omaha-Council Bluffs, NE-IA Metro Area",678254,578914,57870,20779,18875,1816
310M200US36740,36740,"Orlando-Kissimmee-Sanford, FL Metro Area",1128559,953637,92087,45880,32108,4847
310M200US36780,36780,"Oshkosh-Neenah, WI Metro Area",150271,129586,11341,7599,1560,185
310M200US36980,36980,"Owensboro, KY Metro Area",103857,90506,9283,2811,1099,158
310M200US37100,37100,"Oxnard-Thousand Oaks-Ventura, CA Metro Area",396045,345540,29720,12467,7019,1299
310M200US37340,37340,"Palm Bay-Melbourne-Titusville, FL Metro Area",417213,361002,36103,7029,11982,1097
310M200US37460,37460,"Panama City, FL Metro Area",144463,116298,17818,3845,5856,646
310M200US37620,37620,"Parkersburg-Vienna, WV Metro Area",87744,78650,5885,990,2088,131
310M200US37860,37860,"Pensacola-Ferry Pass-Brent, FL Metro Area",325905,267866,28070,8972,19897,1100
310M200US37900,37900,"Peoria, IL Metro Area",315326,277367,22471,10790,4168,530
310M200US37980,37980,"Philadelphia-Camden-Wilmington, PA-NJ-DE-MD Metro Area",3826822,3465931,198966,77849,73782,10294
310M200US38060,38060,"Phoenix-Mesa-Scottsdale, AZ Metro Area",2461731,2014891,301886,36869,96577,11508
310M200US38220,38220,"Pine Bluff, AR Metro Area",47259,42308,2408,1689,787,67
310M200US38300,38300,"Pittsburgh, PA Metro Area",2030046,1821760,131613,43998,28845,3830
310M200US38340,38340,"Pittsfield, MA Metro Area",116831,103687,9654,1298,2055,137
310M200US38540,38540,"Pocatello, ID Metro Area",70628,57356,8099,2779,2063,331
310M200US38860,38860,"Portland-South Portland, ME Metro Area",476915,410236,37817,13211,14441,1210
310M200US38900,38900,"Portland-Vancouver-Hillsboro, OR-WA Metro Area",1699560,1423095,158864,54660,56524,6417
310M200US38940,38940,"Port St. Lucie, FL Metro Area",286624,245449,19999,11336,9097,743
310M200US39140,39140,"Prescott, AZ Metro Area",171815,141320,16951,6055,7059,430
310M200US39300,39300,"Providence-Warwick, RI-MA Metro Area",1255326,1118766,82188,21022,30172,3178
310M200US39340,39340,"Provo-Orem, UT Metro Area",444034,349920,56316,14565,19347,3886
310M200US39380,39380,"Pueblo, CO Metro Area",85290,72078,8421,2144,2243,404
310M200US39460,39460,"Punta Gorda, FL Metro Area",137249,116048,10184,4729,5801,487
310M200US39540,39540,"Racine, WI Metro Area",143124,130539,7386,4179,869,151
310M200US39580,39580,"Raleigh, NC Metro Area",725314,628251,52274,22734,19583,2472
310M200US39660,39660,"Rapid City, SD Metro Area",112873,94143,9880,3708,4702,440
310M200US39740,39740,"Reading, PA Metro Area",310993,279553,21269,7291,2655,225
310M200US39820,39820,"Redding, CA Metro Area",144603,120130,16580,4799,2676,418
310M200US39900,39900,"Reno, NV Metro Area",280315,221515,41073,4725,11940,1062
310M200US40060,40060,"Richmond, VA Metro Area",715059,625540,38340,33725,15227,2227
310M200US40140,40140,"Riverside-San Bernardino-Ontario, CA Metro Area",1522680,1287706,144146,55247,28437,7144
310M200US40220,40220,"Roanoke, VA Metro Area",246123,213642,15111,12976,4015,379
310M200US40340,40340,"Rochester, MN Metro Area",178665,158555,11408,5037,3175,490
310M200US40380,40380,"Rochester, NY Metro Area",837612,736330,63801,24600,10832,2049
310M200US40420,40420,"Rockford, IL Metro Area",250377,222977,18796,5202,2994,408
310M200US40580,40580,"Rocky Mount, NC Metro Area",71327,64530,3542,2427,683,145
310M200US40660,40660,"Rome, GA Metro Area",69562,59398,6422,2323,1294,125
310M200US40900,40900,"Sacramento--Roseville--Arden-Arcade, CA Metro Area",1191238,994773,125274,50737,16707,3747
310M200US40980,40980,"Saginaw, MI Metro Area",138789,122571,9818,4468,1729,203
310M200US41060,41060,"St. Cloud, MN Metro Area",170480,140897,13768,12990,2461,364
310M200US41100,41100,"St. George, UT Metro Area",119682,97858,12594,3720,4907,603
310M200US41140,41140,"St. Joseph, MO-KS Metro Area",109804,91255,10407,5616,2360,166
310M200US41180,41180,"St. Louis, MO-IL Metro Area",2066104,1824758,135163,61809,39955,4419
310M200US41420,41420,"Salem, OR Metro Area",274562,229488,27391,11117,6012,554
310M200US41500,41500,"Salinas, CA Metro Area",135524,111187,11355,5024,6593,1365
310M200US41540,41540,"Salisbury, MD-DE Metro Area",269730,237029,17326,5891,8505,979
310M200US41620,41620,"Salt Lake City, UT Metro Area",809649,686133,80056,19371,20764,3325
310M200US41660,41660,"San Angelo, TX Metro Area",64348,48516,7410,3678,4350,394
310M200US41700,41700,"San Antonio-New Braunfels, TX Metro Area",776427,650953,65935,30475,25582,3482
310M200US41740,41740,"San Diego-Carlsbad, CA Metro Area",1491050,1245570,160406,25147,46114,13813
310M200US41860,41860,"San Francisco-Oakland-Hayward, CA Metro Area",1837495,1576500,137849,75497,33984,13665
310M200US41940,41940,"San Jose-Sunnyvale-Santa Clara, CA Metro Area",643986,553623,53912,19136,11807,5508
310M200US42020,42020,"San Luis Obispo-Paso Robles-Arroyo Grande, CA Metro Area",190615,152937,22862,11220,2816,780
310M200US42100,42100,"Santa Cruz-Watsonville, CA Metro Area",155644,130211,14771,7664,2432,566
310M200US42140,42140,"Santa Fe, NM Metro Area",63186,54298,4389,1064,3093,342
310M200US42200,42200,"Santa Maria-Santa Barbara, CA Metro Area",201228,159896,25961,8661,4691,2019
310M200US42220,42220,"Santa Rosa, CA Metro Area",318145,274694,30005,8839,3973,634
310M200US42340,42340,"Savannah, GA Metro Area",200237,169425,13716,6445,9476,1175
310M200US42540,42540,"Scranton--Wilkes-Barre--Hazleton, PA Metro Area",494199,443346,33035,10360,6708,750
310M200US42660,42660,"Seattle-Tacoma-Bellevue, WA Metro Area",2339705,1960999,238883,60469,66222,13132
310M200US42680,42680,"Sebastian-Vero Beach, FL Metro Area",106791,91381,8356,2982,3636,436
310M200US42700,42700,"Sebring, FL Metro Area",68454,58942,5427,1580,2283,222
310M200US43100,43100,"Sheboygan, WI Metro Area",98951,88126,7729,2109,763,224
310M200US43300,43300,"Sherman-Denison, TX Metro Area",93918,78410,10506,3259,1676,67
310M200US43340,43340,"Shreveport-Bossier City, LA Metro Area",242294,206446,17610,10316,7281,641
310M200US43420,43420,"Sierra Vista-Douglas, AZ Metro Area",75134,61568,5320,2369,5198,679
310M200US43580,43580,"Sioux City, IA-NE-SD Metro Area",130908,113179,10057,3090,4444,138
310M200US43620,43620,"Sioux Falls, SD Metro Area",203404,174020,15482,8396,5127,379
310M200US43780,43780,"South Bend-Mishawaka, IN-MI Metro Area",243845,211846,19361,4564,7507,567
310M200US43900,43900,"Spartanburg, SC Metro Area",216253,189298,16849,5479,4049,578
310M200US44060,44060,"Spokane-Spokane Valley, WA Metro Area",454732,380526,49651,10705,12290,1560
310M200US44100,44100,"Springfield, IL Metro Area",173359,149888,15473,4881,2654,463
310M200US44140,44140,"Springfield, MA Metro Area",444656,394145,28351,12318,8478,1364
310M200US44180,44180,"Springfield, MO Metro Area",397426,323182,42618,21101,9701,824
310M200US44220,44220,"Springfield, OH Metro Area",116342,100437,11073,3251,1394,187
310M200US44300,44300,"State College, PA Metro Area",134174,100402,15913,11704,5575,580
310M200US44420,44420,"Staunton-Waynesboro, VA Metro Area",103234,92505,4583,4952,1073,121
310M200US44700,44700,"Stockton-Lodi, CA Metro Area",243374,207741,21785,10146,2942,760
310M200US44940,44940,"Sumter, SC Metro Area",49805,44023,3100,867,1564,251
310M200US45060,45060,"Syracuse, NY Metro Area",546978,477682,43287,15602,8992,1415
310M200US45220,45220,"Tallahassee, FL Metro Area",209878,164968,26045,13886,4292,687
310M200US45300,45300,"Tampa-St. Petersburg-Clearwater, FL Metro Area",1868484,1597755,160750,48048,53786,8145
310M200US45460,45460,"Terre Haute, IN Metro Area",152982,132678,12127,5632,2296,249
310M200US45500,45500,"Texarkana, TX-AR Metro Area",100143,86590,7692,2541,3175,145
310M200US45540,45540,"The Villages, FL Metro Area",81742,70461,2918,2922,5093,348
310M200US45780,45780,"Toledo, OH Metro Area",459253,391049,43530,16410,7229,1035
310M200US45820,45820,"Topeka, KS Metro Area",184040,158811,15778,5742,3439,270
310M200US45940,45940,"Trenton, NJ Metro Area",196125,175913,8886,6317,4050,959
310M200US46060,46060,"Tucson, AZ Metro Area",535564,432902,67379,9994,22718,2571
310M200US46140,46140,"Tulsa, OK Metro Area",631943,539508,53975,23690,13759,1011
310M200US46220,46220,"Tuscaloosa, AL Metro Area",142221,117442,12971,6341,5028,439
310M200US46340,46340,"Tyler, TX Metro Area",129933,107252,12317,7180,2900,284
310M200US46520,46520,"Urban Honolulu, HI Metro Area",183736,135201,19421,733,23923,4458
310M200US46540,46540,"Utica-Rome, NY Metro Area",256774,227520,18933,7549,2169,603
310M200US46660,46660,"Valdosta, GA Metro Area",79912,64922,7980,4043,2555,412
310M200US46700,46700,"Vallejo-Fairfield, CA Metro Area",167246,139602,16361,6893,3582,808
310M200US47020,47020,"Victoria, TX Metro Area",45607,38959,3693,1890,1017,48
310M200US47220,47220,"Vineland-Bridgeton, NJ Metro Area",77354,70966,4000,1643,659,86
310M200US47260,47260,"Virginia Beach-Norfolk-Newport News, VA-NC Metro Area",951578,802486,60183,40788,42542,5579
310M200US47300,47300,"Visalia-Porterville, CA Metro Area",141457,121988,13895,2694,2585,295
310M200US47380,47380,"Waco, TX Metro Area",146813,119862,15530,7981,3127,313
310M200US47460,47460,"Walla Walla, WA Metro Area",46724,39002,3721,1922,1883,196
310M200US47580,47580,"Warner Robins, GA Metro Area",103923,89166,7892,3647,2664,554
310M200US47900,47900,"Washington-Arlington-Alexandria, DC-VA-MD-WV Metro Area",2753094,2372415,151432,75526,128929,24792
310M200US47940,47940,"Waterloo-Cedar Falls, IA Metro Area",143931,122379,12653,6596,1882,421
310M200US48060,48060,"Watertown-Fort Drum, NY Metro Area",97927,78179,10160,1767,5778,2043
310M200US48140,48140,"Wausau, WI Metro Area",119690,107035,8503,2705,1277,170
310M200US48260,48260,"Weirton-Steubenville, WV-OH Metro Area",113750,102714,5980,1948,2953,155
310M200US48300,48300,"Wenatchee, WA Metro Area",76348,68074,3856,3337,955,126
310M200US48540,48540,"Wheeling, WV-OH Metro Area",137298,123248,8287,2972,2630,161
310M200US48620,48620,"Wichita, KS Metro Area",461981,394010,45201,13033,9021,716
310M200US48660,48660,"Wichita Falls, TX Metro Area",105875,86708,9718,3908,5064,477
310M200US48700,48700,"Williamsport, PA Metro Area",105844,93933,7810,2646,1388,67
310M200US48900,48900,"Wilmington, NC Metro Area",195872,160828,17790,10713,6157,384
310M200US49020,49020,"Winchester, VA-WV Metro Area",108059,94184,5863,5875,2033,104
310M200US49180,49180,"Winston-Salem, NC Metro Area",448238,402257,24462,13625,7219,675
310M200US49340,49340,"Worcester, MA-CT Metro Area",738203,659950,50885,14479,10956,1933
310M200US49420,49420,"Yakima, WA Metro Area",113913,98526,10946,2625,1639,177
310M200US49620,49620,"York-Hanover, PA Metro Area",371011,332072,24950,7488,6009,492
310M200US49660,49660,"Youngstown-Warren-Boardman, OH-PA Metro Area",469014,421570,30594,9236,7068,546
310M200US49700,49700,"Yuba City, CA Metro Area",88060,69612,10500,5823,1644,481
310M200US49740,49740,"Yuma, AZ Metro Area",68574,55125,6051,1921,4517,960
