GEO.id,GEO.id2,GEO.display-label,HD01_VD01,HD01_VD02,HD01_VD03,HD01_VD04,HD01_VD05,HD01_VD06
Id,Id2,Geography,Estimate; Total:,Estimate; Total: - Same house 1 year ago,Estimate; Total: - Moved within same county,Estimate; Total: - Moved from different county within same state,Estimate; Total: - Moved from different state,Estimate; Total: - Moved from abroad
310M200US10180,10180,"Abilene, TX Metro Area",924,534,216,123,45,6
310M200US10420,10420,"Akron, OH Metro Area",1297,1048,177,12,48,12
310M200US10500,10500,"Albany, GA Metro Area",173,134,0,0,39,0
310M200US10540,10540,"Albany, OR Metro Area",1886,1598,105,158,25,0
310M200US10580,10580,"Albany-Schenectady-Troy, NY Metro Area",1194,919,172,37,45,21
310M200US10740,10740,"Albuquerque, NM Metro Area",50003,41636,4893,2623,727,124
310M200US10780,10780,"Alexandria, LA Metro Area",997,865,94,25,13,0
310M200US10900,10900,"Allentown-Bethlehem-Easton, PA-NJ Metro Area",1987,1603,137,121,43,83
310M200US11020,11020,"Altoona, PA Metro Area",64,61,3,0,0,0
310M200US11100,11100,"Amarillo, TX Metro Area",1414,1072,140,127,63,12
310M200US11180,11180,"Ames, IA Metro Area",173,87,0,51,35,0
310M200US11260,11260,"Anchorage, AK Metro Area",24527,20039,2496,1549,348,95
310M200US11460,11460,"Ann Arbor, MI Metro Area",952,718,43,106,75,10
310M200US11500,11500,"Anniston-Oxford-Jacksonville, AL Metro Area",221,197,17,7,0,0
310M200US11540,11540,"Appleton, WI Metro Area",3226,2958,109,159,0,0
310M200US11700,11700,"Asheville, NC Metro Area",1521,1359,22,37,103,0
310M200US12020,12020,"Athens-Clarke County, GA Metro Area",404,383,0,19,2,0
310M200US12060,12060,"Atlanta-Sandy Springs-Roswell, GA Metro Area",15789,13335,939,981,371,163
310M200US12100,12100,"Atlantic City-Hammonton, NJ Metro Area",705,415,261,13,16,0
310M200US12220,12220,"Auburn-Opelika, AL Metro Area",231,171,24,36,0,0
310M200US12260,12260,"Augusta-Richmond County, GA-SC Metro Area",1476,1252,47,24,130,23
310M200US12420,12420,"Austin-Round Rock, TX Metro Area",8357,6510,815,770,124,138
310M200US12540,12540,"Bakersfield, CA Metro Area",9965,8166,1394,377,25,3
310M200US12580,12580,"Baltimore-Columbia-Towson, MD Metro Area",6326,4942,736,469,86,93
310M200US12620,12620,"Bangor, ME Metro Area",1675,1185,404,77,9,0
310M200US12700,12700,"Barnstable Town, MA Metro Area",1021,984,13,24,0,0
310M200US12940,12940,"Baton Rouge, LA Metro Area",1718,1437,154,47,61,19
310M200US12980,12980,"Battle Creek, MI Metro Area",986,792,111,81,2,0
310M200US13020,13020,"Bay City, MI Metro Area",366,308,45,0,0,13
310M200US13140,13140,"Beaumont-Port Arthur, TX Metro Area",1525,1392,19,40,74,0
310M200US13220,13220,"Beckley, WV Metro Area",392,384,8,0,0,0
310M200US13380,13380,"Bellingham, WA Metro Area",5906,5162,589,109,40,6
310M200US13460,13460,"Bend-Redmond, OR Metro Area",920,749,41,37,90,3
310M200US13740,13740,"Billings, MT Metro Area",6663,4352,1552,680,79,0
310M200US13780,13780,"Binghamton, NY Metro Area",568,448,79,22,13,6
310M200US13820,13820,"Birmingham-Hoover, AL Metro Area",3041,2449,331,36,104,121
310M200US13900,13900,"Bismarck, ND Metro Area",7919,6294,759,643,213,10
310M200US13980,13980,"Blacksburg-Christiansburg-Radford, VA Metro Area",382,269,93,8,7,5
310M200US14010,14010,"Bloomington, IL Metro Area",314,268,46,0,0,0
310M200US14020,14020,"Bloomington, IN Metro Area",592,283,265,44,0,0
310M200US14100,14100,"Bloomsburg-Berwick, PA Metro Area",88,81,7,0,0,0
310M200US14260,14260,"Boise City, ID Metro Area",4861,3578,623,271,388,1
310M200US14460,14460,"Boston-Cambridge-Newton, MA-NH Metro Area",7943,6661,670,359,167,86
310M200US14500,14500,"Boulder, CO Metro Area",1667,1070,363,209,6,19
310M200US14540,14540,"Bowling Green, KY Metro Area",460,414,20,22,0,4
310M200US14740,14740,"Bremerton-Silverdale, WA Metro Area",3133,2505,458,96,74,0
310M200US14860,14860,"Bridgeport-Stamford-Norwalk, CT Metro Area",2211,1835,211,67,6,92
310M200US15180,15180,"Brownsville-Harlingen, TX Metro Area",928,774,65,6,26,57
310M200US15260,15260,"Brunswick, GA Metro Area",323,211,28,37,18,29
310M200US15380,15380,"Buffalo-Cheektowaga-Niagara Falls, NY Metro Area",6169,5275,591,224,16,63
310M200US15500,15500,"Burlington, NC Metro Area",590,480,54,9,10,37
310M200US15540,15540,"Burlington-South Burlington, VT Metro Area",701,567,102,8,10,14
310M200US15680,15680,"California-Lexington Park, MD Metro Area",212,212,0,0,0,0
310M200US15940,15940,"Canton-Massillon, OH Metro Area",406,384,10,10,2,0
310M200US15980,15980,"Cape Coral-Fort Myers, FL Metro Area",1948,1166,412,220,150,0
310M200US16020,16020,"Cape Girardeau, MO-IL Metro Area",287,151,106,1,0,29
310M200US16060,16060,"Carbondale-Marion, IL Metro Area",422,330,16,72,4,0
310M200US16180,16180,"Carson City, NV Metro Area",1330,980,131,58,161,0
310M200US16220,16220,"Casper, WY Metro Area",817,440,243,54,42,38
310M200US16300,16300,"Cedar Rapids, IA Metro Area",711,578,28,53,52,0
310M200US16540,16540,"Chambersburg-Waynesboro, PA Metro Area",369,213,0,156,0,0
310M200US16580,16580,"Champaign-Urbana, IL Metro Area",373,298,27,33,15,0
310M200US16620,16620,"Charleston, WV Metro Area",362,240,62,20,40,0
310M200US16700,16700,"Charleston-North Charleston, SC Metro Area",2395,1923,190,180,102,0
310M200US16740,16740,"Charlotte-Concord-Gastonia, NC-SC Metro Area",8558,7076,685,340,394,63
310M200US16820,16820,"Charlottesville, VA Metro Area",406,271,49,44,42,0
310M200US16860,16860,"Chattanooga, TN-GA Metro Area",1271,1113,66,33,42,17
310M200US16940,16940,"Cheyenne, WY Metro Area",850,461,268,77,44,0
310M200US16980,16980,"Chicago-Naperville-Elgin, IL-IN-WI Metro Area",22920,19862,1793,655,403,207
310M200US17020,17020,"Chico, CA Metro Area",2533,1950,401,110,72,0
310M200US17140,17140,"Cincinnati, OH-KY-IN Metro Area",3575,3020,358,80,88,29
310M200US17300,17300,"Clarksville, TN-KY Metro Area",1503,1029,134,31,301,8
310M200US17420,17420,"Cleveland, TN Metro Area",180,102,35,6,37,0
310M200US17460,17460,"Cleveland-Elyria, OH Metro Area",4722,3491,797,168,81,185
310M200US17660,17660,"Coeur d'Alene, ID Metro Area",2091,1488,209,92,302,0
310M200US17780,17780,"College Station-Bryan, TX Metro Area",744,614,74,33,11,12
310M200US17820,17820,"Colorado Springs, CO Metro Area",4214,2859,764,119,430,42
310M200US17860,17860,"Columbia, MO Metro Area",369,345,2,17,5,0
310M200US17900,17900,"Columbia, SC Metro Area",1567,1292,150,74,41,10
310M200US17980,17980,"Columbus, GA-AL Metro Area",984,638,104,24,159,59
310M200US18020,18020,"Columbus, IN Metro Area",217,208,9,0,0,0
310M200US18140,18140,"Columbus, OH Metro Area",3110,2475,255,179,53,148
310M200US18580,18580,"Corpus Christi, TX Metro Area",2066,1791,130,44,101,0
310M200US18700,18700,"Corvallis, OR Metro Area",589,396,27,130,36,0
310M200US18880,18880,"Crestview-Fort Walton Beach-Destin, FL Metro Area",1682,1435,74,51,122,0
310M200US19060,19060,"Cumberland, MD-WV Metro Area",115,89,17,6,3,0
310M200US19100,19100,"Dallas-Fort Worth-Arlington, TX Metro Area",30406,24512,3520,1418,671,285
310M200US19140,19140,"Dalton, GA Metro Area",282,282,0,0,0,0
310M200US19180,19180,"Danville, IL Metro Area",294,293,1,0,0,0
310M200US19300,19300,"Daphne-Fairhope-Foley, AL Metro Area",1166,1100,57,9,0,0
310M200US19340,19340,"Davenport-Moline-Rock Island, IA-IL Metro Area",884,841,17,1,17,8
310M200US19380,19380,"Dayton, OH Metro Area",1647,1366,195,55,25,6
310M200US19460,19460,"Decatur, AL Metro Area",2584,2292,229,49,14,0
310M200US19500,19500,"Decatur, IL Metro Area",179,133,46,0,0,0
310M200US19660,19660,"Deltona-Daytona Beach-Ormond Beach, FL Metro Area",1920,1572,141,103,98,6
310M200US19740,19740,"Denver-Aurora-Lakewood, CO Metro Area",21694,18067,1922,1029,665,11
310M200US19780,19780,"Des Moines-West Des Moines, IA Metro Area",1376,1148,91,54,77,6
310M200US19820,19820,"Detroit-Warren-Dearborn, MI Metro Area",12431,9931,1654,517,108,221
310M200US20020,20020,"Dothan, AL Metro Area",470,366,76,10,18,0
310M200US20100,20100,"Dover, DE Metro Area",1090,1067,23,0,0,0
310M200US20220,20220,"Dubuque, IA Metro Area",91,85,2,0,4,0
310M200US20260,20260,"Duluth, MN-WI Metro Area",6372,5116,812,277,156,11
310M200US20500,20500,"Durham-Chapel Hill, NC Metro Area",2508,1946,265,128,157,12
310M200US20700,20700,"East Stroudsburg, PA Metro Area",520,480,8,11,21,0
310M200US20740,20740,"Eau Claire, WI Metro Area",670,447,35,152,36,0
310M200US20940,20940,"El Centro, CA Metro Area",2264,1903,159,149,44,9
310M200US21060,21060,"Elizabethtown-Fort Knox, KY Metro Area",381,246,34,23,60,18
310M200US21140,21140,"Elkhart-Goshen, IN Metro Area",269,257,12,0,0,0
310M200US21300,21300,"Elmira, NY Metro Area",345,110,224,10,1,0
310M200US21340,21340,"El Paso, TX Metro Area",5152,4231,570,50,230,71
310M200US21500,21500,"Erie, PA Metro Area",771,650,68,18,35,0
310M200US21660,21660,"Eugene, OR Metro Area",4034,3016,528,254,175,61
310M200US21780,21780,"Evansville, IN-KY Metro Area",590,394,120,28,31,17
310M200US21820,21820,"Fairbanks, AK Metro Area",6147,4788,819,395,126,19
310M200US22020,22020,"Fargo, ND-MN Metro Area",2528,1898,219,218,193,0
310M200US22140,22140,"Farmington, NM Metro Area",46164,42232,3140,298,482,12
310M200US22180,22180,"Fayetteville, NC Metro Area",8748,7684,437,297,272,58
310M200US22220,22220,"Fayetteville-Springdale-Rogers, AR-MO Metro Area",6261,4863,719,89,549,41
310M200US22380,22380,"Flagstaff, AZ Metro Area",36258,32864,2269,725,396,4
310M200US22420,22420,"Flint, MI Metro Area",1757,1295,327,111,24,0
310M200US22500,22500,"Florence, SC Metro Area",477,407,9,33,28,0
310M200US22520,22520,"Florence-Muscle Shoals, AL Metro Area",717,636,35,39,0,7
310M200US22540,22540,"Fond du Lac, WI Metro Area",471,360,64,47,0,0
310M200US22660,22660,"Fort Collins, CO Metro Area",1796,1202,266,130,198,0
310M200US22900,22900,"Fort Smith, AR-OK Metro Area",14468,12478,1384,399,207,0
310M200US23060,23060,"Fort Wayne, IN Metro Area",1231,1035,80,88,22,6
310M200US23420,23420,"Fresno, CA Metro Area",9618,7973,1439,112,50,44
310M200US23460,23460,"Gadsden, AL Metro Area",343,235,35,26,31,16
310M200US23540,23540,"Gainesville, FL Metro Area",804,598,116,20,56,14
310M200US23580,23580,"Gainesville, GA Metro Area",451,438,0,13,0,0
310M200US23900,23900,"Gettysburg, PA Metro Area",92,60,26,0,6,0
310M200US24020,24020,"Glens Falls, NY Metro Area",316,241,25,47,0,3
310M200US24140,24140,"Goldsboro, NC Metro Area",272,198,0,71,3,0
310M200US24220,24220,"Grand Forks, ND-MN Metro Area",2037,1500,285,108,144,0
310M200US24260,24260,"Grand Island, NE Metro Area",450,411,15,0,0,24
310M200US24300,24300,"Grand Junction, CO Metro Area",1160,1015,74,55,16,0
310M200US24340,24340,"Grand Rapids-Wyoming, MI Metro Area",4710,3931,605,122,27,25
310M200US24420,24420,"Grants Pass, OR Metro Area",1038,584,113,81,246,14
310M200US24500,24500,"Great Falls, MT Metro Area",3670,2766,479,366,59,0
310M200US24540,24540,"Greeley, CO Metro Area",2302,1837,194,252,19,0
310M200US24580,24580,"Green Bay, WI Metro Area",6146,4887,940,207,88,24
310M200US24660,24660,"Greensboro-High Point, NC Metro Area",3446,2791,507,102,46,0
310M200US24780,24780,"Greenville, NC Metro Area",520,342,57,113,8,0
310M200US24860,24860,"Greenville-Anderson-Mauldin, SC Metro Area",2048,1448,437,59,65,39
310M200US25060,25060,"Gulfport-Biloxi-Pascagoula, MS Metro Area",1375,874,168,272,61,0
310M200US25180,25180,"Hagerstown-Martinsburg, MD-WV Metro Area",489,380,62,24,23,0
310M200US25220,25220,"Hammond, LA Metro Area",354,316,20,12,6,0
310M200US25260,25260,"Hanford-Corcoran, CA Metro Area",1977,1353,409,211,0,4
310M200US25420,25420,"Harrisburg-Carlisle, PA Metro Area",815,733,23,21,33,5
310M200US25500,25500,"Harrisonburg, VA Metro Area",287,220,67,0,0,0
310M200US25540,25540,"Hartford-West Hartford-East Hartford, CT Metro Area",2430,1774,429,58,39,130
310M200US25620,25620,"Hattiesburg, MS Metro Area",313,234,0,0,79,0
310M200US25860,25860,"Hickory-Lenoir-Morganton, NC Metro Area",1423,1244,133,46,0,0
310M200US25940,25940,"Hilton Head Island-Bluffton-Beaufort, SC Metro Area",319,206,39,0,66,8
310M200US25980,25980,"Hinesville, GA Metro Area",363,278,3,35,33,14
310M200US26140,26140,"Homosassa Springs, FL Metro Area",500,442,0,0,41,17
310M200US26300,26300,"Hot Springs, AR Metro Area",572,555,0,5,0,12
310M200US26380,26380,"Houma-Thibodaux, LA Metro Area",8296,6849,1037,342,0,68
310M200US26420,26420,"Houston-The Woodlands-Sugar Land, TX Metro Area",26237,22059,2900,567,434,277
310M200US26580,26580,"Huntington-Ashland, WV-KY-OH Metro Area",712,599,62,21,15,15
310M200US26620,26620,"Huntsville, AL Metro Area",2509,2167,159,97,78,8
310M200US26820,26820,"Idaho Falls, ID Metro Area",589,370,155,35,29,0
310M200US26900,26900,"Indianapolis-Carmel-Anderson, IN Metro Area",3923,3155,600,89,53,26
310M200US26980,26980,"Iowa City, IA Metro Area",310,262,13,8,23,4
310M200US27060,27060,"Ithaca, NY Metro Area",372,321,11,32,8,0
310M200US27100,27100,"Jackson, MI Metro Area",756,534,127,91,4,0
310M200US27140,27140,"Jackson, MS Metro Area",767,724,0,15,28,0
310M200US27180,27180,"Jackson, TN Metro Area",190,125,61,0,4,0
310M200US27260,27260,"Jacksonville, FL Metro Area",3323,2678,311,94,240,0
310M200US27340,27340,"Jacksonville, NC Metro Area",1120,734,131,58,148,49
310M200US27500,27500,"Janesville-Beloit, WI Metro Area",356,260,22,52,22,0
310M200US27620,27620,"Jefferson City, MO Metro Area",563,397,65,70,5,26
310M200US27740,27740,"Johnson City, TN Metro Area",604,493,51,52,8,0
310M200US27780,27780,"Johnstown, PA Metro Area",100,60,31,0,9,0
310M200US27860,27860,"Jonesboro, AR Metro Area",812,734,13,57,8,0
310M200US27900,27900,"Joplin, MO Metro Area",3035,2626,178,138,86,7
310M200US27980,27980,"Kahului-Wailuku-Lahaina, HI Metro Area",270,198,56,16,0,0
310M200US28020,28020,"Kalamazoo-Portage, MI Metro Area",1233,1062,53,60,52,6
310M200US28100,28100,"Kankakee, IL Metro Area",265,179,86,0,0,0
310M200US28140,28140,"Kansas City, MO-KS Metro Area",9163,7151,1105,432,408,67
310M200US28420,28420,"Kennewick-Richland, WA Metro Area",1730,1209,201,124,196,0
310M200US28660,28660,"Killeen-Temple, TX Metro Area",3463,2795,313,212,95,48
310M200US28700,28700,"Kingsport-Bristol-Bristol, TN-VA Metro Area",667,579,22,46,20,0
310M200US28740,28740,"Kingston, NY Metro Area",270,221,0,48,1,0
310M200US28940,28940,"Knoxville, TN Metro Area",2299,1915,225,73,74,12
310M200US29020,29020,"Kokomo, IN Metro Area",222,201,12,9,0,0
310M200US29100,29100,"La Crosse-Onalaska, WI-MN Metro Area",530,369,67,6,88,0
310M200US29180,29180,"Lafayette, LA Metro Area",1557,1449,27,81,0,0
310M200US29200,29200,"Lafayette-West Lafayette, IN Metro Area",211,111,79,14,0,7
310M200US29340,29340,"Lake Charles, LA Metro Area",687,576,44,0,19,48
310M200US29420,29420,"Lake Havasu City-Kingman, AZ Metro Area",4121,3305,392,298,126,0
310M200US29460,29460,"Lakeland-Winter Haven, FL Metro Area",1652,1272,256,97,17,10
310M200US29540,29540,"Lancaster, PA Metro Area",725,537,176,12,0,0
310M200US29620,29620,"Lansing-East Lansing, MI Metro Area",1787,1491,138,121,37,0
310M200US29700,29700,"Laredo, TX Metro Area",908,501,96,294,0,17
310M200US29740,29740,"Las Cruces, NM Metro Area",2362,1837,273,138,114,0
310M200US29820,29820,"Las Vegas-Henderson-Paradise, NV Metro Area",12561,9007,2697,49,790,18
310M200US29940,29940,"Lawrence, KS Metro Area",2571,1666,619,105,181,0
310M200US30020,30020,"Lawton, OK Metro Area",7063,4988,1163,675,227,10
310M200US30140,30140,"Lebanon, PA Metro Area",123,97,6,20,0,0
310M200US30300,30300,"Lewiston, ID-WA Metro Area",2440,1964,310,38,128,0
310M200US30340,30340,"Lewiston-Auburn, ME Metro Area",136,112,24,0,0,0
310M200US30460,30460,"Lexington-Fayette, KY Metro Area",1221,898,137,3,56,127
310M200US30620,30620,"Lima, OH Metro Area",297,232,28,30,7,0
310M200US30700,30700,"Lincoln, NE Metro Area",1873,1203,477,82,111,0
310M200US30780,30780,"Little Rock-North Little Rock-Conway, AR Metro Area",2322,1844,143,234,101,0
310M200US30860,30860,"Logan, UT-ID Metro Area",710,595,34,63,11,7
310M200US30980,30980,"Longview, TX Metro Area",961,753,18,185,5,0
310M200US31020,31020,"Longview, WA Metro Area",1101,919,106,42,34,0
310M200US31080,31080,"Los Angeles-Long Beach-Anaheim, CA Metro Area",70882,62012,6800,1190,424,456
310M200US31140,31140,"Louisville/Jefferson County, KY-IN Metro Area",2203,1646,351,92,46,68
310M200US31180,31180,"Lubbock, TX Metro Area",2063,1234,608,116,75,30
310M200US31340,31340,"Lynchburg, VA Metro Area",533,394,15,50,0,74
310M200US31420,31420,"Macon, GA Metro Area",239,206,17,16,0,0
310M200US31460,31460,"Madera, CA Metro Area",2259,1808,238,213,0,0
310M200US31540,31540,"Madison, WI Metro Area",1636,1019,282,194,39,102
310M200US31700,31700,"Manchester-Nashua, NH Metro Area",426,323,98,0,0,5
310M200US31740,31740,"Manhattan, KS Metro Area",482,338,58,42,27,17
310M200US31860,31860,"Mankato-North Mankato, MN Metro Area",288,224,31,22,11,0
310M200US31900,31900,"Mansfield, OH Metro Area",185,105,34,46,0,0
310M200US32580,32580,"McAllen-Edinburg-Mission, TX Metro Area",2426,2035,326,16,49,0
310M200US32780,32780,"Medford, OR Metro Area",1629,1200,292,96,17,24
310M200US32820,32820,"Memphis, TN-MS-AR Metro Area",2543,2236,205,14,59,29
310M200US32900,32900,"Merced, CA Metro Area",1784,1399,255,104,12,14
310M200US33100,33100,"Miami-Fort Lauderdale-West Palm Beach, FL Metro Area",11058,8894,1285,358,235,286
310M200US33140,33140,"Michigan City-La Porte, IN Metro Area",266,204,31,22,9,0
310M200US33220,33220,"Midland, MI Metro Area",365,349,10,3,3,0
310M200US33260,33260,"Midland, TX Metro Area",678,499,67,15,97,0
310M200US33340,33340,"Milwaukee-Waukesha-West Allis, WI Metro Area",6666,5255,1040,133,203,35
310M200US33460,33460,"Minneapolis-St. Paul-Bloomington, MN-WI Metro Area",20606,15918,2587,1295,719,87
310M200US33540,33540,"Missoula, MT Metro Area",2855,2071,107,621,56,0
310M200US33660,33660,"Mobile, AL Metro Area",2664,2358,265,13,28,0
310M200US33700,33700,"Modesto, CA Metro Area",4159,3256,691,205,7,0
310M200US33740,33740,"Monroe, LA Metro Area",428,359,58,11,0,0
310M200US33780,33780,"Monroe, MI Metro Area",522,474,1,28,19,0
310M200US33860,33860,"Montgomery, AL Metro Area",938,643,192,85,18,0
310M200US34060,34060,"Morgantown, WV Metro Area",192,168,6,18,0,0
310M200US34100,34100,"Morristown, TN Metro Area",169,123,46,0,0,0
310M200US34580,34580,"Mount Vernon-Anacortes, WA Metro Area",1705,1319,248,116,17,5
310M200US34620,34620,"Muncie, IN Metro Area",145,52,38,5,0,50
310M200US34740,34740,"Muskegon, MI Metro Area",1104,867,163,45,29,0
310M200US34820,34820,"Myrtle Beach-Conway-North Myrtle Beach, SC-NC Metro Area",1589,1483,75,0,31,0
310M200US34900,34900,"Napa, CA Metro Area",971,648,283,40,0,0
310M200US34940,34940,"Naples-Immokalee-Marco Island, FL Metro Area",904,796,27,4,9,68
310M200US34980,34980,"Nashville-Davidson--Murfreesboro--Franklin, TN Metro Area",5000,4463,165,120,227,25
310M200US35100,35100,"New Bern, NC Metro Area",816,470,0,125,221,0
310M200US35300,35300,"New Haven-Milford, CT Metro Area",1770,1529,133,42,63,3
310M200US35380,35380,"New Orleans-Metairie, LA Metro Area",4267,3728,370,57,96,16
310M200US35620,35620,"New York-Newark-Jersey City, NY-NJ-PA Metro Area",59436,52640,3545,1347,955,949
310M200US35660,35660,"Niles-Benton Harbor, MI Metro Area",508,439,55,7,0,7
310M200US35840,35840,"North Port-Sarasota-Bradenton, FL Metro Area",1620,1253,221,92,54,0
310M200US35980,35980,"Norwich-New London, CT Metro Area",1590,1329,120,5,136,0
310M200US36100,36100,"Ocala, FL Metro Area",1166,1050,49,47,20,0
310M200US36140,36140,"Ocean City, NJ Metro Area",88,53,22,0,13,0
310M200US36220,36220,"Odessa, TX Metro Area",714,554,111,45,0,4
310M200US36260,36260,"Ogden-Clearfield, UT Metro Area",3723,2701,484,286,209,43
310M200US36420,36420,"Oklahoma City, OK Metro Area",46101,36902,4685,3629,821,64
310M200US36500,36500,"Olympia-Tumwater, WA Metro Area",3907,3274,252,280,44,57
310M200US36540,36540,"Omaha-Council Bluffs, NE-IA Metro Area",4735,3832,493,165,161,84
310M200US36740,36740,"Orlando-Kissimmee-Sanford, FL Metro Area",5318,4099,487,309,390,33
310M200US36780,36780,"Oshkosh-Neenah, WI Metro Area",1015,807,136,72,0,0
310M200US36980,36980,"Owensboro, KY Metro Area",207,193,0,0,14,0
310M200US37100,37100,"Oxnard-Thousand Oaks-Ventura, CA Metro Area",6241,5156,668,247,56,114
310M200US37340,37340,"Palm Bay-Melbourne-Titusville, FL Metro Area",1711,1294,284,109,17,7
310M200US37460,37460,"Panama City, FL Metro Area",1057,894,121,19,15,8
310M200US37620,37620,"Parkersburg-Vienna, WV Metro Area",147,109,27,0,11,0
310M200US37860,37860,"Pensacola-Ferry Pass-Brent, FL Metro Area",2170,1721,228,38,118,65
310M200US37900,37900,"Peoria, IL Metro Area",726,522,133,11,60,0
310M200US37980,37980,"Philadelphia-Camden-Wilmington, PA-NJ-DE-MD Metro Area",11604,10344,810,203,203,44
310M200US38060,38060,"Phoenix-Mesa-Scottsdale, AZ Metro Area",96037,74098,14313,5165,2213,248
310M200US38220,38220,"Pine Bluff, AR Metro Area",146,126,14,6,0,0
310M200US38300,38300,"Pittsburgh, PA Metro Area",2487,2013,190,102,129,53
310M200US38340,38340,"Pittsfield, MA Metro Area",337,289,37,6,5,0
310M200US38540,38540,"Pocatello, ID Metro Area",2617,2210,248,118,29,12
310M200US38860,38860,"Portland-South Portland, ME Metro Area",1340,1157,101,66,14,2
310M200US38900,38900,"Portland-Vancouver-Hillsboro, OR-WA Metro Area",17812,13566,2089,981,1112,64
310M200US38940,38940,"Port St. Lucie, FL Metro Area",1374,1274,66,24,0,10
310M200US39140,39140,"Prescott, AZ Metro Area",3919,2426,833,566,94,0
310M200US39300,39300,"Providence-Warwick, RI-MA Metro Area",5740,4326,1184,70,148,12
310M200US39340,39340,"Provo-Orem, UT Metro Area",2772,2222,211,149,147,43
310M200US39380,39380,"Pueblo, CO Metro Area",4395,3280,864,163,77,11
310M200US39460,39460,"Punta Gorda, FL Metro Area",360,322,31,7,0,0
310M200US39540,39540,"Racine, WI Metro Area",1050,931,89,24,6,0
310M200US39580,39580,"Raleigh, NC Metro Area",4371,3299,535,345,180,12
310M200US39660,39660,"Rapid City, SD Metro Area",9737,6614,1780,933,394,16
310M200US39740,39740,"Reading, PA Metro Area",2682,2299,311,72,0,0
310M200US39820,39820,"Redding, CA Metro Area",4647,3764,604,75,194,10
310M200US39900,39900,"Reno, NV Metro Area",6766,5598,888,57,198,25
310M200US40060,40060,"Richmond, VA Metro Area",4730,3820,454,286,154,16
310M200US40140,40140,"Riverside-San Bernardino-Ontario, CA Metro Area",38983,31179,4856,2170,615,163
310M200US40220,40220,"Roanoke, VA Metro Area",419,333,0,81,5,0
310M200US40340,40340,"Rochester, MN Metro Area",419,258,125,15,11,10
310M200US40380,40380,"Rochester, NY Metro Area",3587,2439,885,154,25,84
310M200US40420,40420,"Rockford, IL Metro Area",815,595,61,21,0,138
310M200US40580,40580,"Rocky Mount, NC Metro Area",793,606,72,100,15,0
310M200US40660,40660,"Rome, GA Metro Area",312,298,0,0,0,14
310M200US40900,40900,"Sacramento--Roseville--Arden-Arcade, CA Metro Area",17015,13636,2303,799,239,38
310M200US40980,40980,"Saginaw, MI Metro Area",517,441,67,3,6,0
310M200US41060,41060,"St. Cloud, MN Metro Area",640,296,220,76,48,0
310M200US41100,41100,"St. George, UT Metro Area",2049,1606,284,100,59,0
310M200US41140,41140,"St. Joseph, MO-KS Metro Area",558,378,93,72,15,0
310M200US41180,41180,"St. Louis, MO-IL Metro Area",4999,4127,432,298,131,11
310M200US41420,41420,"Salem, OR Metro Area",4581,3226,825,438,89,3
310M200US41500,41500,"Salinas, CA Metro Area",3288,2896,194,132,56,10
310M200US41540,41540,"Salisbury, MD-DE Metro Area",1227,903,254,65,0,5
310M200US41620,41620,"Salt Lake City, UT Metro Area",9010,6637,1387,601,378,7
310M200US41660,41660,"San Angelo, TX Metro Area",441,209,70,47,115,0
310M200US41700,41700,"San Antonio-New Braunfels, TX Metro Area",13773,10448,2447,530,265,83
310M200US41740,41740,"San Diego-Carlsbad, CA Metro Area",21020,18251,1845,336,389,199
310M200US41860,41860,"San Francisco-Oakland-Hayward, CA Metro Area",21469,17856,1999,1058,378,178
310M200US41940,41940,"San Jose-Sunnyvale-Santa Clara, CA Metro Area",9184,7609,1214,205,71,85
310M200US42020,42020,"San Luis Obispo-Paso Robles-Arroyo Grande, CA Metro Area",2005,1543,242,152,41,27
310M200US42100,42100,"Santa Cruz-Watsonville, CA Metro Area",1572,1476,91,5,0,0
310M200US42140,42140,"Santa Fe, NM Metro Area",4597,3802,362,250,180,3
310M200US42200,42200,"Santa Maria-Santa Barbara, CA Metro Area",4114,3088,766,192,68,0
310M200US42220,42220,"Santa Rosa, CA Metro Area",5711,4803,769,62,77,0
310M200US42340,42340,"Savannah, GA Metro Area",853,693,47,11,82,20
310M200US42540,42540,"Scranton--Wilkes-Barre--Hazleton, PA Metro Area",1163,1076,61,4,22,0
310M200US42660,42660,"Seattle-Tacoma-Bellevue, WA Metro Area",31848,25431,4075,1003,1121,218
310M200US42680,42680,"Sebastian-Vero Beach, FL Metro Area",339,247,21,59,12,0
310M200US42700,42700,"Sebring, FL Metro Area",157,122,27,8,0,0
310M200US43100,43100,"Sheboygan, WI Metro Area",299,254,9,27,9,0
310M200US43300,43300,"Sherman-Denison, TX Metro Area",1568,1289,151,99,29,0
310M200US43340,43340,"Shreveport-Bossier City, LA Metro Area",2246,2059,34,40,46,67
310M200US43420,43420,"Sierra Vista-Douglas, AZ Metro Area",1519,1150,148,111,70,40
310M200US43580,43580,"Sioux City, IA-NE-SD Metro Area",2411,1770,351,123,146,21
310M200US43620,43620,"Sioux Falls, SD Metro Area",5023,3446,1099,284,167,27
310M200US43780,43780,"South Bend-Mishawaka, IN-MI Metro Area",1456,1347,81,11,17,0
310M200US43900,43900,"Spartanburg, SC Metro Area",685,574,89,15,7,0
310M200US44060,44060,"Spokane-Spokane Valley, WA Metro Area",9233,7730,644,500,285,74
310M200US44100,44100,"Springfield, IL Metro Area",276,222,31,1,22,0
310M200US44140,44140,"Springfield, MA Metro Area",1574,1297,173,77,17,10
310M200US44180,44180,"Springfield, MO Metro Area",2207,1666,301,138,82,20
310M200US44220,44220,"Springfield, OH Metro Area",273,183,82,0,8,0
310M200US44300,44300,"State College, PA Metro Area",298,174,83,32,4,5
310M200US44420,44420,"Staunton-Waynesboro, VA Metro Area",263,244,0,19,0,0
310M200US44700,44700,"Stockton-Lodi, CA Metro Area",4643,3762,587,253,40,1
310M200US44940,44940,"Sumter, SC Metro Area",214,196,18,0,0,0
310M200US45060,45060,"Syracuse, NY Metro Area",3728,3079,456,147,22,24
310M200US45220,45220,"Tallahassee, FL Metro Area",1044,754,172,85,25,8
310M200US45300,45300,"Tampa-St. Petersburg-Clearwater, FL Metro Area",9410,7707,855,304,409,135
310M200US45460,45460,"Terre Haute, IN Metro Area",429,368,24,2,35,0
310M200US45500,45500,"Texarkana, TX-AR Metro Area",1182,979,55,58,90,0
310M200US45540,45540,"The Villages, FL Metro Area",407,326,13,12,56,0
310M200US45780,45780,"Toledo, OH Metro Area",1564,988,264,192,114,6
310M200US45820,45820,"Topeka, KS Metro Area",2627,2123,331,133,40,0
310M200US45940,45940,"Trenton, NJ Metro Area",405,372,0,19,14,0
310M200US46060,46060,"Tucson, AZ Metro Area",32085,25226,5560,887,306,106
310M200US46140,46140,"Tulsa, OK Metro Area",66027,54998,6590,3626,746,67
310M200US46220,46220,"Tuscaloosa, AL Metro Area",376,240,68,52,16,0
310M200US46340,46340,"Tyler, TX Metro Area",770,563,79,59,61,8
310M200US46520,46520,"Urban Honolulu, HI Metro Area",1665,1222,277,2,138,26
310M200US46540,46540,"Utica-Rome, NY Metro Area",710,617,71,18,4,0
310M200US46660,46660,"Valdosta, GA Metro Area",139,78,30,11,17,3
310M200US46700,46700,"Vallejo-Fairfield, CA Metro Area",2456,1774,390,193,84,15
310M200US47020,47020,"Victoria, TX Metro Area",189,170,19,0,0,0
310M200US47220,47220,"Vineland-Bridgeton, NJ Metro Area",1174,1095,61,14,4,0
310M200US47260,47260,"Virginia Beach-Norfolk-Newport News, VA-NC Metro Area",5545,4391,483,273,320,78
310M200US47300,47300,"Visalia-Porterville, CA Metro Area",5876,4894,777,170,25,10
310M200US47380,47380,"Waco, TX Metro Area",787,585,125,6,67,4
310M200US47460,47460,"Walla Walla, WA Metro Area",556,423,70,39,19,5
310M200US47580,47580,"Warner Robins, GA Metro Area",355,355,0,0,0,0
310M200US47900,47900,"Washington-Arlington-Alexandria, DC-VA-MD-WV Metro Area",17993,14871,1325,716,782,299
310M200US47940,47940,"Waterloo-Cedar Falls, IA Metro Area",392,311,14,16,51,0
310M200US48060,48060,"Watertown-Fort Drum, NY Metro Area",575,399,133,0,17,26
310M200US48140,48140,"Wausau, WI Metro Area",388,304,73,9,2,0
310M200US48260,48260,"Weirton-Steubenville, WV-OH Metro Area",118,103,8,0,7,0
310M200US48300,48300,"Wenatchee, WA Metro Area",1333,1157,66,13,44,53
310M200US48540,48540,"Wheeling, WV-OH Metro Area",334,241,45,48,0,0
310M200US48620,48620,"Wichita, KS Metro Area",5755,4644,745,231,135,0
310M200US48660,48660,"Wichita Falls, TX Metro Area",1344,1108,164,25,39,8
310M200US48700,48700,"Williamsport, PA Metro Area",212,196,0,16,0,0
310M200US48900,48900,"Wilmington, NC Metro Area",1030,698,182,89,44,17
310M200US49020,49020,"Winchester, VA-WV Metro Area",208,175,6,12,15,0
310M200US49180,49180,"Winston-Salem, NC Metro Area",2178,1837,239,92,10,0
310M200US49340,49340,"Worcester, MA-CT Metro Area",2131,1671,258,133,30,39
310M200US49420,49420,"Yakima, WA Metro Area",9498,8787,644,51,16,0
310M200US49620,49620,"York-Hanover, PA Metro Area",406,297,84,21,4,0
310M200US49660,49660,"Youngstown-Warren-Boardman, OH-PA Metro Area",960,856,93,0,11,0
310M200US49700,49700,"Yuba City, CA Metro Area",2133,1635,296,87,99,16
310M200US49740,49740,"Yuma, AZ Metro Area",2586,2214,176,178,18,0
