GEO.id,GEO.id2,GEO.display-label,HD01_VD01,HD01_VD02,HD01_VD03,HD01_VD04,HD01_VD05,HD01_VD06
Id,Id2,Geography,Estimate; Total:,Estimate; Total: - Same house 1 year ago,Estimate; Total: - Moved within same county,Estimate; Total: - Moved from different county within same state,Estimate; Total: - Moved from different state,Estimate; Total: - Moved from abroad
310M200US10180,10180,"Abilene, TX Metro Area",9939,7867,1340,680,52,0
310M200US10420,10420,"Akron, OH Metro Area",2751,2222,244,152,53,80
310M200US10500,10500,"Albany, GA Metro Area",1144,730,266,54,86,8
310M200US10540,10540,"Albany, OR Metro Area",1461,1212,125,52,72,0
310M200US10580,10580,"Albany-Schenectady-Troy, NY Metro Area",11178,9074,858,986,255,5
310M200US10740,10740,"Albuquerque, NM Metro Area",120048,100403,14144,3162,1731,608
310M200US10780,10780,"Alexandria, LA Metro Area",631,477,19,42,34,59
310M200US10900,10900,"Allentown-Bethlehem-Easton, PA-NJ Metro Area",37273,26613,6380,1677,1417,1186
310M200US11020,11020,"Altoona, PA Metro Area",270,242,14,6,8,0
310M200US11100,11100,"Amarillo, TX Metro Area",5945,5084,543,256,33,29
310M200US11180,11180,"Ames, IA Metro Area",317,167,65,23,53,9
310M200US11260,11260,"Anchorage, AK Metro Area",5785,3819,1309,11,507,139
310M200US11460,11460,"Ann Arbor, MI Metro Area",3116,2054,732,44,73,213
310M200US11500,11500,"Anniston-Oxford-Jacksonville, AL Metro Area",1162,842,138,162,0,20
310M200US11540,11540,"Appleton, WI Metro Area",3459,2938,296,56,128,41
310M200US11700,11700,"Asheville, NC Metro Area",4741,3873,319,252,181,116
310M200US12020,12020,"Athens-Clarke County, GA Metro Area",3677,2357,816,325,179,0
310M200US12060,12060,"Atlanta-Sandy Springs-Roswell, GA Metro Area",176993,148419,17437,5921,3666,1550
310M200US12100,12100,"Atlantic City-Hammonton, NJ Metro Area",13852,11605,1498,277,88,384
310M200US12220,12220,"Auburn-Opelika, AL Metro Area",2584,1767,521,92,183,21
310M200US12260,12260,"Augusta-Richmond County, GA-SC Metro Area",8597,6655,936,118,788,100
310M200US12420,12420,"Austin-Round Rock, TX Metro Area",102581,82976,11984,5208,1286,1127
310M200US12540,12540,"Bakersfield, CA Metro Area",89421,73974,11417,3005,781,244
310M200US12580,12580,"Baltimore-Columbia-Towson, MD Metro Area",39382,33167,3021,1440,844,910
310M200US12620,12620,"Bangor, ME Metro Area",243,166,31,0,46,0
310M200US12700,12700,"Barnstable Town, MA Metro Area",2183,2019,29,35,4,96
310M200US12940,12940,"Baton Rouge, LA Metro Area",5806,4532,759,94,230,191
310M200US12980,12980,"Battle Creek, MI Metro Area",641,578,36,14,13,0
310M200US13020,13020,"Bay City, MI Metro Area",627,600,8,8,11,0
310M200US13140,13140,"Beaumont-Port Arthur, TX Metro Area",7753,6843,514,224,115,57
310M200US13220,13220,"Beckley, WV Metro Area",517,341,73,26,57,20
310M200US13380,13380,"Bellingham, WA Metro Area",4934,3985,547,105,271,26
310M200US13460,13460,"Bend-Redmond, OR Metro Area",2792,2496,127,111,50,8
310M200US13740,13740,"Billings, MT Metro Area",1637,1171,312,68,84,2
310M200US13780,13780,"Binghamton, NY Metro Area",2068,1348,476,188,30,26
310M200US13820,13820,"Birmingham-Hoover, AL Metro Area",22551,17667,3426,905,320,233
310M200US13900,13900,"Bismarck, ND Metro Area",635,435,3,35,162,0
310M200US13980,13980,"Blacksburg-Christiansburg-Radford, VA Metro Area",1190,580,187,134,162,127
310M200US14010,14010,"Bloomington, IL Metro Area",1819,1419,143,171,29,57
310M200US14020,14020,"Bloomington, IN Metro Area",1104,849,184,54,17,0
310M200US14100,14100,"Bloomsburg-Berwick, PA Metro Area",345,309,35,0,1,0
310M200US14260,14260,"Boise City, ID Metro Area",14076,11611,1575,617,241,32
310M200US14460,14460,"Boston-Cambridge-Newton, MA-NH Metro Area",189953,155913,21656,5267,3276,3841
310M200US14500,14500,"Boulder, CO Metro Area",8658,5923,2099,372,195,69
310M200US14540,14540,"Bowling Green, KY Metro Area",3767,2520,680,55,360,152
310M200US14740,14740,"Bremerton-Silverdale, WA Metro Area",4659,3313,739,118,385,104
310M200US14860,14860,"Bridgeport-Stamford-Norwalk, CT Metro Area",64314,52938,8428,519,1667,762
310M200US15180,15180,"Brownsville-Harlingen, TX Metro Area",22244,20472,1138,230,227,177
310M200US15260,15260,"Brunswick, GA Metro Area",2643,2131,212,2,46,252
310M200US15380,15380,"Buffalo-Cheektowaga-Niagara Falls, NY Metro Area",20544,15574,3079,1063,313,515
310M200US15500,15500,"Burlington, NC Metro Area",9317,8143,811,142,40,181
310M200US15540,15540,"Burlington-South Burlington, VT Metro Area",804,632,64,16,92,0
310M200US15680,15680,"California-Lexington Park, MD Metro Area",608,427,49,114,18,0
310M200US15940,15940,"Canton-Massillon, OH Metro Area",959,804,53,36,18,48
310M200US15980,15980,"Cape Coral-Fort Myers, FL Metro Area",21074,14517,4865,854,559,279
310M200US16020,16020,"Cape Girardeau, MO-IL Metro Area",375,271,81,0,0,23
310M200US16060,16060,"Carbondale-Marion, IL Metro Area",727,535,123,69,0,0
310M200US16180,16180,"Carson City, NV Metro Area",3914,2495,769,336,314,0
310M200US16220,16220,"Casper, WY Metro Area",1009,933,64,5,7,0
310M200US16300,16300,"Cedar Rapids, IA Metro Area",2170,1789,164,139,78,0
310M200US16540,16540,"Chambersburg-Waynesboro, PA Metro Area",1141,993,39,52,57,0
310M200US16580,16580,"Champaign-Urbana, IL Metro Area",2038,1621,116,99,202,0
310M200US16620,16620,"Charleston, WV Metro Area",396,304,31,13,48,0
310M200US16700,16700,"Charleston-North Charleston, SC Metro Area",8939,7182,618,348,765,26
310M200US16740,16740,"Charlotte-Concord-Gastonia, NC-SC Metro Area",73462,60892,8216,1630,1848,876
310M200US16820,16820,"Charlottesville, VA Metro Area",2511,1717,350,67,316,61
310M200US16860,16860,"Chattanooga, TN-GA Metro Area",4121,3133,519,121,309,39
310M200US16940,16940,"Cheyenne, WY Metro Area",3750,3133,413,28,176,0
310M200US16980,16980,"Chicago-Naperville-Elgin, IL-IN-WI Metro Area",739588,634957,86108,7829,6247,4447
310M200US17020,17020,"Chico, CA Metro Area",7243,5736,1027,443,18,19
310M200US17140,17140,"Cincinnati, OH-KY-IN Metro Area",16753,13146,1917,593,664,433
310M200US17300,17300,"Clarksville, TN-KY Metro Area",3773,2671,454,108,512,28
310M200US17420,17420,"Cleveland, TN Metro Area",704,456,121,0,120,7
310M200US17460,17460,"Cleveland-Elyria, OH Metro Area",21141,16562,2924,474,883,298
310M200US17660,17660,"Coeur d'Alene, ID Metro Area",538,433,11,27,61,6
310M200US17780,17780,"College Station-Bryan, TX Metro Area",14468,11877,1731,675,29,156
310M200US17820,17820,"Colorado Springs, CO Metro Area",29323,21565,5144,866,1440,308
310M200US17860,17860,"Columbia, MO Metro Area",1320,725,386,104,98,7
310M200US17900,17900,"Columbia, SC Metro Area",13321,10497,1398,339,704,383
310M200US17980,17980,"Columbus, GA-AL Metro Area",6580,4899,695,143,738,105
310M200US18020,18020,"Columbus, IN Metro Area",3204,2007,241,122,761,73
310M200US18140,18140,"Columbus, OH Metro Area",22594,17319,2673,882,1250,470
310M200US18580,18580,"Corpus Christi, TX Metro Area",19495,16964,1990,407,74,60
310M200US18700,18700,"Corvallis, OR Metro Area",1104,896,64,61,38,45
310M200US18880,18880,"Crestview-Fort Walton Beach-Destin, FL Metro Area",7106,5700,806,201,353,46
310M200US19060,19060,"Cumberland, MD-WV Metro Area",255,194,12,18,31,0
310M200US19100,19100,"Dallas-Fort Worth-Arlington, TX Metro Area",396347,319175,57448,9579,5116,5029
310M200US19140,19140,"Dalton, GA Metro Area",5157,4209,748,141,59,0
310M200US19180,19180,"Danville, IL Metro Area",617,542,36,6,33,0
310M200US19300,19300,"Daphne-Fairhope-Foley, AL Metro Area",1866,1492,291,81,2,0
310M200US19340,19340,"Davenport-Moline-Rock Island, IA-IL Metro Area",6682,5957,526,54,86,59
310M200US19380,19380,"Dayton, OH Metro Area",4385,3379,671,173,125,37
310M200US19460,19460,"Decatur, AL Metro Area",1785,1407,244,125,0,9
310M200US19500,19500,"Decatur, IL Metro Area",601,470,48,40,43,0
310M200US19660,19660,"Deltona-Daytona Beach-Ormond Beach, FL Metro Area",15053,13179,765,759,152,198
310M200US19740,19740,"Denver-Aurora-Lakewood, CO Metro Area",113111,88070,12468,8691,2546,1336
310M200US19780,19780,"Des Moines-West Des Moines, IA Metro Area",7796,5733,1333,362,330,38
310M200US19820,19820,"Detroit-Warren-Dearborn, MI Metro Area",44915,37341,5379,1222,428,545
310M200US20020,20020,"Dothan, AL Metro Area",1206,909,77,128,92,0
310M200US20100,20100,"Dover, DE Metro Area",2483,2039,264,18,126,36
310M200US20220,20220,"Dubuque, IA Metro Area",210,159,7,38,6,0
310M200US20260,20260,"Duluth, MN-WI Metro Area",596,423,59,50,36,28
310M200US20500,20500,"Durham-Chapel Hill, NC Metro Area",16565,12688,2785,313,535,244
310M200US20700,20700,"East Stroudsburg, PA Metro Area",4479,4088,72,168,151,0
310M200US20740,20740,"Eau Claire, WI Metro Area",381,291,0,56,1,33
310M200US20940,20940,"El Centro, CA Metro Area",32410,26879,3809,1247,238,237
310M200US21060,21060,"Elizabethtown-Fort Knox, KY Metro Area",1378,883,110,93,273,19
310M200US21140,21140,"Elkhart-Goshen, IN Metro Area",7909,6438,1166,39,266,0
310M200US21300,21300,"Elmira, NY Metro Area",260,226,5,18,0,11
310M200US21340,21340,"El Paso, TX Metro Area",78702,64128,9700,809,2135,1930
310M200US21500,21500,"Erie, PA Metro Area",2445,1712,333,191,78,131
310M200US21660,21660,"Eugene, OR Metro Area",7897,6005,1275,252,321,44
310M200US21780,21780,"Evansville, IN-KY Metro Area",2249,1955,126,97,71,0
310M200US21820,21820,"Fairbanks, AK Metro Area",879,443,45,44,188,159
310M200US22020,22020,"Fargo, ND-MN Metro Area",1056,666,232,63,80,15
310M200US22140,22140,"Farmington, NM Metro Area",6405,5827,182,125,126,145
310M200US22180,22180,"Fayetteville, NC Metro Area",9565,6720,1279,395,900,271
310M200US22220,22220,"Fayetteville-Springdale-Rogers, AR-MO Metro Area",26175,21041,3426,583,784,341
310M200US22380,22380,"Flagstaff, AZ Metro Area",4797,3692,612,257,212,24
310M200US22420,22420,"Flint, MI Metro Area",1960,1626,186,22,70,56
310M200US22500,22500,"Florence, SC Metro Area",722,635,48,6,33,0
310M200US22520,22520,"Florence-Muscle Shoals, AL Metro Area",862,772,0,90,0,0
310M200US22540,22540,"Fond du Lac, WI Metro Area",1854,1410,333,41,70,0
310M200US22660,22660,"Fort Collins, CO Metro Area",6916,5394,916,242,340,24
310M200US22900,22900,"Fort Smith, AR-OK Metro Area",5326,4343,560,110,230,83
310M200US23060,23060,"Fort Wayne, IN Metro Area",7814,6380,903,158,281,92
310M200US23420,23420,"Fresno, CA Metro Area",190802,157618,26320,5882,664,318
310M200US23460,23460,"Gadsden, AL Metro Area",724,688,36,0,0,0
310M200US23540,23540,"Gainesville, FL Metro Area",2382,1670,402,162,85,63
310M200US23580,23580,"Gainesville, GA Metro Area",11159,9584,1125,146,277,27
310M200US23900,23900,"Gettysburg, PA Metro Area",3374,2497,578,122,125,52
310M200US24020,24020,"Glens Falls, NY Metro Area",568,382,0,168,18,0
310M200US24140,24140,"Goldsboro, NC Metro Area",8609,7259,561,305,313,171
310M200US24220,24220,"Grand Forks, ND-MN Metro Area",995,354,559,2,78,2
310M200US24260,24260,"Grand Island, NE Metro Area",1415,1231,76,59,49,0
310M200US24300,24300,"Grand Junction, CO Metro Area",3049,2569,252,69,88,71
310M200US24340,24340,"Grand Rapids-Wyoming, MI Metro Area",24373,20299,3340,309,176,249
310M200US24420,24420,"Grants Pass, OR Metro Area",1025,951,2,26,46,0
310M200US24500,24500,"Great Falls, MT Metro Area",593,385,97,36,75,0
310M200US24540,24540,"Greeley, CO Metro Area",17786,12979,3203,910,618,76
310M200US24580,24580,"Green Bay, WI Metro Area",7492,5908,1087,426,53,18
310M200US24660,24660,"Greensboro-High Point, NC Metro Area",20854,18149,1537,522,477,169
310M200US24780,24780,"Greenville, NC Metro Area",4986,4116,427,197,246,0
310M200US24860,24860,"Greenville-Anderson-Mauldin, SC Metro Area",9629,7398,1455,445,261,70
310M200US25060,25060,"Gulfport-Biloxi-Pascagoula, MS Metro Area",4531,3725,180,127,376,123
310M200US25180,25180,"Hagerstown-Martinsburg, MD-WV Metro Area",1866,1501,195,95,66,9
310M200US25220,25220,"Hammond, LA Metro Area",427,423,0,4,0,0
310M200US25260,25260,"Hanford-Corcoran, CA Metro Area",23324,17976,2502,2399,174,273
310M200US25420,25420,"Harrisburg-Carlisle, PA Metro Area",10483,7778,1379,639,564,123
310M200US25500,25500,"Harrisonburg, VA Metro Area",1666,1397,196,69,0,4
310M200US25540,25540,"Hartford-West Hartford-East Hartford, CT Metro Area",53832,40332,9940,1341,1438,781
310M200US25620,25620,"Hattiesburg, MS Metro Area",1206,938,65,64,19,120
310M200US25860,25860,"Hickory-Lenoir-Morganton, NC Metro Area",13114,11800,689,398,226,1
310M200US25940,25940,"Hilton Head Island-Bluffton-Beaufort, SC Metro Area",7928,6693,662,45,328,200
310M200US25980,25980,"Hinesville, GA Metro Area",3595,2364,574,102,325,230
310M200US26140,26140,"Homosassa Springs, FL Metro Area",391,266,103,0,22,0
310M200US26300,26300,"Hot Springs, AR Metro Area",2898,2169,600,2,127,0
310M200US26380,26380,"Houma-Thibodaux, LA Metro Area",2399,1922,295,11,57,114
310M200US26420,26420,"Houston-The Woodlands-Sugar Land, TX Metro Area",457027,377916,58146,9921,5100,5944
310M200US26580,26580,"Huntington-Ashland, WV-KY-OH Metro Area",562,430,56,0,76,0
310M200US26620,26620,"Huntsville, AL Metro Area",4721,4016,258,149,255,43
310M200US26820,26820,"Idaho Falls, ID Metro Area",6534,4941,950,123,222,298
310M200US26900,26900,"Indianapolis-Carmel-Anderson, IN Metro Area",47737,39157,5889,872,1348,471
310M200US26980,26980,"Iowa City, IA Metro Area",2867,1697,518,219,377,56
310M200US27060,27060,"Ithaca, NY Metro Area",910,643,50,58,110,49
310M200US27100,27100,"Jackson, MI Metro Area",767,609,73,62,6,17
310M200US27140,27140,"Jackson, MS Metro Area",5695,4612,366,378,227,112
310M200US27180,27180,"Jackson, TN Metro Area",1221,1067,127,9,18,0
310M200US27260,27260,"Jacksonville, FL Metro Area",13573,10265,1850,516,661,281
310M200US27340,27340,"Jacksonville, NC Metro Area",4809,3298,512,74,740,185
310M200US27500,27500,"Janesville-Beloit, WI Metro Area",1889,1572,304,13,0,0
310M200US27620,27620,"Jefferson City, MO Metro Area",1673,1365,185,49,74,0
310M200US27740,27740,"Johnson City, TN Metro Area",726,501,151,58,16,0
310M200US27780,27780,"Johnstown, PA Metro Area",425,252,121,9,40,3
310M200US27860,27860,"Jonesboro, AR Metro Area",1227,773,280,35,102,37
310M200US27900,27900,"Joplin, MO Metro Area",1349,1133,129,58,29,0
310M200US27980,27980,"Kahului-Wailuku-Lahaina, HI Metro Area",1352,986,289,19,28,30
310M200US28020,28020,"Kalamazoo-Portage, MI Metro Area",4746,4176,360,112,51,47
310M200US28100,28100,"Kankakee, IL Metro Area",1596,1240,236,90,21,9
310M200US28140,28140,"Kansas City, MO-KS Metro Area",49172,39859,5747,1162,2009,395
310M200US28420,28420,"Kennewick-Richland, WA Metro Area",38513,31537,3812,1965,1119,80
310M200US28660,28660,"Killeen-Temple, TX Metro Area",16716,12724,1934,625,1202,231
310M200US28700,28700,"Kingsport-Bristol-Bristol, TN-VA Metro Area",1967,1419,165,205,174,4
310M200US28740,28740,"Kingston, NY Metro Area",3003,2622,245,126,10,0
310M200US28940,28940,"Knoxville, TN Metro Area",5160,3877,581,344,322,36
310M200US29020,29020,"Kokomo, IN Metro Area",532,242,79,14,188,9
310M200US29100,29100,"La Crosse-Onalaska, WI-MN Metro Area",774,576,80,37,33,48
310M200US29180,29180,"Lafayette, LA Metro Area",2986,2047,348,171,191,229
310M200US29200,29200,"Lafayette-West Lafayette, IN Metro Area",1818,1467,239,39,39,34
310M200US29340,29340,"Lake Charles, LA Metro Area",1114,967,13,71,43,20
310M200US29420,29420,"Lake Havasu City-Kingman, AZ Metro Area",5847,4244,474,664,352,113
310M200US29460,29460,"Lakeland-Winter Haven, FL Metro Area",11194,8732,1316,597,311,238
310M200US29540,29540,"Lancaster, PA Metro Area",16532,13730,1980,538,155,129
310M200US29620,29620,"Lansing-East Lansing, MI Metro Area",6993,5673,750,356,96,118
310M200US29700,29700,"Laredo, TX Metro Area",10026,9120,669,124,58,55
310M200US29740,29740,"Las Cruces, NM Metro Area",10484,9600,668,77,99,40
310M200US29820,29820,"Las Vegas-Henderson-Paradise, NV Metro Area",203569,151802,43632,197,6339,1599
310M200US29940,29940,"Lawrence, KS Metro Area",675,478,123,28,35,11
310M200US30020,30020,"Lawton, OK Metro Area",2733,1887,398,148,251,49
310M200US30140,30140,"Lebanon, PA Metro Area",8452,5864,1656,321,286,325
310M200US30300,30300,"Lewiston, ID-WA Metro Area",256,102,128,4,22,0
310M200US30340,30340,"Lewiston-Auburn, ME Metro Area",300,198,9,71,22,0
310M200US30460,30460,"Lexington-Fayette, KY Metro Area",10783,7085,2065,537,475,621
310M200US30620,30620,"Lima, OH Metro Area",559,321,89,102,26,21
310M200US30700,30700,"Lincoln, NE Metro Area",3750,2958,472,157,49,114
310M200US30780,30780,"Little Rock-North Little Rock-Conway, AR Metro Area",7360,6194,780,52,236,98
310M200US30860,30860,"Logan, UT-ID Metro Area",4133,3120,779,117,60,57
310M200US30980,30980,"Longview, TX Metro Area",3354,2864,257,221,12,0
310M200US31020,31020,"Longview, WA Metro Area",1521,1267,190,18,46,0
310M200US31080,31080,"Los Angeles-Long Beach-Anaheim, CA Metro Area",2299817,2018421,245474,19982,6924,9016
310M200US31140,31140,"Louisville/Jefferson County, KY-IN Metro Area",10504,9136,730,200,294,144
310M200US31180,31180,"Lubbock, TX Metro Area",21981,17154,3158,1336,275,58
310M200US31340,31340,"Lynchburg, VA Metro Area",1346,784,358,147,16,41
310M200US31420,31420,"Macon, GA Metro Area",919,529,97,105,19,169
310M200US31460,31460,"Madera, CA Metro Area",12072,10037,746,1219,39,31
310M200US31540,31540,"Madison, WI Metro Area",10000,7708,1613,191,393,95
310M200US31700,31700,"Manchester-Nashua, NH Metro Area",3774,3156,450,76,47,45
310M200US31740,31740,"Manhattan, KS Metro Area",975,526,69,0,51,329
310M200US31860,31860,"Mankato-North Mankato, MN Metro Area",590,480,30,40,27,13
310M200US31900,31900,"Mansfield, OH Metro Area",637,485,102,46,2,2
310M200US32580,32580,"McAllen-Edinburg-Mission, TX Metro Area",47086,41637,3621,1068,290,470
310M200US32780,32780,"Medford, OR Metro Area",3088,2570,443,33,17,25
310M200US32820,32820,"Memphis, TN-MS-AR Metro Area",28648,21901,5465,204,783,295
310M200US32900,32900,"Merced, CA Metro Area",58886,46889,8955,2524,271,247
310M200US33100,33100,"Miami-Fort Lauderdale-West Palm Beach, FL Metro Area",147346,119401,18958,4271,2007,2709
310M200US33140,33140,"Michigan City-La Porte, IN Metro Area",1911,1490,233,120,37,31
310M200US33220,33220,"Midland, MI Metro Area",494,282,0,67,97,48
310M200US33260,33260,"Midland, TX Metro Area",10986,8583,761,576,1000,66
310M200US33340,33340,"Milwaukee-Waukesha-West Allis, WI Metro Area",43743,37273,5177,543,581,169
310M200US33460,33460,"Minneapolis-St. Paul-Bloomington, MN-WI Metro Area",63332,49889,7856,2957,1068,1562
310M200US33540,33540,"Missoula, MT Metro Area",221,179,37,0,4,1
310M200US33660,33660,"Mobile, AL Metro Area",2658,1929,463,24,235,7
310M200US33700,33700,"Modesto, CA Metro Area",55682,46072,7057,2165,152,236
310M200US33740,33740,"Monroe, LA Metro Area",959,769,156,13,21,0
310M200US33780,33780,"Monroe, MI Metro Area",904,728,61,82,11,22
310M200US33860,33860,"Montgomery, AL Metro Area",3351,2296,600,318,137,0
310M200US34060,34060,"Morgantown, WV Metro Area",468,205,34,118,60,51
310M200US34100,34100,"Morristown, TN Metro Area",2666,2236,206,151,46,27
310M200US34580,34580,"Mount Vernon-Anacortes, WA Metro Area",7308,6216,970,90,17,15
310M200US34620,34620,"Muncie, IN Metro Area",642,518,59,45,20,0
310M200US34740,34740,"Muskegon, MI Metro Area",751,612,92,45,0,2
310M200US34820,34820,"Myrtle Beach-Conway-North Myrtle Beach, SC-NC Metro Area",8918,6823,1096,87,543,369
310M200US34900,34900,"Napa, CA Metro Area",15971,13554,1866,296,96,159
310M200US34940,34940,"Naples-Immokalee-Marco Island, FL Metro Area",8850,7611,725,273,83,158
310M200US34980,34980,"Nashville-Davidson--Murfreesboro--Franklin, TN Metro Area",37223,30318,4276,1036,737,856
310M200US35100,35100,"New Bern, NC Metro Area",2369,1779,249,167,162,12
310M200US35300,35300,"New Haven-Milford, CT Metro Area",47377,38300,7044,830,936,267
310M200US35380,35380,"New Orleans-Metairie, LA Metro Area",21743,18113,1998,926,515,191
310M200US35620,35620,"New York-Newark-Jersey City, NY-NJ-PA Metro Area",2021841,1793858,148828,41833,15818,21504
310M200US35660,35660,"Niles-Benton Harbor, MI Metro Area",2866,2295,313,62,162,34
310M200US35840,35840,"North Port-Sarasota-Bradenton, FL Metro Area",11643,9468,1427,284,360,104
310M200US35980,35980,"Norwich-New London, CT Metro Area",8690,6357,1368,644,313,8
310M200US36100,36100,"Ocala, FL Metro Area",4344,3237,775,84,212,36
310M200US36140,36140,"Ocean City, NJ Metro Area",1534,1048,307,41,72,66
310M200US36220,36220,"Odessa, TX Metro Area",8748,7577,690,258,157,66
310M200US36260,36260,"Ogden-Clearfield, UT Metro Area",24023,20400,1418,1142,755,308
310M200US36420,36420,"Oklahoma City, OK Metro Area",33475,27261,3820,740,1081,573
310M200US36500,36500,"Olympia-Tumwater, WA Metro Area",3164,2365,528,116,130,25
310M200US36540,36540,"Omaha-Council Bluffs, NE-IA Metro Area",19826,15088,3437,276,843,182
310M200US36740,36740,"Orlando-Kissimmee-Sanford, FL Metro Area",108700,84942,12577,5147,3512,2522
310M200US36780,36780,"Oshkosh-Neenah, WI Metro Area",1285,779,483,11,12,0
310M200US36980,36980,"Owensboro, KY Metro Area",561,540,0,0,21,0
310M200US37100,37100,"Oxnard-Thousand Oaks-Ventura, CA Metro Area",59496,51106,5775,1569,755,291
310M200US37340,37340,"Palm Bay-Melbourne-Titusville, FL Metro Area",6792,5201,818,338,271,164
310M200US37460,37460,"Panama City, FL Metro Area",1146,785,185,25,59,92
310M200US37620,37620,"Parkersburg-Vienna, WV Metro Area",207,202,5,0,0,0
310M200US37860,37860,"Pensacola-Ferry Pass-Brent, FL Metro Area",5914,3735,797,272,999,111
310M200US37900,37900,"Peoria, IL Metro Area",3460,3030,197,123,74,36
310M200US37980,37980,"Philadelphia-Camden-Wilmington, PA-NJ-DE-MD Metro Area",187704,154596,20419,4517,4215,3957
310M200US38060,38060,"Phoenix-Mesa-Scottsdale, AZ Metro Area",266450,212007,43933,3220,5349,1941
310M200US38220,38220,"Pine Bluff, AR Metro Area",703,675,0,28,0,0
310M200US38300,38300,"Pittsburgh, PA Metro Area",7087,5613,869,158,358,89
310M200US38340,38340,"Pittsfield, MA Metro Area",1546,926,305,38,127,150
310M200US38540,38540,"Pocatello, ID Metro Area",1039,874,111,0,24,30
310M200US38860,38860,"Portland-South Portland, ME Metro Area",1382,1154,82,20,53,73
310M200US38900,38900,"Portland-Vancouver-Hillsboro, OR-WA Metro Area",78826,61226,10219,2197,4397,787
310M200US38940,38940,"Port St. Lucie, FL Metro Area",14779,11679,1675,423,744,258
310M200US39140,39140,"Prescott, AZ Metro Area",5710,5116,229,154,211,0
310M200US39300,39300,"Providence-Warwick, RI-MA Metro Area",82967,68212,10929,1048,1814,964
310M200US39340,39340,"Provo-Orem, UT Metro Area",11840,9379,1665,206,308,282
310M200US39380,39380,"Pueblo, CO Metro Area",17464,13373,3572,394,125,0
310M200US39460,39460,"Punta Gorda, FL Metro Area",921,744,115,25,27,10
310M200US39540,39540,"Racine, WI Metro Area",6457,5499,671,203,73,11
310M200US39580,39580,"Raleigh, NC Metro Area",34164,27632,4105,529,1411,487
310M200US39660,39660,"Rapid City, SD Metro Area",1024,661,94,131,134,4
310M200US39740,39740,"Reading, PA Metro Area",20558,14993,4595,280,532,158
310M200US39820,39820,"Redding, CA Metro Area",4039,2957,560,442,57,23
310M200US39900,39900,"Reno, NV Metro Area",24814,19845,4003,132,752,82
310M200US40060,40060,"Richmond, VA Metro Area",17830,14312,2066,1088,241,123
310M200US40140,40140,"Riverside-San Bernardino-Ontario, CA Metro Area",745680,623557,85132,29742,4129,3120
310M200US40220,40220,"Roanoke, VA Metro Area",2334,1588,498,158,40,50
310M200US40340,40340,"Rochester, MN Metro Area",1356,1093,206,8,28,21
310M200US40380,40380,"Rochester, NY Metro Area",18324,13820,3172,500,573,259
310M200US40420,40420,"Rockford, IL Metro Area",12345,10348,1267,560,47,123
310M200US40580,40580,"Rocky Mount, NC Metro Area",4356,3956,175,115,80,30
310M200US40660,40660,"Rome, GA Metro Area",4388,3878,459,5,23,23
310M200US40900,40900,"Sacramento--Roseville--Arden-Arcade, CA Metro Area",138804,109751,21400,6167,952,534
310M200US40980,40980,"Saginaw, MI Metro Area",3232,2756,373,62,34,7
310M200US41060,41060,"St. Cloud, MN Metro Area",1810,1281,136,327,28,38
310M200US41100,41100,"St. George, UT Metro Area",3434,2827,455,41,111,0
310M200US41140,41140,"St. Joseph, MO-KS Metro Area",987,385,408,57,133,4
310M200US41180,41180,"St. Louis, MO-IL Metro Area",16248,13826,1160,446,652,164
310M200US41420,41420,"Salem, OR Metro Area",28713,23594,3109,1174,420,416
310M200US41500,41500,"Salinas, CA Metro Area",53686,46669,5108,1539,179,191
310M200US41540,41540,"Salisbury, MD-DE Metro Area",5925,4875,714,108,196,32
310M200US41620,41620,"Salt Lake City, UT Metro Area",78116,63621,11927,334,1784,450
310M200US41660,41660,"San Angelo, TX Metro Area",6257,4867,841,339,88,122
310M200US41700,41700,"San Antonio-New Braunfels, TX Metro Area",172014,141298,23151,4234,1925,1406
310M200US41740,41740,"San Diego-Carlsbad, CA Metro Area",213669,181430,25130,3024,2100,1985
310M200US41860,41860,"San Francisco-Oakland-Hayward, CA Metro Area",360855,308924,35208,12231,1911,2581
310M200US41940,41940,"San Jose-Sunnyvale-Santa Clara, CA Metro Area",184670,157940,21708,3488,610,924
310M200US42020,42020,"San Luis Obispo-Paso Robles-Arroyo Grande, CA Metro Area",13820,10580,1957,1138,76,69
310M200US42100,42100,"Santa Cruz-Watsonville, CA Metro Area",23877,20997,1891,816,55,118
310M200US42140,42140,"Santa Fe, NM Metro Area",13009,11391,1089,368,127,34
310M200US42200,42200,"Santa Maria-Santa Barbara, CA Metro Area",56539,43845,9225,2216,683,570
310M200US42220,42220,"Santa Rosa, CA Metro Area",53186,45757,5674,1389,186,180
310M200US42340,42340,"Savannah, GA Metro Area",4440,3680,264,203,260,33
310M200US42540,42540,"Scranton--Wilkes-Barre--Hazleton, PA Metro Area",11298,9161,1089,339,513,196
310M200US42660,42660,"Seattle-Tacoma-Bellevue, WA Metro Area",94733,71821,15909,2856,2932,1215
310M200US42680,42680,"Sebastian-Vero Beach, FL Metro Area",2115,1871,107,94,19,24
310M200US42700,42700,"Sebring, FL Metro Area",3598,3153,170,0,60,215
310M200US43100,43100,"Sheboygan, WI Metro Area",1270,1122,116,26,6,0
310M200US43300,43300,"Sherman-Denison, TX Metro Area",2313,1876,354,73,5,5
310M200US43340,43340,"Shreveport-Bossier City, LA Metro Area",4964,3844,468,274,353,25
310M200US43420,43420,"Sierra Vista-Douglas, AZ Metro Area",9279,7652,1171,114,236,106
310M200US43580,43580,"Sioux City, IA-NE-SD Metro Area",9215,6966,1389,271,554,35
310M200US43620,43620,"Sioux Falls, SD Metro Area",4153,3146,563,243,173,28
310M200US43780,43780,"South Bend-Mishawaka, IN-MI Metro Area",6325,4813,840,93,525,54
310M200US43900,43900,"Spartanburg, SC Metro Area",5708,4192,727,513,226,50
310M200US44060,44060,"Spokane-Spokane Valley, WA Metro Area",5325,3864,549,392,389,131
310M200US44100,44100,"Springfield, IL Metro Area",1465,1205,188,35,32,5
310M200US44140,44140,"Springfield, MA Metro Area",37366,29763,5960,296,899,448
310M200US44180,44180,"Springfield, MO Metro Area",2911,2388,254,139,78,52
310M200US44220,44220,"Springfield, OH Metro Area",1582,842,448,153,135,4
310M200US44300,44300,"State College, PA Metro Area",790,568,106,70,36,10
310M200US44420,44420,"Staunton-Waynesboro, VA Metro Area",1201,1143,0,37,21,0
310M200US44700,44700,"Stockton-Lodi, CA Metro Area",81331,67656,10574,2378,357,366
310M200US44940,44940,"Sumter, SC Metro Area",1053,936,37,18,53,9
310M200US45060,45060,"Syracuse, NY Metro Area",6095,4174,1075,482,152,212
310M200US45220,45220,"Tallahassee, FL Metro Area",3930,2852,554,414,12,98
310M200US45300,45300,"Tampa-St. Petersburg-Clearwater, FL Metro Area",79618,63500,9995,1836,3042,1245
310M200US45460,45460,"Terre Haute, IN Metro Area",1121,837,179,60,45,0
310M200US45500,45500,"Texarkana, TX-AR Metro Area",2659,2028,375,192,64,0
310M200US45540,45540,"The Villages, FL Metro Area",994,883,41,27,0,43
310M200US45780,45780,"Toledo, OH Metro Area",11432,7948,2607,521,199,157
310M200US45820,45820,"Topeka, KS Metro Area",3502,2978,373,47,60,44
310M200US45940,45940,"Trenton, NJ Metro Area",17823,14869,1778,441,489,246
310M200US46060,46060,"Tucson, AZ Metro Area",84512,62295,18252,2058,1291,616
310M200US46140,46140,"Tulsa, OK Metro Area",25271,20016,3587,440,682,546
310M200US46220,46220,"Tuscaloosa, AL Metro Area",1457,1071,295,71,20,0
310M200US46340,46340,"Tyler, TX Metro Area",4222,3591,299,215,105,12
310M200US46520,46520,"Urban Honolulu, HI Metro Area",8907,6550,1070,56,953,278
310M200US46540,46540,"Utica-Rome, NY Metro Area",3916,2768,628,415,75,30
310M200US46660,46660,"Valdosta, GA Metro Area",2917,1854,614,255,130,64
310M200US46700,46700,"Vallejo-Fairfield, CA Metro Area",36806,29774,4971,1411,463,187
310M200US47020,47020,"Victoria, TX Metro Area",4621,3810,449,327,29,6
310M200US47220,47220,"Vineland-Bridgeton, NJ Metro Area",15828,13750,1224,618,120,116
310M200US47260,47260,"Virginia Beach-Norfolk-Newport News, VA-NC Metro Area",22228,15950,2682,1280,1794,522
310M200US47300,47300,"Visalia-Porterville, CA Metro Area",40592,35370,3839,974,261,148
310M200US47380,47380,"Waco, TX Metro Area",9506,8011,1105,317,70,3
310M200US47460,47460,"Walla Walla, WA Metro Area",3383,2926,273,119,46,19
310M200US47580,47580,"Warner Robins, GA Metro Area",5703,4884,284,404,131,0
310M200US47900,47900,"Washington-Arlington-Alexandria, DC-VA-MD-WV Metro Area",308192,258533,30651,8007,6756,4245
310M200US47940,47940,"Waterloo-Cedar Falls, IA Metro Area",2039,1671,72,89,207,0
310M200US48060,48060,"Watertown-Fort Drum, NY Metro Area",1957,1036,251,301,329,40
310M200US48140,48140,"Wausau, WI Metro Area",241,174,12,43,0,12
310M200US48260,48260,"Weirton-Steubenville, WV-OH Metro Area",62,32,13,8,9,0
310M200US48300,48300,"Wenatchee, WA Metro Area",11981,10280,930,392,317,62
310M200US48540,48540,"Wheeling, WV-OH Metro Area",464,359,19,66,11,9
310M200US48620,48620,"Wichita, KS Metro Area",11779,9632,1695,314,54,84
310M200US48660,48660,"Wichita Falls, TX Metro Area",3720,3091,330,185,15,99
310M200US48700,48700,"Williamsport, PA Metro Area",728,504,177,18,8,21
310M200US48900,48900,"Wilmington, NC Metro Area",4104,3384,589,55,33,43
310M200US49020,49020,"Winchester, VA-WV Metro Area",1461,1255,87,76,28,15
310M200US49180,49180,"Winston-Salem, NC Metro Area",15098,13122,1469,288,184,35
310M200US49340,49340,"Worcester, MA-CT Metro Area",26959,20676,4657,764,555,307
310M200US49420,49420,"Yakima, WA Metro Area",31636,25718,4954,359,515,90
310M200US49620,49620,"York-Hanover, PA Metro Area",6871,5119,1109,405,120,118
310M200US49660,49660,"Youngstown-Warren-Boardman, OH-PA Metro Area",2605,1992,270,69,223,51
310M200US49700,49700,"Yuba City, CA Metro Area",13090,10556,1506,762,222,44
310M200US49740,49740,"Yuma, AZ Metro Area",31397,24557,4921,343,992,584
