GEO.id,Id
GEO.id2,Id2
GEO.display-label,Geography
HD01_VD01,Estimate; Total:
HD01_VD03,Estimate; Total: - 1 to 4 years
HD01_VD04,Estimate; Total: - 5 to 17 years
HD01_VD05,Estimate; Total: - 18 and 19 years
HD01_VD06,Estimate; Total: - 20 to 24 years
HD01_VD07,Estimate; Total: - 25 to 29 years
HD01_VD08,Estimate; Total: - 30 to 34 years
HD01_VD09,Estimate; Total: - 35 to 39 years
HD01_VD10,Estimate; Total: - 40 to 44 years
HD01_VD11,Estimate; Total: - 45 to 49 years
HD01_VD12,Estimate; Total: - 50 to 54 years
HD01_VD13,Estimate; Total: - 55 to 59 years
HD01_VD14,Estimate; Total: - 60 to 64 years
HD01_VD15,Estimate; Total: - 65 to 69 years
HD01_VD16,Estimate; Total: - 70 to 74 years
HD01_VD17,Estimate; Total: - 75 years and over
HD01_VD18,Estimate; Total: - Same house 1 year ago:
HD01_VD19,Estimate; Total: - Same house 1 year ago: - 1 to 4 years
HD01_VD20,Estimate; Total: - Same house 1 year ago: - 5 to 17 years
HD01_VD21,Estimate; Total: - Same house 1 year ago: - 18 and 19 years
HD01_VD22,Estimate; Total: - Same house 1 year ago: - 20 to 24 years
HD01_VD23,Estimate; Total: - Same house 1 year ago: - 25 to 29 years
HD01_VD24,Estimate; Total: - Same house 1 year ago: - 30 to 34 years
HD01_VD25,Estimate; Total: - Same house 1 year ago: - 35 to 39 years
HD01_VD26,Estimate; Total: - Same house 1 year ago: - 40 to 44 years
HD01_VD27,Estimate; Total: - Same house 1 year ago: - 45 to 49 years
HD01_VD28,Estimate; Total: - Same house 1 year ago: - 50 to 54 years
HD01_VD29,Estimate; Total: - Same house 1 year ago: - 55 to 59 years
HD01_VD30,Estimate; Total: - Same house 1 year ago: - 60 to 64 years
HD01_VD31,Estimate; Total: - Same house 1 year ago: - 65 to 69 years
HD01_VD32,Estimate; Total: - Same house 1 year ago: - 70 to 74 years
HD01_VD33,Estimate; Total: - Same house 1 year ago: - 75 years and over
HD01_VD34,Estimate; Total: - Moved within same county:
HD01_VD35,Estimate; Total: - Moved within same county: - 1 to 4 years
HD01_VD36,Estimate; Total: - Moved within same county: - 5 to 17 years
HD01_VD37,Estimate; Total: - Moved within same county: - 18 and 19 years
HD01_VD38,Estimate; Total: - Moved within same county: - 20 to 24 years
HD01_VD39,Estimate; Total: - Moved within same county: - 25 to 29 years
HD01_VD40,Estimate; Total: - Moved within same county: - 30 to 34 years
HD01_VD41,Estimate; Total: - Moved within same county: - 35 to 39 years
HD01_VD42,Estimate; Total: - Moved within same county: - 40 to 44 years
HD01_VD43,Estimate; Total: - Moved within same county: - 45 to 49 years
HD01_VD44,Estimate; Total: - Moved within same county: - 50 to 54 years
HD01_VD45,Estimate; Total: - Moved within same county: - 55 to 59 years
HD01_VD46,Estimate; Total: - Moved within same county: - 60 to 64 years
HD01_VD47,Estimate; Total: - Moved within same county: - 65 to 69 years
HD01_VD48,Estimate; Total: - Moved within same county: - 70 to 74 years
HD01_VD49,Estimate; Total: - Moved within same county: - 75 years and over
HD01_VD50,Estimate; Total: - Moved from different county within same state:
HD01_VD51,Estimate; Total: - Moved from different county within same state: - 1 to 4 years
HD01_VD52,Estimate; Total: - Moved from different county within same state: - 5 to 17 years
HD01_VD53,Estimate; Total: - Moved from different county within same state: - 18 and 19 years
HD01_VD54,Estimate; Total: - Moved from different county within same state: - 20 to 24 years
HD01_VD55,Estimate; Total: - Moved from different county within same state: - 25 to 29 years
HD01_VD56,Estimate; Total: - Moved from different county within same state: - 30 to 34 years
HD01_VD57,Estimate; Total: - Moved from different county within same state: - 35 to 39 years
HD01_VD58,Estimate; Total: - Moved from different county within same state: - 40 to 44 years
HD01_VD59,Estimate; Total: - Moved from different county within same state: - 45 to 49 years
HD01_VD60,Estimate; Total: - Moved from different county within same state: - 50 to 54 years
HD01_VD61,Estimate; Total: - Moved from different county within same state: - 55 to 59 years
HD01_VD62,Estimate; Total: - Moved from different county within same state: - 60 to 64 years
HD01_VD63,Estimate; Total: - Moved from different county within same state: - 65 to 69 years
HD01_VD64,Estimate; Total: - Moved from different county within same state: - 70 to 74 years
HD01_VD65,Estimate; Total: - Moved from different county within same state: - 75 years and over
HD01_VD66,Estimate; Total: - Moved from different state:
HD01_VD67,Estimate; Total: - Moved from different state: - 1 to 4 years
HD01_VD68,Estimate; Total: - Moved from different state: - 5 to 17 years
HD01_VD69,Estimate; Total: - Moved from different state: - 18 and 19 years
HD01_VD70,Estimate; Total: - Moved from different state: - 20 to 24 years
HD01_VD71,Estimate; Total: - Moved from different state: - 25 to 29 years
HD01_VD72,Estimate; Total: - Moved from different state: - 30 to 34 years
HD01_VD73,Estimate; Total: - Moved from different state: - 35 to 39 years
HD01_VD74,Estimate; Total: - Moved from different state: - 40 to 44 years
HD01_VD75,Estimate; Total: - Moved from different state: - 45 to 49 years
HD01_VD76,Estimate; Total: - Moved from different state: - 50 to 54 years
HD01_VD77,Estimate; Total: - Moved from different state: - 55 to 59 years
HD01_VD78,Estimate; Total: - Moved from different state: - 60 to 64 years
HD01_VD79,Estimate; Total: - Moved from different state: - 65 to 69 years
HD01_VD80,Estimate; Total: - Moved from different state: - 70 to 74 years
HD01_VD81,Estimate; Total: - Moved from different state: - 75 years and over
HD01_VD82,Estimate; Total: - Moved from abroad:
HD01_VD83,Estimate; Total: - Moved from abroad: - 1 to 4 years
HD01_VD84,Estimate; Total: - Moved from abroad: - 5 to 17 years
HD01_VD85,Estimate; Total: - Moved from abroad: - 18 and 19 years
HD01_VD86,Estimate; Total: - Moved from abroad: - 20 to 24 years
HD01_VD87,Estimate; Total: - Moved from abroad: - 25 to 29 years
HD01_VD88,Estimate; Total: - Moved from abroad: - 30 to 34 years
HD01_VD89,Estimate; Total: - Moved from abroad: - 35 to 39 years
HD01_VD90,Estimate; Total: - Moved from abroad: - 40 to 44 years
HD01_VD91,Estimate; Total: - Moved from abroad: - 45 to 49 years
HD01_VD92,Estimate; Total: - Moved from abroad: - 50 to 54 years
HD01_VD93,Estimate; Total: - Moved from abroad: - 55 to 59 years
HD01_VD94,Estimate; Total: - Moved from abroad: - 60 to 64 years
HD01_VD95,Estimate; Total: - Moved from abroad: - 65 to 69 years
HD01_VD96,Estimate; Total: - Moved from abroad: - 70 to 74 years
HD01_VD97,Estimate; Total: - Moved from abroad: - 75 years and over
