GEO.id,GEO.id2,GEO.display-label,HD01_VD01,HD01_VD02,HD01_VD03,HD01_VD04,HD01_VD05,HD01_VD06
Id,Id2,Geography,Estimate; Total:,Estimate; Total: - Same house 1 year ago,Estimate; Total: - Moved within same county,Estimate; Total: - Moved from different county within same state,Estimate; Total: - Moved from different state,Estimate; Total: - Moved from abroad
310M300US10180,10180,"Abilene, TX Metro Area",14134,10813,2074,1067,149,31
310M300US10420,10420,"Akron, OH Metro Area",3110,2690,129,171,50,70
310M300US10500,10500,"Albany, GA Metro Area",1305,696,516,52,33,8
310M300US10540,10540,"Albany, OR Metro Area",2475,2235,63,79,67,31
310M300US10580,10580,"Albany-Schenectady-Troy, NY Metro Area",12093,9752,1036,1063,219,23
310M300US10740,10740,"Albuquerque, NM Metro Area",99145,83279,11843,2282,1198,543
310M300US10780,10780,"Alexandria, LA Metro Area",788,688,0,14,45,41
310M300US10900,10900,"Allentown-Bethlehem-Easton, PA-NJ Metro Area",36091,25811,6635,1414,1283,948
310M300US11020,11020,"Altoona, PA Metro Area",429,245,35,59,31,59
310M300US11100,11100,"Amarillo, TX Metro Area",6106,4879,673,412,123,19
310M300US11180,11180,"Ames, IA Metro Area",474,240,71,13,138,12
310M300US11260,11260,"Anchorage, AK Metro Area",6944,4523,1721,31,527,142
310M300US11460,11460,"Ann Arbor, MI Metro Area",2601,1733,596,61,47,164
310M300US11500,11500,"Anniston-Oxford-Jacksonville, AL Metro Area",1429,1058,85,246,17,23
310M300US11540,11540,"Appleton, WI Metro Area",4033,3591,268,31,114,29
310M300US11700,11700,"Asheville, NC Metro Area",5291,4703,250,84,146,108
310M300US12020,12020,"Athens-Clarke County, GA Metro Area",4250,2596,1167,306,181,0
310M300US12060,12060,"Atlanta-Sandy Springs-Roswell, GA Metro Area",180345,154398,14382,5384,4330,1851
310M300US12100,12100,"Atlantic City-Hammonton, NJ Metro Area",15144,12401,2038,403,70,232
310M300US12220,12220,"Auburn-Opelika, AL Metro Area",1961,1516,275,6,164,0
310M300US12260,12260,"Augusta-Richmond County, GA-SC Metro Area",6625,5457,400,179,460,129
310M300US12420,12420,"Austin-Round Rock, TX Metro Area",113676,93427,10859,6123,1991,1276
310M300US12540,12540,"Bakersfield, CA Metro Area",86800,72505,10408,2968,349,570
310M300US12580,12580,"Baltimore-Columbia-Towson, MD Metro Area",39842,32987,3485,1456,1017,897
310M300US12620,12620,"Bangor, ME Metro Area",307,271,0,8,28,0
310M300US12700,12700,"Barnstable Town, MA Metro Area",2094,1819,130,25,10,110
310M300US12940,12940,"Baton Rouge, LA Metro Area",8291,6150,1112,285,400,344
310M300US12980,12980,"Battle Creek, MI Metro Area",559,427,96,6,30,0
310M300US13020,13020,"Bay City, MI Metro Area",456,414,23,9,10,0
310M300US13140,13140,"Beaumont-Port Arthur, TX Metro Area",5388,4455,459,250,201,23
310M300US13220,13220,"Beckley, WV Metro Area",746,631,8,18,80,9
310M300US13380,13380,"Bellingham, WA Metro Area",6493,5180,819,102,350,42
310M300US13460,13460,"Bend-Redmond, OR Metro Area",2245,1861,267,47,70,0
310M300US13740,13740,"Billings, MT Metro Area",1064,863,138,52,8,3
310M300US13780,13780,"Binghamton, NY Metro Area",1863,1181,428,248,1,5
310M300US13820,13820,"Birmingham-Hoover, AL Metro Area",23057,18078,3570,812,294,303
310M300US13900,13900,"Bismarck, ND Metro Area",554,405,19,40,90,0
310M300US13980,13980,"Blacksburg-Christiansburg-Radford, VA Metro Area",1124,525,119,92,248,140
310M300US14010,14010,"Bloomington, IL Metro Area",1763,1451,133,123,6,50
310M300US14020,14020,"Bloomington, IN Metro Area",822,603,117,77,25,0
310M300US14100,14100,"Bloomsburg-Berwick, PA Metro Area",503,375,119,0,9,0
310M300US14260,14260,"Boise City, ID Metro Area",22224,17786,3218,774,364,82
310M300US14460,14460,"Boston-Cambridge-Newton, MA-NH Metro Area",189809,157983,17938,5913,3942,4033
310M300US14500,14500,"Boulder, CO Metro Area",7554,5341,1570,295,273,75
310M300US14540,14540,"Bowling Green, KY Metro Area",3303,1940,676,167,404,116
310M300US14740,14740,"Bremerton-Silverdale, WA Metro Area",4912,3580,630,226,373,103
310M300US14860,14860,"Bridgeport-Stamford-Norwalk, CT Metro Area",63740,52782,8113,478,1478,889
310M300US15180,15180,"Brownsville-Harlingen, TX Metro Area",15663,14620,724,106,76,137
310M300US15260,15260,"Brunswick, GA Metro Area",1890,1527,226,4,44,89
310M300US15380,15380,"Buffalo-Cheektowaga-Niagara Falls, NY Metro Area",21409,16066,3586,990,215,552
310M300US15500,15500,"Burlington, NC Metro Area",9374,8441,679,67,55,132
310M300US15540,15540,"Burlington-South Burlington, VT Metro Area",1116,948,92,51,21,4
310M300US15680,15680,"California-Lexington Park, MD Metro Area",665,457,100,77,19,12
310M300US15940,15940,"Canton-Massillon, OH Metro Area",1444,1214,67,46,70,47
310M300US15980,15980,"Cape Coral-Fort Myers, FL Metro Area",21091,17304,2304,665,458,360
310M300US16020,16020,"Cape Girardeau, MO-IL Metro Area",214,140,31,27,0,16
310M300US16060,16060,"Carbondale-Marion, IL Metro Area",1009,797,184,28,0,0
310M300US16180,16180,"Carson City, NV Metro Area",4925,3964,422,290,249,0
310M300US16220,16220,"Casper, WY Metro Area",906,862,39,5,0,0
310M300US16300,16300,"Cedar Rapids, IA Metro Area",2175,1877,123,87,85,3
310M300US16540,16540,"Chambersburg-Waynesboro, PA Metro Area",803,739,6,58,0,0
310M300US16580,16580,"Champaign-Urbana, IL Metro Area",1882,1546,77,107,127,25
310M300US16620,16620,"Charleston, WV Metro Area",477,375,54,10,38,0
310M300US16700,16700,"Charleston-North Charleston, SC Metro Area",10460,8615,656,404,660,125
310M300US16740,16740,"Charlotte-Concord-Gastonia, NC-SC Metro Area",84285,69462,9371,2434,1934,1084
310M300US16820,16820,"Charlottesville, VA Metro Area",2557,2027,218,117,149,46
310M300US16860,16860,"Chattanooga, TN-GA Metro Area",4791,3907,419,46,310,109
310M300US16940,16940,"Cheyenne, WY Metro Area",2916,2484,302,67,63,0
310M300US16980,16980,"Chicago-Naperville-Elgin, IL-IN-WI Metro Area",761606,660970,81840,8446,6364,3986
310M300US17020,17020,"Chico, CA Metro Area",9509,7668,1228,557,25,31
310M300US17140,17140,"Cincinnati, OH-KY-IN Metro Area",18331,14409,2156,601,698,467
310M300US17300,17300,"Clarksville, TN-KY Metro Area",3358,2438,307,147,433,33
310M300US17420,17420,"Cleveland, TN Metro Area",1097,768,141,54,122,12
310M300US17460,17460,"Cleveland-Elyria, OH Metro Area",23822,19138,3071,278,841,494
310M300US17660,17660,"Coeur d'Alene, ID Metro Area",619,575,0,30,4,10
310M300US17780,17780,"College Station-Bryan, TX Metro Area",12253,10041,1446,603,37,126
310M300US17820,17820,"Colorado Springs, CO Metro Area",31833,23888,4655,1275,1693,322
310M300US17860,17860,"Columbia, MO Metro Area",1804,1243,395,91,75,0
310M300US17900,17900,"Columbia, SC Metro Area",13465,10955,1293,432,502,283
310M300US17980,17980,"Columbus, GA-AL Metro Area",7307,5706,571,238,699,93
310M300US18020,18020,"Columbus, IN Metro Area",3379,3076,128,0,67,108
310M300US18140,18140,"Columbus, OH Metro Area",21152,17330,2276,696,581,269
310M300US18580,18580,"Corpus Christi, TX Metro Area",14121,12077,1536,317,93,98
310M300US18700,18700,"Corvallis, OR Metro Area",1170,834,126,70,98,42
310M300US18880,18880,"Crestview-Fort Walton Beach-Destin, FL Metro Area",8773,6211,1105,548,823,86
310M300US19060,19060,"Cumberland, MD-WV Metro Area",279,191,27,12,49,0
310M300US19100,19100,"Dallas-Fort Worth-Arlington, TX Metro Area",380538,311686,47874,11032,5600,4346
310M300US19140,19140,"Dalton, GA Metro Area",4679,4059,487,113,13,7
310M300US19180,19180,"Danville, IL Metro Area",567,484,72,7,4,0
310M300US19300,19300,"Daphne-Fairhope-Foley, AL Metro Area",1587,1305,170,87,2,23
310M300US19340,19340,"Davenport-Moline-Rock Island, IA-IL Metro Area",5784,5041,580,27,51,85
310M300US19380,19380,"Dayton, OH Metro Area",4976,3865,748,126,164,73
310M300US19460,19460,"Decatur, AL Metro Area",3458,2667,657,124,0,10
310M300US19500,19500,"Decatur, IL Metro Area",569,448,51,51,19,0
310M300US19660,19660,"Deltona-Daytona Beach-Ormond Beach, FL Metro Area",13134,10898,961,870,98,307
310M300US19740,19740,"Denver-Aurora-Lakewood, CO Metro Area",119066,95427,11550,8093,2712,1284
310M300US19780,19780,"Des Moines-West Des Moines, IA Metro Area",7457,5458,1305,356,250,88
310M300US19820,19820,"Detroit-Warren-Dearborn, MI Metro Area",49586,41727,4986,1233,611,1029
310M300US20020,20020,"Dothan, AL Metro Area",885,736,84,31,26,8
310M300US20100,20100,"Dover, DE Metro Area",2317,1899,276,4,118,20
310M300US20220,20220,"Dubuque, IA Metro Area",356,207,53,58,38,0
310M300US20260,20260,"Duluth, MN-WI Metro Area",793,590,102,44,41,16
310M300US20500,20500,"Durham-Chapel Hill, NC Metro Area",17599,14051,2457,458,367,266
310M300US20700,20700,"East Stroudsburg, PA Metro Area",5219,4770,107,123,204,15
310M300US20740,20740,"Eau Claire, WI Metro Area",262,202,12,47,1,0
310M300US20940,20940,"El Centro, CA Metro Area",43941,37510,4498,1264,150,519
310M300US21060,21060,"Elizabethtown-Fort Knox, KY Metro Area",1723,1152,125,119,290,37
310M300US21140,21140,"Elkhart-Goshen, IN Metro Area",5089,4491,530,16,52,0
310M300US21300,21300,"Elmira, NY Metro Area",434,333,45,49,0,7
310M300US21340,21340,"El Paso, TX Metro Area",92593,75644,11802,1236,2350,1561
310M300US21420,21420,"Enid, OK Metro Area",2566,2091,372,6,75,22
310M300US21500,21500,"Erie, PA Metro Area",2584,1628,655,161,6,134
310M300US21660,21660,"Eugene, OR Metro Area",8451,6133,1593,292,395,38
310M300US21780,21780,"Evansville, IN-KY Metro Area",2468,2218,110,51,89,0
310M300US21820,21820,"Fairbanks, AK Metro Area",1015,502,157,26,330,0
310M300US22020,22020,"Fargo, ND-MN Metro Area",1350,715,523,15,65,32
310M300US22140,22140,"Farmington, NM Metro Area",6012,5352,308,111,94,147
310M300US22180,22180,"Fayetteville, NC Metro Area",10953,7657,1577,627,805,287
310M300US22220,22220,"Fayetteville-Springdale-Rogers, AR-MO Metro Area",26948,22970,2243,315,987,433
310M300US22380,22380,"Flagstaff, AZ Metro Area",3843,2722,604,245,262,10
310M300US22420,22420,"Flint, MI Metro Area",2003,1633,228,15,50,77
310M300US22500,22500,"Florence, SC Metro Area",657,587,44,8,18,0
310M300US22520,22520,"Florence-Muscle Shoals, AL Metro Area",848,602,14,75,0,157
310M300US22540,22540,"Fond du Lac, WI Metro Area",2028,1792,130,20,43,43
310M300US22660,22660,"Fort Collins, CO Metro Area",6127,5062,625,213,208,19
310M300US22900,22900,"Fort Smith, AR-OK Metro Area",9964,8260,961,185,386,172
310M300US23060,23060,"Fort Wayne, IN Metro Area",6824,5120,1202,93,338,71
310M300US23420,23420,"Fresno, CA Metro Area",155871,130556,20101,4072,528,614
310M300US23460,23460,"Gadsden, AL Metro Area",612,592,20,0,0,0
310M300US23540,23540,"Gainesville, FL Metro Area",2288,1782,320,82,26,78
310M300US23580,23580,"Gainesville, GA Metro Area",8423,7261,977,122,58,5
310M300US23900,23900,"Gettysburg, PA Metro Area",3181,2503,277,131,200,70
310M300US24020,24020,"Glens Falls, NY Metro Area",577,331,13,200,26,7
310M300US24140,24140,"Goldsboro, NC Metro Area",4372,3688,287,199,115,83
310M300US24220,24220,"Grand Forks, ND-MN Metro Area",1001,594,315,27,64,1
310M300US24260,24260,"Grand Island, NE Metro Area",3464,2852,335,185,57,35
310M300US24300,24300,"Grand Junction, CO Metro Area",1842,1378,261,104,62,37
310M300US24340,24340,"Grand Rapids-Wyoming, MI Metro Area",27970,22790,4084,395,495,206
310M300US24420,24420,"Grants Pass, OR Metro Area",1575,1431,59,18,67,0
310M300US24500,24500,"Great Falls, MT Metro Area",612,417,87,0,95,13
310M300US24540,24540,"Greeley, CO Metro Area",14606,11286,2082,705,324,209
310M300US24580,24580,"Green Bay, WI Metro Area",10034,7880,1471,460,80,143
310M300US24660,24660,"Greensboro-High Point, NC Metro Area",23043,20081,1682,684,436,160
310M300US24780,24780,"Greenville, NC Metro Area",5917,4584,823,202,297,11
310M300US24860,24860,"Greenville-Anderson-Mauldin, SC Metro Area",13043,9420,2098,900,328,297
310M300US25060,25060,"Gulfport-Biloxi-Pascagoula, MS Metro Area",4616,3769,238,155,355,99
310M300US25180,25180,"Hagerstown-Martinsburg, MD-WV Metro Area",2691,1977,192,92,426,4
310M300US25220,25220,"Hammond, LA Metro Area",357,334,5,7,0,11
310M300US25260,25260,"Hanford-Corcoran, CA Metro Area",26468,20214,2789,2988,212,265
310M300US25420,25420,"Harrisburg-Carlisle, PA Metro Area",9824,6518,1432,970,696,208
310M300US25500,25500,"Harrisonburg, VA Metro Area",1752,1492,173,73,5,9
310M300US25540,25540,"Hartford-West Hartford-East Hartford, CT Metro Area",55823,42645,9437,1643,1321,777
310M300US25620,25620,"Hattiesburg, MS Metro Area",895,681,23,183,8,0
310M300US25860,25860,"Hickory-Lenoir-Morganton, NC Metro Area",16965,14833,845,689,341,257
310M300US25940,25940,"Hilton Head Island-Bluffton-Beaufort, SC Metro Area",6335,5265,783,132,154,1
310M300US25980,25980,"Hinesville, GA Metro Area",3064,1904,701,124,212,123
310M300US26140,26140,"Homosassa Springs, FL Metro Area",631,484,83,6,58,0
310M300US26300,26300,"Hot Springs, AR Metro Area",2362,1890,374,9,89,0
310M300US26380,26380,"Houma-Thibodaux, LA Metro Area",3347,2686,304,129,60,168
310M300US26420,26420,"Houston-The Woodlands-Sugar Land, TX Metro Area",447646,376118,50136,9449,4152,7791
310M300US26580,26580,"Huntington-Ashland, WV-KY-OH Metro Area",1015,851,33,51,80,0
310M300US26620,26620,"Huntsville, AL Metro Area",4621,3686,443,207,235,50
310M300US26820,26820,"Idaho Falls, ID Metro Area",8201,6639,728,355,265,214
310M300US26900,26900,"Indianapolis-Carmel-Anderson, IN Metro Area",42950,35358,4844,1030,1323,395
310M300US26980,26980,"Iowa City, IA Metro Area",2470,1476,447,62,426,59
310M300US27060,27060,"Ithaca, NY Metro Area",1148,589,95,159,174,131
310M300US27100,27100,"Jackson, MI Metro Area",888,787,27,46,0,28
310M300US27140,27140,"Jackson, MS Metro Area",5407,4434,387,202,245,139
310M300US27180,27180,"Jackson, TN Metro Area",1435,1255,156,12,4,8
310M300US27260,27260,"Jacksonville, FL Metro Area",18225,13875,2020,772,1111,447
310M300US27340,27340,"Jacksonville, NC Metro Area",4150,2789,440,93,557,271
310M300US27500,27500,"Janesville-Beloit, WI Metro Area",3390,2661,400,120,189,20
310M300US27620,27620,"Jefferson City, MO Metro Area",1403,1217,37,50,99,0
310M300US27740,27740,"Johnson City, TN Metro Area",723,571,63,18,24,47
310M300US27780,27780,"Johnstown, PA Metro Area",387,204,90,56,34,3
310M300US27860,27860,"Jonesboro, AR Metro Area",2147,1453,354,96,177,67
310M300US27900,27900,"Joplin, MO Metro Area",2304,2010,117,69,108,0
310M300US27980,27980,"Kahului-Wailuku-Lahaina, HI Metro Area",1738,1440,241,13,13,31
310M300US28020,28020,"Kalamazoo-Portage, MI Metro Area",4547,3768,541,152,67,19
310M300US28100,28100,"Kankakee, IL Metro Area",1918,1567,291,54,6,0
310M300US28140,28140,"Kansas City, MO-KS Metro Area",52776,43595,5710,1441,1729,301
310M300US28420,28420,"Kennewick-Richland, WA Metro Area",36670,30249,3399,1859,792,371
310M300US28660,28660,"Killeen-Temple, TX Metro Area",13998,10522,1758,553,993,172
310M300US28700,28700,"Kingsport-Bristol-Bristol, TN-VA Metro Area",1831,1448,119,103,116,45
310M300US28740,28740,"Kingston, NY Metro Area",4420,3672,468,239,20,21
310M300US28940,28940,"Knoxville, TN Metro Area",6384,5277,772,154,116,65
310M300US29020,29020,"Kokomo, IN Metro Area",656,383,76,0,191,6
310M300US29100,29100,"La Crosse-Onalaska, WI-MN Metro Area",949,795,69,40,35,10
310M300US29180,29180,"Lafayette, LA Metro Area",3993,2786,604,225,126,252
310M300US29200,29200,"Lafayette-West Lafayette, IN Metro Area",3366,2840,297,117,70,42
310M300US29340,29340,"Lake Charles, LA Metro Area",1490,1369,29,23,48,21
310M300US29420,29420,"Lake Havasu City-Kingman, AZ Metro Area",5151,4422,270,89,348,22
310M300US29460,29460,"Lakeland-Winter Haven, FL Metro Area",12724,10027,1445,689,344,219
310M300US29540,29540,"Lancaster, PA Metro Area",14743,12509,1510,465,129,130
310M300US29620,29620,"Lansing-East Lansing, MI Metro Area",6510,5008,583,521,209,189
310M300US29700,29700,"Laredo, TX Metro Area",8364,7519,646,82,27,90
310M300US29740,29740,"Las Cruces, NM Metro Area",12608,11512,644,221,213,18
310M300US29820,29820,"Las Vegas-Henderson-Paradise, NV Metro Area",232699,180426,42960,336,7091,1886
310M300US29940,29940,"Lawrence, KS Metro Area",1265,887,108,54,136,80
310M300US30020,30020,"Lawton, OK Metro Area",2658,1621,493,193,273,78
310M300US30140,30140,"Lebanon, PA Metro Area",9372,6553,1569,627,173,450
310M300US30300,30300,"Lewiston, ID-WA Metro Area",209,200,3,6,0,0
310M300US30340,30340,"Lewiston-Auburn, ME Metro Area",223,100,9,88,26,0
310M300US30460,30460,"Lexington-Fayette, KY Metro Area",10955,8401,1370,284,423,477
310M300US30620,30620,"Lima, OH Metro Area",921,452,85,124,223,37
310M300US30700,30700,"Lincoln, NE Metro Area",4614,3191,828,367,82,146
310M300US30780,30780,"Little Rock-North Little Rock-Conway, AR Metro Area",10192,8733,946,194,241,78
310M300US30860,30860,"Logan, UT-ID Metro Area",4810,3671,883,147,78,31
310M300US30980,30980,"Longview, TX Metro Area",3555,3047,179,253,36,40
310M300US31020,31020,"Longview, WA Metro Area",1402,1106,204,46,46,0
310M300US31080,31080,"Los Angeles-Long Beach-Anaheim, CA Metro Area",2440052,2197926,206415,18280,6935,10496
310M300US31140,31140,"Louisville/Jefferson County, KY-IN Metro Area",9835,8580,709,118,250,178
310M300US31180,31180,"Lubbock, TX Metro Area",19538,15462,2936,917,161,62
310M300US31340,31340,"Lynchburg, VA Metro Area",1625,1122,301,137,7,58
310M300US31420,31420,"Macon-Bibb County, GA Metro Area",1027,620,46,161,16,184
310M300US31460,31460,"Madera, CA Metro Area",19863,16112,1791,1901,59,0
310M300US31540,31540,"Madison, WI Metro Area",10831,8486,1673,277,269,126
310M300US31700,31700,"Manchester-Nashua, NH Metro Area",3712,3100,307,133,53,119
310M300US31740,31740,"Manhattan, KS Metro Area",1130,453,221,29,54,373
310M300US31860,31860,"Mankato-North Mankato, MN Metro Area",463,376,13,47,16,11
310M300US31900,31900,"Mansfield, OH Metro Area",461,304,84,69,4,0
310M300US32580,32580,"McAllen-Edinburg-Mission, TX Metro Area",67787,59721,5588,1441,304,733
310M300US32780,32780,"Medford, OR Metro Area",3598,2999,523,52,0,24
310M300US32820,32820,"Memphis, TN-MS-AR Metro Area",29619,23653,4674,260,624,408
310M300US32900,32900,"Merced, CA Metro Area",69310,56777,8610,3285,233,405
310M300US33100,33100,"Miami-Fort Lauderdale-West Palm Beach, FL Metro Area",173457,143078,18722,3772,3189,4696
310M300US33140,33140,"Michigan City-La Porte, IN Metro Area",2240,1663,345,113,86,33
310M300US33220,33220,"Midland, MI Metro Area",379,223,21,79,32,24
310M300US33260,33260,"Midland, TX Metro Area",10904,8018,1177,742,907,60
310M300US33340,33340,"Milwaukee-Waukesha-West Allis, WI Metro Area",50364,43940,4838,578,759,249
310M300US33460,33460,"Minneapolis-St. Paul-Bloomington, MN-WI Metro Area",72826,58492,7742,3793,1052,1747
310M300US33540,33540,"Missoula, MT Metro Area",375,250,93,31,0,1
310M300US33660,33660,"Mobile, AL Metro Area",3790,3223,419,20,100,28
310M300US33700,33700,"Modesto, CA Metro Area",59221,51042,5333,2335,21,490
310M300US33740,33740,"Monroe, LA Metro Area",825,668,97,15,18,27
310M300US33780,33780,"Monroe, MI Metro Area",698,652,20,0,6,20
310M300US33860,33860,"Montgomery, AL Metro Area",4200,3165,714,168,114,39
310M300US34060,34060,"Morgantown, WV Metro Area",807,404,114,152,86,51
310M300US34100,34100,"Morristown, TN Metro Area",2905,2565,240,16,43,41
310M300US34580,34580,"Mount Vernon-Anacortes, WA Metro Area",9877,9146,601,106,21,3
310M300US34620,34620,"Muncie, IN Metro Area",625,500,62,57,6,0
310M300US34740,34740,"Muskegon, MI Metro Area",809,585,159,63,0,2
310M300US34820,34820,"Myrtle Beach-Conway-North Myrtle Beach, SC-NC Metro Area",9433,7561,1389,82,112,289
310M300US34900,34900,"Napa, CA Metro Area",17366,15258,1693,260,45,110
310M300US34940,34940,"Naples-Immokalee-Marco Island, FL Metro Area",7454,6683,327,107,123,214
310M300US34980,34980,"Nashville-Davidson--Murfreesboro--Franklin, TN Metro Area",28202,23655,2201,981,617,748
310M300US35100,35100,"New Bern, NC Metro Area",2416,1804,220,98,201,93
310M300US35300,35300,"New Haven-Milford, CT Metro Area",47381,39594,5480,845,960,502
310M300US35380,35380,"New Orleans-Metairie, LA Metro Area",25051,21292,1895,994,665,205
310M300US35620,35620,"New York-Newark-Jersey City, NY-NJ-PA Metro Area",2081756,1881063,125174,37763,15581,22175
310M300US35660,35660,"Niles-Benton Harbor, MI Metro Area",2066,1543,269,61,156,37
310M300US35840,35840,"North Port-Sarasota-Bradenton, FL Metro Area",8970,7589,741,251,196,193
310M300US35980,35980,"Norwich-New London, CT Metro Area",8309,6055,1352,547,355,0
310M300US36100,36100,"Ocala, FL Metro Area",2747,2344,135,196,71,1
310M300US36140,36140,"Ocean City, NJ Metro Area",1265,814,264,95,78,14
310M300US36220,36220,"Odessa, TX Metro Area",13085,11350,1178,350,74,133
310M300US36260,36260,"Ogden-Clearfield, UT Metro Area",20126,15761,2356,593,860,556
310M300US36420,36420,"Oklahoma City, OK Metro Area",34815,28679,3976,1093,759,308
310M300US36500,36500,"Olympia-Tumwater, WA Metro Area",3130,2241,388,208,225,68
310M300US36540,36540,"Omaha-Council Bluffs, NE-IA Metro Area",15875,12259,2148,379,961,128
310M300US36740,36740,"Orlando-Kissimmee-Sanford, FL Metro Area",123358,100124,12283,5262,2708,2981
310M300US36780,36780,"Oshkosh-Neenah, WI Metro Area",1197,1029,142,26,0,0
310M300US36980,36980,"Owensboro, KY Metro Area",264,257,0,0,7,0
310M300US37100,37100,"Oxnard-Thousand Oaks-Ventura, CA Metro Area",48823,42876,3726,1508,307,406
310M300US37340,37340,"Palm Bay-Melbourne-Titusville, FL Metro Area",7338,5580,986,392,283,97
310M300US37460,37460,"Panama City, FL Metro Area",1414,1024,213,41,78,58
310M300US37620,37620,"Parkersburg-Vienna, WV Metro Area",114,95,5,0,14,0
310M300US37860,37860,"Pensacola-Ferry Pass-Brent, FL Metro Area",6231,4101,857,381,798,94
310M300US37900,37900,"Peoria, IL Metro Area",3618,3183,198,150,46,41
310M300US37980,37980,"Philadelphia-Camden-Wilmington, PA-NJ-DE-MD Metro Area",187205,153993,19074,4617,5309,4212
310M300US38060,38060,"Phoenix-Mesa-Scottsdale, AZ Metro Area",309078,252779,43836,3500,6128,2835
310M300US38220,38220,"Pine Bluff, AR Metro Area",812,739,19,54,0,0
310M300US38300,38300,"Pittsburgh, PA Metro Area",7279,5668,1012,118,339,142
310M300US38340,38340,"Pittsfield, MA Metro Area",1976,1234,390,40,115,197
310M300US38540,38540,"Pocatello, ID Metro Area",1390,1148,135,107,0,0
310M300US38860,38860,"Portland-South Portland, ME Metro Area",1379,1106,51,110,58,54
310M300US38900,38900,"Portland-Vancouver-Hillsboro, OR-WA Metro Area",73968,59986,8222,2060,3147,553
310M300US38940,38940,"Port St. Lucie, FL Metro Area",11471,9773,746,433,337,182
310M300US39140,39140,"Prescott, AZ Metro Area",5484,5027,258,75,108,16
310M300US39300,39300,"Providence-Warwick, RI-MA Metro Area",89637,73006,11615,1504,1874,1638
310M300US39340,39340,"Provo-Orem, UT Metro Area",10996,8697,1241,300,384,374
310M300US39380,39380,"Pueblo, CO Metro Area",18351,14572,3114,569,96,0
310M300US39460,39460,"Punta Gorda, FL Metro Area",1227,1044,130,22,21,10
310M300US39540,39540,"Racine, WI Metro Area",7143,6141,737,142,109,14
310M300US39580,39580,"Raleigh, NC Metro Area",43141,36261,4626,566,913,775
310M300US39660,39660,"Rapid City, SD Metro Area",757,535,75,35,94,18
310M300US39740,39740,"Reading, PA Metro Area",16727,12837,3047,272,426,145
310M300US39820,39820,"Redding, CA Metro Area",3703,2824,530,288,21,40
310M300US39900,39900,"Reno, NV Metro Area",27398,22255,3937,186,883,137
310M300US40060,40060,"Richmond, VA Metro Area",19737,15525,1686,1700,522,304
310M300US40140,40140,"Riverside-San Bernardino-Ontario, CA Metro Area",823353,709186,74715,32026,4066,3360
310M300US40220,40220,"Roanoke, VA Metro Area",3105,2414,396,163,66,66
310M300US40340,40340,"Rochester, MN Metro Area",1794,1444,267,26,57,0
310M300US40380,40380,"Rochester, NY Metro Area",16913,13339,2067,580,571,356
310M300US40420,40420,"Rockford, IL Metro Area",10699,9529,797,299,45,29
310M300US40580,40580,"Rocky Mount, NC Metro Area",4698,4123,210,229,92,44
310M300US40660,40660,"Rome, GA Metro Area",3587,3010,539,0,20,18
310M300US40900,40900,"Sacramento--Roseville--Arden-Arcade, CA Metro Area",143954,118573,17229,6789,665,698
310M300US40980,40980,"Saginaw, MI Metro Area",3301,2998,260,22,13,8
310M300US41060,41060,"St. Cloud, MN Metro Area",2014,1335,325,220,134,0
310M300US41100,41100,"St. George, UT Metro Area",5523,4890,389,67,129,48
310M300US41140,41140,"St. Joseph, MO-KS Metro Area",1108,849,172,29,52,6
310M300US41180,41180,"St. Louis, MO-IL Metro Area",18378,15067,1459,645,879,328
310M300US41420,41420,"Salem, OR Metro Area",22212,19152,1551,899,387,223
310M300US41500,41500,"Salinas, CA Metro Area",91457,84620,4183,2017,92,545
310M300US41540,41540,"Salisbury, MD-DE Metro Area",5325,4654,441,110,67,53
310M300US41620,41620,"Salt Lake City, UT Metro Area",99665,82050,12829,861,2831,1094
310M300US41660,41660,"San Angelo, TX Metro Area",8199,6355,1277,437,53,77
310M300US41700,41700,"San Antonio-New Braunfels, TX Metro Area",152064,129288,16295,3391,1872,1218
310M300US41740,41740,"San Diego-Carlsbad, CA Metro Area",205079,175600,23015,2575,1947,1942
310M300US41860,41860,"San Francisco-Oakland-Hayward, CA Metro Area",422268,369179,32497,14680,2418,3494
310M300US41940,41940,"San Jose-Sunnyvale-Santa Clara, CA Metro Area",212766,185445,20613,4580,917,1211
310M300US42020,42020,"San Luis Obispo-Paso Robles-Arroyo Grande, CA Metro Area",11719,8951,1245,1238,141,144
310M300US42100,42100,"Santa Cruz-Watsonville, CA Metro Area",32320,29276,1882,1024,61,77
310M300US42140,42140,"Santa Fe, NM Metro Area",12772,11805,470,448,49,0
310M300US42200,42200,"Santa Maria-Santa Barbara, CA Metro Area",54757,42477,8563,2654,529,534
310M300US42220,42220,"Santa Rosa, CA Metro Area",61214,52258,6136,2225,186,409
310M300US42340,42340,"Savannah, GA Metro Area",6099,4962,469,229,311,128
310M300US42540,42540,"Scranton--Wilkes-Barre--Hazleton, PA Metro Area",11743,9747,1247,328,267,154
310M300US42660,42660,"Seattle-Tacoma-Bellevue, WA Metro Area",117125,90452,18404,2756,3507,2006
310M300US42680,42680,"Sebastian-Vero Beach, FL Metro Area",2122,1928,48,98,10,38
310M300US42700,42700,"Sebring, FL Metro Area",5154,3923,672,117,38,404
310M300US43100,43100,"Sheboygan, WI Metro Area",1459,1291,132,25,11,0
310M300US43300,43300,"Sherman-Denison, TX Metro Area",2049,1670,270,100,0,9
310M300US43340,43340,"Shreveport-Bossier City, LA Metro Area",3693,3014,266,117,276,20
310M300US43420,43420,"Sierra Vista-Douglas, AZ Metro Area",4785,4190,411,47,85,52
310M300US43580,43580,"Sioux City, IA-NE-SD Metro Area",6729,5281,663,222,522,41
310M300US43620,43620,"Sioux Falls, SD Metro Area",3269,2524,376,182,179,8
310M300US43780,43780,"South Bend-Mishawaka, IN-MI Metro Area",6242,5027,894,170,57,94
310M300US43900,43900,"Spartanburg, SC Metro Area",5115,3654,839,239,359,24
310M300US44060,44060,"Spokane-Spokane Valley, WA Metro Area",6308,5074,523,411,241,59
310M300US44100,44100,"Springfield, IL Metro Area",1223,948,201,71,0,3
310M300US44140,44140,"Springfield, MA Metro Area",27409,21715,4417,324,510,443
310M300US44180,44180,"Springfield, MO Metro Area",3210,2761,194,126,81,48
310M300US44220,44220,"Springfield, OH Metro Area",1080,688,303,84,5,0
310M300US44300,44300,"State College, PA Metro Area",799,565,94,80,36,24
310M300US44420,44420,"Staunton-Waynesboro, VA Metro Area",525,444,33,33,15,0
310M300US44700,44700,"Stockton-Lodi, CA Metro Area",79316,68200,8260,2181,530,145
310M300US44940,44940,"Sumter, SC Metro Area",627,539,0,19,61,8
310M300US45060,45060,"Syracuse, NY Metro Area",5803,4183,931,345,181,163
310M300US45220,45220,"Tallahassee, FL Metro Area",3151,2063,333,626,41,88
310M300US45300,45300,"Tampa-St. Petersburg-Clearwater, FL Metro Area",85549,69947,9542,2050,2397,1613
310M300US45460,45460,"Terre Haute, IN Metro Area",869,549,208,42,70,0
310M300US45500,45500,"Texarkana, TX-AR Metro Area",2206,1558,406,200,42,0
310M300US45540,45540,"The Villages, FL Metro Area",1201,990,31,43,35,102
310M300US45780,45780,"Toledo, OH Metro Area",12060,8861,2492,367,312,28
310M300US45820,45820,"Topeka, KS Metro Area",4207,3465,481,189,33,39
310M300US45940,45940,"Trenton, NJ Metro Area",11809,10385,836,174,323,91
310M300US46060,46060,"Tucson, AZ Metro Area",87205,64549,18485,2203,1148,820
310M300US46140,46140,"Tulsa, OK Metro Area",27568,21945,4053,500,551,519
310M300US46220,46220,"Tuscaloosa, AL Metro Area",2755,2125,302,74,109,145
310M300US46340,46340,"Tyler, TX Metro Area",4126,3687,262,96,66,15
310M300US46520,46520,"Urban Honolulu, HI Metro Area",9329,6960,1070,49,930,320
310M300US46540,46540,"Utica-Rome, NY Metro Area",3634,2708,506,324,96,0
310M300US46660,46660,"Valdosta, GA Metro Area",2680,2223,162,103,121,71
310M300US46700,46700,"Vallejo-Fairfield, CA Metro Area",39143,32606,4031,2103,223,180
310M300US47020,47020,"Victoria, TX Metro Area",4051,3615,253,121,44,18
310M300US47220,47220,"Vineland-Bridgeton, NJ Metro Area",11993,10413,698,659,174,49
310M300US47260,47260,"Virginia Beach-Norfolk-Newport News, VA-NC Metro Area",26428,19134,3147,1660,1928,559
310M300US47300,47300,"Visalia-Porterville, CA Metro Area",52154,46189,4327,1124,127,387
310M300US47380,47380,"Waco, TX Metro Area",9805,8474,1037,181,113,0
310M300US47460,47460,"Walla Walla, WA Metro Area",4013,3247,357,164,233,12
310M300US47580,47580,"Warner Robins, GA Metro Area",3654,3313,94,31,216,0
310M300US47900,47900,"Washington-Arlington-Alexandria, DC-VA-MD-WV Metro Area",346515,290984,33052,9776,7253,5450
310M300US47940,47940,"Waterloo-Cedar Falls, IA Metro Area",2047,1659,91,60,234,3
310M300US48060,48060,"Watertown-Fort Drum, NY Metro Area",1759,1088,119,263,231,58
310M300US48140,48140,"Wausau, WI Metro Area",452,377,34,36,0,5
310M300US48260,48260,"Weirton-Steubenville, WV-OH Metro Area",118,65,0,42,11,0
310M300US48300,48300,"Wenatchee, WA Metro Area",12740,10406,1325,700,150,159
310M300US48540,48540,"Wheeling, WV-OH Metro Area",413,329,27,46,11,0
310M300US48620,48620,"Wichita, KS Metro Area",13983,11768,1588,348,158,121
310M300US48660,48660,"Wichita Falls, TX Metro Area",5628,4849,441,197,55,86
310M300US48700,48700,"Williamsport, PA Metro Area",470,331,58,9,58,14
310M300US48900,48900,"Wilmington, NC Metro Area",4863,4408,247,127,24,57
310M300US49020,49020,"Winchester, VA-WV Metro Area",1504,1261,103,102,38,0
310M300US49180,49180,"Winston-Salem, NC Metro Area",15782,13290,1521,643,298,30
310M300US49340,49340,"Worcester, MA-CT Metro Area",27630,22044,4159,650,178,599
310M300US49420,49420,"Yakima, WA Metro Area",31259,26687,3703,414,375,80
310M300US49620,49620,"York-Hanover, PA Metro Area",5710,3465,1354,617,160,114
310M300US49660,49660,"Youngstown-Warren-Boardman, OH-PA Metro Area",2528,1775,324,85,310,34
310M300US49700,49700,"Yuba City, CA Metro Area",9402,8143,498,495,224,42
310M300US49740,49740,"Yuma, AZ Metro Area",39402,31876,4945,448,1299,834
