GEO.id,GEO.id2,GEO.display-label,HD01_VD01,HD01_VD02,HD01_VD03,HD01_VD04,HD01_VD05,HD01_VD06
Id,Id2,Geography,Estimate; Total:,Estimate; Total: - Same house 1 year ago,Estimate; Total: - Moved within same county,Estimate; Total: - Moved from different county within same state,Estimate; Total: - Moved from different state,Estimate; Total: - Moved from abroad
310M300US10180,10180,"Abilene, TX Metro Area",109844,85512,13965,7284,2706,377
310M300US10420,10420,"Akron, OH Metro Area",564786,499727,37207,19260,7264,1328
310M300US10500,10500,"Albany, GA Metro Area",64175,56085,3234,3548,1273,35
310M300US10540,10540,"Albany, OR Metro Area",102300,85169,10178,4635,2128,190
310M300US10580,10580,"Albany-Schenectady-Troy, NY Metro Area",705753,624333,41535,27298,10598,1989
310M300US10740,10740,"Albuquerque, NM Metro Area",363095,309617,29805,8573,13307,1793
310M300US10780,10780,"Alexandria, LA Metro Area",97363,88129,5047,2802,1310,75
310M300US10900,10900,"Allentown-Bethlehem-Easton, PA-NJ Metro Area",622541,561218,33866,15872,10372,1213
310M300US11020,11020,"Altoona, PA Metro Area",118505,106256,8645,2584,893,127
310M300US11100,11100,"Amarillo, TX Metro Area",158236,132968,11802,10389,2735,342
310M300US11180,11180,"Ames, IA Metro Area",79878,55353,12596,7415,3996,518
310M300US11260,11260,"Anchorage, AK Metro Area",255483,211200,25824,5728,11420,1311
310M300US11460,11460,"Ann Arbor, MI Metro Area",251665,198823,27088,14232,9488,2034
310M300US11500,11500,"Anniston-Oxford-Jacksonville, AL Metro Area",83699,71328,6923,3555,1736,157
310M300US11540,11540,"Appleton, WI Metro Area",204067,184012,9869,8133,1610,443
310M300US11700,11700,"Asheville, NC Metro Area",375722,322873,27159,12360,12743,587
310M300US12020,12020,"Athens-Clarke County, GA Metro Area",131818,103633,11030,12956,3698,501
310M300US12060,12060,"Atlanta-Sandy Springs-Roswell, GA Metro Area",2712766,2354465,163888,119201,65869,9343
310M300US12100,12100,"Atlantic City-Hammonton, NJ Metro Area",154700,140102,7970,3497,2879,252
310M300US12220,12220,"Auburn-Opelika, AL Metro Area",103567,79264,12004,6123,5669,507
310M300US12260,12260,"Augusta-Richmond County, GA-SC Metro Area",320686,280816,18601,8034,11782,1453
310M300US12420,12420,"Austin-Round Rock, TX Metro Area",1025671,828873,97705,59758,34557,4778
310M300US12540,12540,"Bakersfield, CA Metro Area",311087,257418,38491,9313,5206,659
310M300US12580,12580,"Baltimore-Columbia-Towson, MD Metro Area",1598691,1424970,85972,44218,37625,5906
310M300US12620,12620,"Bangor, ME Metro Area",142814,121126,12882,5244,3359,203
310M300US12700,12700,"Barnstable Town, MA Metro Area",193396,176987,8577,3763,3578,491
310M300US12940,12940,"Baton Rouge, LA Metro Area",465815,404765,32828,17385,10057,780
310M300US12980,12980,"Battle Creek, MI Metro Area",104957,89786,9482,3929,1640,120
310M300US13020,13020,"Bay City, MI Metro Area",95359,84864,7179,2429,743,144
310M300US13140,13140,"Beaumont-Port Arthur, TX Metro Area",232091,201193,16311,10083,4131,373
310M300US13220,13220,"Beckley, WV Metro Area",108848,97521,6756,3397,1119,55
310M300US13380,13380,"Bellingham, WA Metro Area",166433,137351,18888,6082,3310,802
310M300US13460,13460,"Bend-Redmond, OR Metro Area",148865,122543,16904,3571,5399,448
310M300US13740,13740,"Billings, MT Metro Area",144578,122787,13247,3924,4283,337
310M300US13780,13780,"Binghamton, NY Metro Area",212351,186268,17746,5209,2732,396
310M300US13820,13820,"Birmingham-Hoover, AL Metro Area",725205,632034,50304,27594,14130,1143
310M300US13900,13900,"Bismarck, ND Metro Area",109768,95244,6899,4740,2727,158
310M300US13980,13980,"Blacksburg-Christiansburg-Radford, VA Metro Area",156432,124463,14712,11504,5170,583
310M300US14010,14010,"Bloomington, IL Metro Area",152388,126400,14905,7977,2968,138
310M300US14020,14020,"Bloomington, IN Metro Area",140060,101382,20938,11287,5527,926
310M300US14100,14100,"Bloomsburg-Berwick, PA Metro Area",78875,70464,3876,3495,923,117
310M300US14260,14260,"Boise City, ID Metro Area",532700,445300,49922,16760,19385,1333
310M300US14460,14460,"Boston-Cambridge-Newton, MA-NH Metro Area",3396428,2990426,210335,94558,81421,19688
310M300US14500,14500,"Boulder, CO Metro Area",244297,188685,27464,12038,14342,1768
310M300US14540,14540,"Bowling Green, KY Metro Area",139062,112093,15012,7592,3817,548
310M300US14740,14740,"Bremerton-Silverdale, WA Metro Area",197980,163258,19552,5186,8704,1280
310M300US14860,14860,"Bridgeport-Stamford-Norwalk, CT Metro Area",593537,536078,33225,4803,16047,3384
310M300US15180,15180,"Brownsville-Harlingen, TX Metro Area",40239,36259,1869,1039,754,318
310M300US15260,15260,"Brunswick, GA Metro Area",77773,64718,6668,3816,2529,42
310M300US15380,15380,"Buffalo-Cheektowaga-Niagara Falls, NY Metro Area",879837,794987,60560,15273,7503,1514
310M300US15500,15500,"Burlington, NC Metro Area",101760,88668,7644,2974,2223,251
310M300US15540,15540,"Burlington-South Burlington, VT Metro Area",194319,162425,19246,3968,7793,887
310M300US15680,15680,"California-Lexington Park, MD Metro Area",82541,73223,4348,2241,2370,359
310M300US15940,15940,"Canton-Massillon, OH Metro Area",349842,310613,25515,9690,3501,523
310M300US15980,15980,"Cape Coral-Fort Myers, FL Metro Area",467984,396324,38122,8418,22670,2450
310M300US16020,16020,"Cape Girardeau, MO-IL Metro Area",82900,69094,7580,4186,1911,129
310M300US16060,16060,"Carbondale-Marion, IL Metro Area",104411,89131,8039,5098,1914,229
310M300US16180,16180,"Carson City, NV Metro Area",37079,29684,3534,2271,1569,21
310M300US16220,16220,"Casper, WY Metro Area",69712,57911,7606,1709,2362,124
310M300US16300,16300,"Cedar Rapids, IA Metro Area",232947,203749,17999,7144,3581,474
310M300US16540,16540,"Chambersburg-Waynesboro, PA Metro Area",134530,121772,7941,2492,1998,327
310M300US16580,16580,"Champaign-Urbana, IL Metro Area",169414,135623,16997,11372,4532,890
310M300US16620,16620,"Charleston, WV Metro Area",197098,173900,15437,4414,3152,195
310M300US16700,16700,"Charleston-North Charleston, SC Metro Area",460947,380922,38856,17376,22638,1155
310M300US16740,16740,"Charlotte-Concord-Gastonia, NC-SC Metro Area",1476756,1277946,103473,42657,49488,3192
310M300US16820,16820,"Charlottesville, VA Metro Area",168283,141232,9183,11787,4998,1083
310M300US16860,16860,"Chattanooga, TN-GA Metro Area",424023,368484,30078,10256,14492,713
310M300US16940,16940,"Cheyenne, WY Metro Area",75498,62019,7696,1273,4151,359
310M300US16980,16980,"Chicago-Naperville-Elgin, IL-IN-WI Metro Area",5072006,4496549,345197,112044,98615,19601
310M300US17020,17020,"Chico, CA Metro Area",163006,132188,20878,7396,2154,390
310M300US17140,17140,"Cincinnati, OH-KY-IN Metro Area",1707192,1472617,129475,60955,40735,3410
310M300US17300,17300,"Clarksville, TN-KY Metro Area",182734,144930,16487,4176,15424,1717
310M300US17420,17420,"Cleveland, TN Metro Area",104252,89085,9186,2594,3207,180
310M300US17460,17460,"Cleveland-Elyria, OH Metro Area",1444200,1283778,103811,35531,16927,4153
310M300US17660,17660,"Coeur d'Alene, ID Metro Area",133108,109494,14135,2645,6645,189
310M300US17780,17780,"College Station-Bryan, TX Metro Area",139909,100303,18999,16456,3321,830
310M300US17820,17820,"Colorado Springs, CO Metro Area",483785,385319,52484,9954,31733,4295
310M300US17860,17860,"Columbia, MO Metro Area",136382,105246,17940,7264,5684,248
310M300US17900,17900,"Columbia, SC Metro Area",454164,381861,33039,18276,19265,1723
310M300US17980,17980,"Columbus, GA-AL Metro Area",148030,116454,10790,6604,13179,1003
310M300US18020,18020,"Columbus, IN Metro Area",66474,58473,4715,1940,1099,247
310M300US18140,18140,"Columbus, OH Metro Area",1473878,1244942,134836,65492,24806,3802
310M300US18580,18580,"Corpus Christi, TX Metro Area",151505,122282,12844,9656,6401,322
310M300US18700,18700,"Corvallis, OR Metro Area",70971,54761,7589,5429,2910,282
310M300US18880,18880,"Crestview-Fort Walton Beach-Destin, FL Metro Area",196291,162548,16613,6016,9841,1273
310M300US19060,19060,"Cumberland, MD-WV Metro Area",89063,79572,6754,1368,1293,76
310M300US19100,19100,"Dallas-Fort Worth-Arlington, TX Metro Area",3324671,2809211,279375,151033,73545,11507
310M300US19140,19140,"Dalton, GA Metro Area",94295,82816,6515,2803,2021,140
310M300US19180,19180,"Danville, IL Metro Area",62377,55134,5383,915,814,131
310M300US19300,19300,"Daphne-Fairhope-Foley, AL Metro Area",164190,142593,12374,3393,5482,348
310M300US19340,19340,"Davenport-Moline-Rock Island, IA-IL Metro Area",303549,269934,20391,4995,7785,444
310M300US19380,19380,"Dayton, OH Metro Area",611004,512812,60465,22706,13238,1783
310M300US19460,19460,"Decatur, AL Metro Area",116121,102922,8638,3432,1025,104
310M300US19500,19500,"Decatur, IL Metro Area",82721,70589,8544,2360,1082,146
310M300US19660,19660,"Deltona-Daytona Beach-Ormond Beach, FL Metro Area",449845,389323,31178,11156,16858,1330
310M300US19740,19740,"Denver-Aurora-Lakewood, CO Metro Area",1769346,1462044,128363,101335,70980,6624
310M300US19780,19780,"Des Moines-West Des Moines, IA Metro Area",495402,416167,46714,21383,10454,684
310M300US19820,19820,"Detroit-Warren-Dearborn, MI Metro Area",2854014,2533297,204108,76263,29458,10888
310M300US20020,20020,"Dothan, AL Metro Area",103115,90984,7473,2162,2416,80
310M300US20100,20100,"Dover, DE Metro Area",107474,93732,8146,2044,3252,300
310M300US20220,20220,"Dubuque, IA Metro Area",87588,75923,7412,1440,2600,213
310M300US20260,20260,"Duluth, MN-WI Metro Area",252809,216034,22735,8259,5347,434
310M300US20500,20500,"Durham-Chapel Hill, NC Metro Area",293787,241143,21883,16245,12725,1791
310M300US20700,20700,"East Stroudsburg, PA Metro Area",113106,102370,5424,2633,2482,197
310M300US20740,20740,"Eau Claire, WI Metro Area",150467,125949,14078,7639,2567,234
310M300US20940,20940,"El Centro, CA Metro Area",21173,18642,1200,669,538,124
310M300US21060,21060,"Elizabethtown-Fort Knox, KY Metro Area",119497,97585,10913,5201,4963,835
310M300US21140,21140,"Elkhart-Goshen, IN Metro Area",150736,133776,12160,2660,1920,220
310M300US21300,21300,"Elmira, NY Metro Area",75195,66302,6007,1814,917,155
310M300US21340,21340,"El Paso, TX Metro Area",106326,85169,9099,1652,8379,2027
310M300US21420,21420,"Enid, OK Metro Area",47239,38142,5231,1706,2017,143
310M300US21500,21500,"Erie, PA Metro Area",235574,202663,22607,5136,4706,462
310M300US21660,21660,"Eugene, OR Metro Area",297042,236246,40939,8431,10300,1126
310M300US21780,21780,"Evansville, IN-KY Metro Area",272829,235846,22217,8862,5663,241
310M300US21820,21820,"Fairbanks, AK Metro Area",70451,54831,8534,1327,5154,605
310M300US22020,22020,"Fargo, ND-MN Metro Area",198737,160095,21006,5651,11548,437
310M300US22140,22140,"Farmington, NM Metro Area",49396,43069,4040,345,1830,112
310M300US22180,22180,"Fayetteville, NC Metro Area",164396,131340,14264,5006,11923,1863
310M300US22220,22220,"Fayetteville-Springdale-Rogers, AR-MO Metro Area",370092,306500,37868,12132,12671,921
310M300US22380,22380,"Flagstaff, AZ Metro Area",74791,55462,8988,5242,4712,387
310M300US22420,22420,"Flint, MI Metro Area",296807,258137,27151,7925,3028,566
310M300US22500,22500,"Florence, SC Metro Area",109182,98547,6631,2398,1565,41
310M300US22520,22520,"Florence-Muscle Shoals, AL Metro Area",120550,104282,9714,4041,2362,151
310M300US22540,22540,"Fond du Lac, WI Metro Area",91803,82413,5778,2915,563,134
310M300US22660,22660,"Fort Collins, CO Metro Area",268968,212520,30678,12400,12246,1124
310M300US22900,22900,"Fort Smith, AR-OK Metro Area",203639,174854,16884,6215,5480,206
310M300US23060,23060,"Fort Wayne, IN Metro Area",328359,286388,28959,6956,5629,427
310M300US23420,23420,"Fresno, CA Metro Area",293689,248521,33672,7506,2646,1344
310M300US23460,23460,"Gadsden, AL Metro Area",80375,69060,7860,2400,897,158
310M300US23540,23540,"Gainesville, FL Metro Area",173811,136497,19548,11423,5533,810
310M300US23580,23580,"Gainesville, GA Metro Area",117135,102309,7516,5107,2012,191
310M300US23900,23900,"Gettysburg, PA Metro Area",90579,80590,5550,2025,2259,155
310M300US24020,24020,"Glens Falls, NY Metro Area",118383,103992,7644,5038,1510,199
310M300US24140,24140,"Goldsboro, NC Metro Area",66905,57404,5364,2139,1753,245
310M300US24220,24220,"Grand Forks, ND-MN Metro Area",86604,70353,7664,2858,5322,407
310M300US24260,24260,"Grand Island, NE Metro Area",63600,55304,4425,2634,1060,177
310M300US24300,24300,"Grand Junction, CO Metro Area",120393,97939,13551,4094,4468,341
310M300US24340,24340,"Grand Rapids-Wyoming, MI Metro Area",809449,689958,69502,35797,11775,2417
310M300US24420,24420,"Grants Pass, OR Metro Area",73045,61006,7351,1897,2735,56
310M300US24500,24500,"Great Falls, MT Metro Area",69722,59052,6397,1731,2302,240
310M300US24540,24540,"Greeley, CO Metro Area",183427,151985,13874,11297,5810,461
310M300US24580,24580,"Green Bay, WI Metro Area",263202,231512,20317,7776,3162,435
310M300US24660,24660,"Greensboro-High Point, NC Metro Area",443822,394032,28091,12732,8192,775
310M300US24780,24780,"Greenville, NC Metro Area",96347,76181,9539,7983,2549,95
310M300US24860,24860,"Greenville-Anderson-Mauldin, SC Metro Area",627245,538383,47029,20272,18826,2735
310M300US25060,25060,"Gulfport-Biloxi-Pascagoula, MS Metro Area",262034,220373,23868,6373,10871,549
310M300US25180,25180,"Hagerstown-Martinsburg, MD-WV Metro Area",212817,186052,15363,4309,6797,296
310M300US25220,25220,"Hammond, LA Metro Area",80504,69157,6114,3611,1551,71
310M300US25260,25260,"Hanford-Corcoran, CA Metro Area",49958,39875,5277,2879,1756,171
310M300US25420,25420,"Harrisburg-Carlisle, PA Metro Area",437065,384615,26749,16604,7333,1764
310M300US25500,25500,"Harrisonburg, VA Metro Area",105123,85071,7913,8874,2604,661
310M300US25540,25540,"Hartford-West Hartford-East Hartford, CT Metro Area",829353,747415,45200,21101,13670,1967
310M300US25620,25620,"Hattiesburg, MS Metro Area",96671,78133,6798,8747,2693,300
310M300US25860,25860,"Hickory-Lenoir-Morganton, NC Metro Area",294802,260069,20415,9974,4117,227
310M300US25940,25940,"Hilton Head Island-Bluffton-Beaufort, SC Metro Area",127725,104061,9196,2288,11444,736
310M300US25980,25980,"Hinesville, GA Metro Area",35733,25538,2654,2784,4018,739
310M300US26140,26140,"Homosassa Springs, FL Metro Area",124227,106326,10277,3595,3910,119
310M300US26300,26300,"Hot Springs, AR Metro Area",79742,67385,7237,2353,2710,57
310M300US26380,26380,"Houma-Thibodaux, LA Metro Area",150358,133240,10089,5070,1763,196
310M300US26420,26420,"Houston-The Woodlands-Sugar Land, TX Metro Area",2421466,2063737,194470,89245,57229,16785
310M300US26580,26580,"Huntington-Ashland, WV-KY-OH Metro Area",337862,296943,22763,10161,7727,268
310M300US26620,26620,"Huntsville, AL Metro Area",296016,257540,22109,7404,8431,532
310M300US26820,26820,"Idaho Falls, ID Metro Area",115943,98191,9917,3880,3480,475
310M300US26900,26900,"Indianapolis-Carmel-Anderson, IN Metro Area",1437498,1235098,111927,63395,24642,2436
310M300US26980,26980,"Iowa City, IA Metro Area",132689,103586,16275,6591,5809,428
310M300US27060,27060,"Ithaca, NY Metro Area",80476,64080,7693,3552,4624,527
310M300US27100,27100,"Jackson, MI Metro Area",134629,115497,12733,5028,1215,156
310M300US27140,27140,"Jackson, MS Metro Area",268354,233897,16404,12084,5512,457
310M300US27180,27180,"Jackson, TN Metro Area",80694,72525,4191,2844,1069,65
310M300US27260,27260,"Jacksonville, FL Metro Area",907790,756902,80129,34267,32763,3729
310M300US27340,27340,"Jacksonville, NC Metro Area",122126,90331,13347,3335,13076,2037
310M300US27500,27500,"Janesville-Beloit, WI Metro Area",133250,115038,12464,2489,3118,141
310M300US27620,27620,"Jefferson City, MO Metro Area",129016,110715,8207,8244,1698,152
310M300US27740,27740,"Johnson City, TN Metro Area",182074,156300,14693,6953,3707,421
310M300US27780,27780,"Johnstown, PA Metro Area",127049,114452,8273,3009,1196,119
310M300US27860,27860,"Jonesboro, AR Metro Area",100263,79655,12821,5603,2083,101
310M300US27900,27900,"Joplin, MO Metro Area",149198,127311,12608,4978,4226,75
310M300US27980,27980,"Kahului-Wailuku-Lahaina, HI Metro Area",49716,40651,4893,465,3213,494
310M300US28020,28020,"Kalamazoo-Portage, MI Metro Area",261790,216682,26306,12798,5346,658
310M300US28100,28100,"Kankakee, IL Metro Area",80020,71433,5063,2157,1143,224
310M300US28140,28140,"Kansas City, MO-KS Metro Area",1500777,1288108,116774,44587,48003,3305
310M300US28420,28420,"Kennewick-Richland, WA Metro Area",169749,143647,14667,7349,3747,339
310M300US28660,28660,"Killeen-Temple, TX Metro Area",216571,171140,20727,9832,12139,2733
310M300US28700,28700,"Kingsport-Bristol-Bristol, TN-VA Metro Area",287674,249399,20466,9552,7879,378
310M300US28740,28740,"Kingston, NY Metro Area",143762,130463,7950,3875,1277,197
310M300US28940,28940,"Knoxville, TN Metro Area",741503,642013,54479,26430,17015,1566
310M300US29020,29020,"Kokomo, IN Metro Area",70654,60496,6732,2459,816,151
310M300US29100,29100,"La Crosse-Onalaska, WI-MN Metro Area",123234,100937,13024,5629,3397,247
310M300US29180,29180,"Lafayette, LA Metro Area",325805,282205,25581,12076,5010,933
310M300US29200,29200,"Lafayette-West Lafayette, IN Metro Area",167522,129206,22413,10506,4632,765
310M300US29340,29340,"Lake Charles, LA Metro Area",139649,119765,13795,2832,3099,158
310M300US29420,29420,"Lake Havasu City-Kingman, AZ Metro Area",158296,126455,16659,2567,11997,618
310M300US29460,29460,"Lakeland-Winter Haven, FL Metro Area",390983,333152,34661,9862,11790,1518
310M300US29540,29540,"Lancaster, PA Metro Area",438062,393920,29737,8321,5103,981
310M300US29620,29620,"Lansing-East Lansing, MI Metro Area",358816,294112,30874,26640,6256,934
310M300US29700,29700,"Laredo, TX Metro Area",9099,7888,561,309,212,129
310M300US29740,29740,"Las Cruces, NM Metro Area",60363,49855,5656,1491,2762,599
310M300US29820,29820,"Las Vegas-Henderson-Paradise, NV Metro Area",923714,755309,116946,2492,45323,3644
310M300US29940,29940,"Lawrence, KS Metro Area",92066,68572,13618,5342,3920,614
310M300US30020,30020,"Lawton, OK Metro Area",75132,57129,8250,2108,6821,824
310M300US30140,30140,"Lebanon, PA Metro Area",113850,101614,7151,4038,943,104
310M300US30300,30300,"Lewiston, ID-WA Metro Area",54682,46008,4677,1192,2742,63
310M300US30340,30340,"Lewiston-Auburn, ME Metro Area",97120,83252,9223,2979,1505,161
310M300US30460,30460,"Lexington-Fayette, KY Metro Area",382441,306436,43150,20017,11531,1307
310M300US30620,30620,"Lima, OH Metro Area",84450,71976,7467,3209,1747,51
310M300US30700,30700,"Lincoln, NE Metro Area",262324,211469,33616,9617,6876,746
310M300US30780,30780,"Little Rock-North Little Rock-Conway, AR Metro Area",491181,426372,35666,17661,9963,1519
310M300US30860,30860,"Logan, UT-ID Metro Area",109766,88057,11911,4661,4334,803
310M300US30980,30980,"Longview, TX Metro Area",138132,114875,11194,9662,2104,297
310M300US31020,31020,"Longview, WA Metro Area",86052,70751,11259,1985,1955,102
310M300US31080,31080,"Los Angeles-Long Beach-Anaheim, CA Metro Area",3971058,3435128,360643,74338,73816,27133
310M300US31140,31140,"Louisville/Jefferson County, KY-IN Metro Area",972033,848702,72683,29268,19682,1698
310M300US31180,31180,"Lubbock, TX Metro Area",165943,127749,22908,11231,3636,419
310M300US31340,31340,"Lynchburg, VA Metro Area",195980,169923,8996,10709,5587,765
310M300US31420,31420,"Macon-Bibb County, GA Metro Area",114348,100182,6034,6310,1686,136
310M300US31460,31460,"Madera, CA Metro Area",54288,49065,2817,2060,253,93
310M300US31540,31540,"Madison, WI Metro Area",522015,431533,57378,17494,13775,1835
310M300US31700,31700,"Manchester-Nashua, NH Metro Area",345252,299746,27756,6228,10623,899
310M300US31740,31740,"Manhattan, KS Metro Area",77704,59525,7568,5753,4240,618
310M300US31860,31860,"Mankato-North Mankato, MN Metro Area",87554,72490,5961,7057,1801,245
310M300US31900,31900,"Mansfield, OH Metro Area",103776,87851,10711,4145,979,90
310M300US32580,32580,"McAllen-Edinburg-Mission, TX Metro Area",56923,48867,3262,1186,3109,499
310M300US32780,32780,"Medford, OR Metro Area",171949,141387,19914,4160,6091,397
310M300US32820,32820,"Memphis, TN-MS-AR Metro Area",592052,515350,43476,13483,17902,1841
310M300US32900,32900,"Merced, CA Metro Area",77331,66425,7448,2659,706,93
310M300US33100,33100,"Miami-Fort Lauderdale-West Palm Beach, FL Metro Area",1899631,1630790,153987,40326,54596,19932
310M300US33140,33140,"Michigan City-La Porte, IN Metro Area",88308,75564,6883,3923,1878,60
310M300US33220,33220,"Midland, MI Metro Area",76068,66531,4794,3086,1315,342
310M300US33260,33260,"Midland, TX Metro Area",77492,64084,6744,4184,2221,259
310M300US33340,33340,"Milwaukee-Waukesha-West Allis, WI Metro Area",1052631,926046,73331,34910,16015,2329
310M300US33460,33460,"Minneapolis-St. Paul-Bloomington, MN-WI Metro Area",2660846,2317247,169230,116983,50062,7324
310M300US33540,33540,"Missoula, MT Metro Area",101129,79966,12283,3837,4491,552
310M300US33660,33660,"Mobile, AL Metro Area",237021,206518,22570,2732,4736,465
310M300US33700,33700,"Modesto, CA Metro Area",231602,200003,21829,6589,2577,604
310M300US33740,33740,"Monroe, LA Metro Area",105858,95419,6254,2645,1434,106
310M300US33780,33780,"Monroe, MI Metro Area",136366,122664,7703,3563,2278,158
310M300US33860,33860,"Montgomery, AL Metro Area",183580,158364,10560,8821,4949,886
310M300US34060,34060,"Morgantown, WV Metro Area",121137,101153,9413,4316,5960,295
310M300US34100,34100,"Morristown, TN Metro Area",99918,87333,6020,4249,2145,171
310M300US34580,34580,"Mount Vernon-Anacortes, WA Metro Area",90182,76641,7416,3599,2179,347
310M300US34620,34620,"Muncie, IN Metro Area",100791,77699,13679,7608,1685,120
310M300US34740,34740,"Muskegon, MI Metro Area",130826,111526,12663,5444,1086,107
310M300US34820,34820,"Myrtle Beach-Conway-North Myrtle Beach, SC-NC Metro Area",326761,275038,26740,7273,16814,896
310M300US34900,34900,"Napa, CA Metro Area",75176,65473,5331,3028,1156,188
310M300US34940,34940,"Naples-Immokalee-Marco Island, FL Metro Area",222048,188733,15155,4529,12237,1394
310M300US34980,34980,"Nashville-Davidson--Murfreesboro--Franklin, TN Metro Area",1299778,1095712,103633,51509,44924,4000
310M300US35100,35100,"New Bern, NC Metro Area",83953,68757,6883,3001,4723,589
310M300US35300,35300,"New Haven-Milford, CT Metro Area",553645,503089,32376,8268,8262,1650
310M300US35380,35380,"New Orleans-Metairie, LA Metro Area",646363,569348,40810,16681,17495,2029
310M300US35620,35620,"New York-Newark-Jersey City, NY-NJ-PA Metro Area",9424063,8613299,428440,185463,145834,51027
310M300US35660,35660,"Niles-Benton Harbor, MI Metro Area",115788,101578,8848,1990,3040,332
310M300US35840,35840,"North Port-Sarasota-Bradenton, FL Metro Area",584593,492090,46426,16721,26071,3285
310M300US35980,35980,"Norwich-New London, CT Metro Area",206390,180856,13884,4215,6962,473
310M300US36100,36100,"Ocala, FL Metro Area",243327,209000,17547,8578,7882,320
310M300US36140,36140,"Ocean City, NJ Metro Area",81260,73218,3943,1518,2241,340
310M300US36220,36220,"Odessa, TX Metro Area",53996,44994,5426,2421,992,163
310M300US36260,36260,"Ogden-Clearfield, UT Metro Area",512210,439847,36376,21984,11998,2005
310M300US36420,36420,"Oklahoma City, OK Metro Area",867467,721784,79234,41583,22801,2065
310M300US36500,36500,"Olympia-Tumwater, WA Metro Area",201787,164690,19946,9423,6733,995
310M300US36540,36540,"Omaha-Council Bluffs, NE-IA Metro Area",691049,592393,55935,21671,19118,1932
310M300US36740,36740,"Orlando-Kissimmee-Sanford, FL Metro Area",1146063,964670,88416,49376,37254,6347
310M300US36780,36780,"Oshkosh-Neenah, WI Metro Area",150205,127475,12445,8213,1875,197
310M300US36980,36980,"Owensboro, KY Metro Area",104558,90407,9597,2646,1717,191
310M300US37100,37100,"Oxnard-Thousand Oaks-Ventura, CA Metro Area",390183,343746,27398,11567,6287,1185
310M300US37340,37340,"Palm Bay-Melbourne-Titusville, FL Metro Area",422041,361897,35672,7435,15636,1401
310M300US37460,37460,"Panama City, FL Metro Area",148519,120827,17016,3920,6453,303
310M300US37620,37620,"Parkersburg-Vienna, WV Metro Area",87032,78229,5335,1108,2262,98
310M300US37860,37860,"Pensacola-Ferry Pass-Brent, FL Metro Area",334414,276679,25660,11183,19957,935
310M300US37900,37900,"Peoria, IL Metro Area",311206,274010,22322,10484,3806,584
310M300US37980,37980,"Philadelphia-Camden-Wilmington, PA-NJ-DE-MD Metro Area",3777479,3400855,205927,84008,76132,10557
310M300US38060,38060,"Phoenix-Mesa-Scottsdale, AZ Metro Area",2534641,2098168,283380,34379,105816,12898
310M300US38220,38220,"Pine Bluff, AR Metro Area",44776,40553,2012,1440,755,16
310M300US38300,38300,"Pittsburgh, PA Metro Area",2008585,1798002,131794,46072,28562,4155
310M300US38340,38340,"Pittsfield, MA Metro Area",114248,101838,8317,1331,2541,221
310M300US38540,38540,"Pocatello, ID Metro Area",70332,57158,8230,2119,2549,276
310M300US38860,38860,"Portland-South Portland, ME Metro Area",481081,414624,37673,12779,14702,1303
310M300US38900,38900,"Portland-Vancouver-Hillsboro, OR-WA Metro Area",1742309,1451135,163141,58235,62109,7689
310M300US38940,38940,"Port St. Lucie, FL Metro Area",294072,249027,19535,13625,10807,1078
310M300US39140,39140,"Prescott, AZ Metro Area",176384,145760,16434,6027,7725,438
310M300US39300,39300,"Providence-Warwick, RI-MA Metro Area",1235596,1103056,75783,22423,31107,3227
310M300US39340,39340,"Provo-Orem, UT Metro Area",470533,373603,57684,14196,19789,5261
310M300US39380,39380,"Pueblo, CO Metro Area",84873,71559,7719,2653,2648,294
310M300US39460,39460,"Punta Gorda, FL Metro Area",142840,120111,9268,5575,7233,653
310M300US39540,39540,"Racine, WI Metro Area",140917,127944,6906,4019,1891,157
310M300US39580,39580,"Raleigh, NC Metro Area",766334,654441,61397,24897,23007,2592
310M300US39660,39660,"Rapid City, SD Metro Area",116560,97334,9728,3875,5348,275
310M300US39740,39740,"Reading, PA Metro Area",304269,275024,18600,7171,3009,465
310M300US39820,39820,"Redding, CA Metro Area",143760,123114,12939,4374,2726,607
310M300US39900,39900,"Reno, NV Metro Area",283408,227978,36477,4310,13523,1120
310M300US40060,40060,"Richmond, VA Metro Area",725189,628535,39319,39131,16035,2169
310M300US40140,40140,"Riverside-San Bernardino-Ontario, CA Metro Area",1496041,1284966,122689,53886,27563,6937
310M300US40220,40220,"Roanoke, VA Metro Area",245383,210690,15421,13741,4896,635
310M300US40340,40340,"Rochester, MN Metro Area",180038,158036,11424,6435,3667,476
310M300US40380,40380,"Rochester, NY Metro Area",828597,725420,63794,25722,11685,1976
310M300US40420,40420,"Rockford, IL Metro Area",241974,214291,18492,6081,2835,275
310M300US40580,40580,"Rocky Mount, NC Metro Area",68225,62001,3242,2098,745,139
310M300US40660,40660,"Rome, GA Metro Area",68345,57618,7229,2189,1183,126
310M300US40900,40900,"Sacramento--Roseville--Arden-Arcade, CA Metro Area",1195645,1009602,111795,50445,18638,5165
310M300US40980,40980,"Saginaw, MI Metro Area",135078,120075,9010,4400,1296,297
310M300US41060,41060,"St. Cloud, MN Metro Area",170669,140894,14084,12785,2543,363
310M300US41100,41100,"St. George, UT Metro Area",127687,102845,13295,4763,6326,458
310M300US41140,41140,"St. Joseph, MO-KS Metro Area",107843,91219,8932,4950,2650,92
310M300US41180,41180,"St. Louis, MO-IL Metro Area",2060691,1810453,141029,65567,39108,4534
310M300US41420,41420,"Salem, OR Metro Area",278162,230998,26672,13643,6015,834
310M300US41500,41500,"Salinas, CA Metro Area",132518,111578,8945,5568,5505,922
310M300US41540,41540,"Salisbury, MD-DE Metro Area",275898,240987,17345,7106,9856,604
310M300US41620,41620,"Salt Lake City, UT Metro Area",832664,706229,81183,19585,22222,3445
310M300US41660,41660,"San Angelo, TX Metro Area",64860,50997,6295,3894,3498,176
310M300US41700,41700,"San Antonio-New Braunfels, TX Metro Area",803010,672551,66927,33328,25961,4243
310M300US41740,41740,"San Diego-Carlsbad, CA Metro Area",1504962,1259622,160200,25465,46404,13271
310M300US41860,41860,"San Francisco-Oakland-Hayward, CA Metro Area",1854114,1593612,123648,78899,40225,17730
310M300US41940,41940,"San Jose-Sunnyvale-Santa Clara, CA Metro Area",641022,552206,48514,17971,15070,7261
310M300US42020,42020,"San Luis Obispo-Paso Robles-Arroyo Grande, CA Metro Area",192744,157326,21103,9931,3601,783
310M300US42100,42100,"Santa Cruz-Watsonville, CA Metro Area",156442,133101,13015,7430,2375,521
310M300US42140,42140,"Santa Fe, NM Metro Area",63248,54749,3553,1303,3368,275
310M300US42200,42200,"Santa Maria-Santa Barbara, CA Metro Area",200473,159151,25224,8649,5154,2295
310M300US42220,42220,"Santa Rosa, CA Metro Area",318670,275244,27275,10791,4667,693
310M300US42340,42340,"Savannah, GA Metro Area",207134,169137,17571,8059,10982,1385
310M300US42540,42540,"Scranton--Wilkes-Barre--Hazleton, PA Metro Area",479997,431990,32106,9579,5608,714
310M300US42660,42660,"Seattle-Tacoma-Bellevue, WA Metro Area",2388501,1999373,239216,61838,74843,13231
310M300US42680,42680,"Sebastian-Vero Beach, FL Metro Area",110421,94964,7075,3912,4210,260
310M300US42700,42700,"Sebring, FL Metro Area",67787,57670,5384,1931,2437,365
310M300US43100,43100,"Sheboygan, WI Metro Area",97677,86879,7369,2378,879,172
310M300US43300,43300,"Sherman-Denison, TX Metro Area",94509,78179,9634,4488,2099,109
310M300US43340,43340,"Shreveport-Bossier City, LA Metro Area",239702,209877,14966,8032,5968,859
310M300US43420,43420,"Sierra Vista-Douglas, AZ Metro Area",71768,59623,5078,2133,4582,352
310M300US43580,43580,"Sioux City, IA-NE-SD Metro Area",128317,111430,9490,2954,4256,187
310M300US43620,43620,"Sioux Falls, SD Metro Area",211434,179067,18208,8582,5303,274
310M300US43780,43780,"South Bend-Mishawaka, IN-MI Metro Area",240556,211121,16037,5400,7263,735
310M300US43900,43900,"Spartanburg, SC Metro Area",219369,190608,18109,5756,4546,350
310M300US44060,44060,"Spokane-Spokane Valley, WA Metro Area",461134,383957,48833,13499,13689,1156
310M300US44100,44100,"Springfield, IL Metro Area",171420,149295,15983,4149,1896,97
310M300US44140,44140,"Springfield, MA Metro Area",436746,383409,29705,13750,8671,1211
310M300US44180,44180,"Springfield, MO Metro Area",405290,330537,39629,24706,9714,704
310M300US44220,44220,"Springfield, OH Metro Area",114167,95767,12887,3838,1504,171
310M300US44300,44300,"State College, PA Metro Area",136023,104497,14690,10505,5382,949
310M300US44420,44420,"Staunton-Waynesboro, VA Metro Area",103367,90555,5204,6070,1460,78
310M300US44700,44700,"Stockton-Lodi, CA Metro Area",239776,204918,21606,9260,3369,623
310M300US44940,44940,"Sumter, SC Metro Area",48721,41786,3715,983,1845,392
310M300US45060,45060,"Syracuse, NY Metro Area",539960,475451,39522,15237,8264,1486
310M300US45220,45220,"Tallahassee, FL Metro Area",209522,163232,25549,14471,5620,650
310M300US45300,45300,"Tampa-St. Petersburg-Clearwater, FL Metro Area",1888777,1606715,160515,52588,60480,8479
310M300US45460,45460,"Terre Haute, IN Metro Area",151558,127671,13929,6675,2935,348
310M300US45500,45500,"Texarkana, TX-AR Metro Area",99162,86845,6635,2102,3522,58
310M300US45540,45540,"The Villages, FL Metro Area",95852,82969,3712,2830,5991,350
310M300US45780,45780,"Toledo, OH Metro Area",451680,384215,42621,16554,7386,904
310M300US45820,45820,"Topeka, KS Metro Area",182606,158186,15378,5664,3130,248
310M300US45940,45940,"Trenton, NJ Metro Area",190576,169921,8641,6556,4042,1416
310M300US46060,46060,"Tucson, AZ Metro Area",530241,429877,66196,7694,23545,2929
310M300US46140,46140,"Tulsa, OK Metro Area",638062,544105,53716,24610,14291,1340
310M300US46220,46220,"Tuscaloosa, AL Metro Area",143011,118456,11576,6051,6580,348
310M300US46340,46340,"Tyler, TX Metro Area",132289,110693,11768,7010,2453,365
310M300US46520,46520,"Urban Honolulu, HI Metro Area",183944,136890,20106,689,22669,3590
310M300US46540,46540,"Utica-Rome, NY Metro Area",251500,226525,16044,6254,2232,445
310M300US46660,46660,"Valdosta, GA Metro Area",80048,65466,7786,3637,2561,598
310M300US46700,46700,"Vallejo-Fairfield, CA Metro Area",168077,141030,15118,7323,3525,1081
310M300US47020,47020,"Victoria, TX Metro Area",45760,39371,3281,1932,1057,119
310M300US47220,47220,"Vineland-Bridgeton, NJ Metro Area",74208,68441,3110,1856,503,298
310M300US47260,47260,"Virginia Beach-Norfolk-Newport News, VA-NC Metro Area",952419,797800,60290,45804,43189,5336
310M300US47300,47300,"Visalia-Porterville, CA Metro Area",136045,119180,11842,2949,1826,248
310M300US47380,47380,"Waco, TX Metro Area",147111,119496,15817,8112,3275,411
310M300US47460,47460,"Walla Walla, WA Metro Area",46587,38283,4531,1936,1674,163
310M300US47580,47580,"Warner Robins, GA Metro Area",104635,90710,6797,4057,2776,295
310M300US47900,47900,"Washington-Arlington-Alexandria, DC-VA-MD-WV Metro Area",2786860,2386393,159957,82686,129386,28438
310M300US47940,47940,"Waterloo-Cedar Falls, IA Metro Area",143683,121481,13498,6090,2144,470
310M300US48060,48060,"Watertown-Fort Drum, NY Metro Area",95846,77207,9777,1854,5394,1614
310M300US48140,48140,"Wausau, WI Metro Area",119829,106324,8189,3159,1861,296
310M300US48260,48260,"Weirton-Steubenville, WV-OH Metro Area",111300,98846,6432,2506,3416,100
310M300US48300,48300,"Wenatchee, WA Metro Area",77042,68637,3820,3580,807,198
310M300US48540,48540,"Wheeling, WV-OH Metro Area",134880,121570,6949,3016,3173,172
310M300US48620,48620,"Wichita, KS Metro Area",462360,396749,43598,12242,8847,924
310M300US48660,48660,"Wichita Falls, TX Metro Area",104352,84901,9340,5069,4525,517
310M300US48700,48700,"Williamsport, PA Metro Area",104639,91558,9076,2776,1096,133
310M300US48900,48900,"Wilmington, NC Metro Area",206639,170790,17558,11396,6372,523
310M300US49020,49020,"Winchester, VA-WV Metro Area",109755,96981,5970,4444,2157,203
310M300US49180,49180,"Winston-Salem, NC Metro Area",449454,397128,27435,14483,9751,657
310M300US49340,49340,"Worcester, MA-CT Metro Area",731561,657390,46112,14820,11017,2222
310M300US49420,49420,"Yakima, WA Metro Area",110397,94784,11680,1820,1889,224
310M300US49620,49620,"York-Hanover, PA Metro Area",369701,331490,26250,5801,5676,484
310M300US49660,49660,"Youngstown-Warren-Boardman, OH-PA Metro Area",457974,410402,30606,10173,6170,623
310M300US49700,49700,"Yuba City, CA Metro Area",86899,70747,8587,5320,1825,420
310M300US49740,49740,"Yuma, AZ Metro Area",66063,53099,5881,1491,4573,1019
