GEO.id,GEO.id2,GEO.display-label,HD01_VD01,HD01_VD02,HD01_VD03,HD01_VD04,HD01_VD05,HD01_VD06
Id,Id2,Geography,Estimate; Total:,Estimate; Total: - Same house 1 year ago,Estimate; Total: - Moved within same county,Estimate; Total: - Moved from different county within same state,Estimate; Total: - Moved from different state,Estimate; Total: - Moved from abroad
310M200US10180,10180,"Abilene, TX Metro Area",4154,3096,735,185,122,16
310M200US10420,10420,"Akron, OH Metro Area",15586,12011,2028,1063,242,242
310M200US10500,10500,"Albany, GA Metro Area",1848,1306,269,223,50,0
310M200US10540,10540,"Albany, OR Metro Area",2885,2504,221,74,71,15
310M200US10580,10580,"Albany-Schenectady-Troy, NY Metro Area",20680,16331,1863,1469,721,296
310M200US10740,10740,"Albuquerque, NM Metro Area",31494,25509,3876,738,1243,128
310M200US10780,10780,"Alexandria, LA Metro Area",2267,1832,244,107,84,0
310M200US10900,10900,"Allentown-Bethlehem-Easton, PA-NJ Metro Area",18574,14171,2830,606,868,99
310M200US11020,11020,"Altoona, PA Metro Area",1232,1076,132,1,23,0
310M200US11100,11100,"Amarillo, TX Metro Area",7171,5513,781,496,301,80
310M200US11180,11180,"Ames, IA Metro Area",1500,936,293,112,159,0
310M200US11260,11260,"Anchorage, AK Metro Area",32278,25137,4792,1151,999,199
310M200US11460,11460,"Ann Arbor, MI Metro Area",13957,10051,2191,798,749,168
310M200US11500,11500,"Anniston-Oxford-Jacksonville, AL Metro Area",2044,1571,340,62,71,0
310M200US11540,11540,"Appleton, WI Metro Area",3579,2838,297,314,123,7
310M200US11700,11700,"Asheville, NC Metro Area",9315,7598,1187,242,244,44
310M200US12020,12020,"Athens-Clarke County, GA Metro Area",3946,2811,508,460,148,19
310M200US12060,12060,"Atlanta-Sandy Springs-Roswell, GA Metro Area",110700,85893,12212,7130,4620,845
310M200US12100,12100,"Atlantic City-Hammonton, NJ Metro Area",8013,7022,619,142,220,10
310M200US12220,12220,"Auburn-Opelika, AL Metro Area",2029,1493,216,78,191,51
310M200US12260,12260,"Augusta-Richmond County, GA-SC Metro Area",11607,9482,863,293,876,93
310M200US12420,12420,"Austin-Round Rock, TX Metro Area",47816,35972,6868,2994,1689,293
310M200US12540,12540,"Bakersfield, CA Metro Area",29557,23080,4893,1262,217,105
310M200US12580,12580,"Baltimore-Columbia-Towson, MD Metro Area",66954,55300,6444,2636,1973,601
310M200US12620,12620,"Bangor, ME Metro Area",2502,2030,342,101,11,18
310M200US12700,12700,"Barnstable Town, MA Metro Area",3794,3251,151,142,245,5
310M200US12940,12940,"Baton Rouge, LA Metro Area",11022,8877,1335,398,277,135
310M200US12980,12980,"Battle Creek, MI Metro Area",3970,3089,828,53,0,0
310M200US13020,13020,"Bay City, MI Metro Area",2545,1705,633,141,17,49
310M200US13140,13140,"Beaumont-Port Arthur, TX Metro Area",5931,4950,594,286,85,16
310M200US13220,13220,"Beckley, WV Metro Area",1437,1082,190,14,143,8
310M200US13380,13380,"Bellingham, WA Metro Area",7552,6034,1157,204,60,97
310M200US13460,13460,"Bend-Redmond, OR Metro Area",3623,2680,499,93,248,103
310M200US13740,13740,"Billings, MT Metro Area",3838,2802,606,228,181,21
310M200US13780,13780,"Binghamton, NY Metro Area",4906,3943,680,149,84,50
310M200US13820,13820,"Birmingham-Hoover, AL Metro Area",11683,9772,928,611,340,32
310M200US13900,13900,"Bismarck, ND Metro Area",2018,1626,239,76,71,6
310M200US13980,13980,"Blacksburg-Christiansburg-Radford, VA Metro Area",2963,1953,486,394,130,0
310M200US14010,14010,"Bloomington, IL Metro Area",4092,3183,556,239,97,17
310M200US14020,14020,"Bloomington, IN Metro Area",3455,2501,581,232,103,38
310M200US14100,14100,"Bloomsburg-Berwick, PA Metro Area",573,484,40,26,23,0
310M200US14260,14260,"Boise City, ID Metro Area",17136,13185,1762,984,1142,63
310M200US14460,14460,"Boston-Cambridge-Newton, MA-NH Metro Area",125903,101913,14489,4395,3523,1583
310M200US14500,14500,"Boulder, CO Metro Area",8428,5925,1301,479,678,45
310M200US14540,14540,"Bowling Green, KY Metro Area",2360,1619,386,191,99,65
310M200US14740,14740,"Bremerton-Silverdale, WA Metro Area",15367,12396,1630,476,733,132
310M200US14860,14860,"Bridgeport-Stamford-Norwalk, CT Metro Area",19761,16465,1959,355,618,364
310M200US15180,15180,"Brownsville-Harlingen, TX Metro Area",3943,3679,250,9,5,0
310M200US15260,15260,"Brunswick, GA Metro Area",2489,2089,211,137,39,13
310M200US15380,15380,"Buffalo-Cheektowaga-Niagara Falls, NY Metro Area",21935,17888,2895,483,614,55
310M200US15500,15500,"Burlington, NC Metro Area",4367,3528,529,236,66,8
310M200US15540,15540,"Burlington-South Burlington, VT Metro Area",4824,3768,592,88,278,98
310M200US15680,15680,"California-Lexington Park, MD Metro Area",3540,2555,529,199,252,5
310M200US15940,15940,"Canton-Massillon, OH Metro Area",10061,7713,1694,444,209,1
310M200US15980,15980,"Cape Coral-Fort Myers, FL Metro Area",10026,7173,1555,374,711,213
310M200US16020,16020,"Cape Girardeau, MO-IL Metro Area",1514,958,296,159,93,8
310M200US16060,16060,"Carbondale-Marion, IL Metro Area",2693,1880,491,131,134,57
310M200US16180,16180,"Carson City, NV Metro Area",1430,1087,285,26,32,0
310M200US16220,16220,"Casper, WY Metro Area",2504,1812,387,50,233,22
310M200US16300,16300,"Cedar Rapids, IA Metro Area",5241,3795,1064,133,198,51
310M200US16540,16540,"Chambersburg-Waynesboro, PA Metro Area",1828,1388,336,42,55,7
310M200US16580,16580,"Champaign-Urbana, IL Metro Area",5373,3721,1011,386,179,76
310M200US16620,16620,"Charleston, WV Metro Area",11137,8432,2102,332,271,0
310M200US16700,16700,"Charleston-North Charleston, SC Metro Area",14257,10443,1586,1124,978,126
310M200US16740,16740,"Charlotte-Concord-Gastonia, NC-SC Metro Area",44770,35642,5501,1824,1392,411
310M200US16820,16820,"Charlottesville, VA Metro Area",5135,3752,378,631,152,222
310M200US16860,16860,"Chattanooga, TN-GA Metro Area",8905,7358,958,320,269,0
310M200US16940,16940,"Cheyenne, WY Metro Area",3035,1983,719,4,329,0
310M200US16980,16980,"Chicago-Naperville-Elgin, IL-IN-WI Metro Area",193568,161345,19599,6125,5103,1396
310M200US17020,17020,"Chico, CA Metro Area",13389,9792,2604,786,171,36
310M200US17140,17140,"Cincinnati, OH-KY-IN Metro Area",38800,30940,5365,1489,935,71
310M200US17300,17300,"Clarksville, TN-KY Metro Area",9436,6889,1064,134,1200,149
310M200US17420,17420,"Cleveland, TN Metro Area",1551,1178,318,45,10,0
310M200US17460,17460,"Cleveland-Elyria, OH Metro Area",43091,33070,6950,1343,1442,286
310M200US17660,17660,"Coeur d'Alene, ID Metro Area",3161,2445,454,22,228,12
310M200US17780,17780,"College Station-Bryan, TX Metro Area",4986,3107,1055,558,146,120
310M200US17820,17820,"Colorado Springs, CO Metro Area",33833,24013,6002,700,2694,424
310M200US17860,17860,"Columbia, MO Metro Area",5672,3409,1221,689,335,18
310M200US17900,17900,"Columbia, SC Metro Area",15273,11389,1655,682,1454,93
310M200US17980,17980,"Columbus, GA-AL Metro Area",8931,6288,1063,436,944,200
310M200US18020,18020,"Columbus, IN Metro Area",962,820,54,77,11,0
310M200US18140,18140,"Columbus, OH Metro Area",50140,38538,7715,2302,1240,345
310M200US18580,18580,"Corpus Christi, TX Metro Area",8592,6614,1300,400,203,75
310M200US18700,18700,"Corvallis, OR Metro Area",2407,1872,200,150,174,11
310M200US18880,18880,"Crestview-Fort Walton Beach-Destin, FL Metro Area",9080,7396,1060,217,383,24
310M200US19060,19060,"Cumberland, MD-WV Metro Area",1620,1382,64,93,81,0
310M200US19100,19100,"Dallas-Fort Worth-Arlington, TX Metro Area",169519,131994,21547,8753,5598,1627
310M200US19140,19140,"Dalton, GA Metro Area",3220,2772,290,105,50,3
310M200US19180,19180,"Danville, IL Metro Area",1365,1158,84,88,8,27
310M200US19300,19300,"Daphne-Fairhope-Foley, AL Metro Area",2596,2083,340,55,91,27
310M200US19340,19340,"Davenport-Moline-Rock Island, IA-IL Metro Area",9247,7174,1149,172,660,92
310M200US19380,19380,"Dayton, OH Metro Area",18714,15188,2312,581,452,181
310M200US19460,19460,"Decatur, AL Metro Area",4156,3314,519,195,108,20
310M200US19500,19500,"Decatur, IL Metro Area",3365,2546,684,78,57,0
310M200US19660,19660,"Deltona-Daytona Beach-Ormond Beach, FL Metro Area",10977,9464,691,357,351,114
310M200US19740,19740,"Denver-Aurora-Lakewood, CO Metro Area",85128,65041,9975,7005,2489,618
310M200US19780,19780,"Des Moines-West Des Moines, IA Metro Area",13346,9730,2124,845,579,68
310M200US19820,19820,"Detroit-Warren-Dearborn, MI Metro Area",91806,75769,11438,3193,887,519
310M200US20020,20020,"Dothan, AL Metro Area",2401,1868,273,106,152,2
310M200US20100,20100,"Dover, DE Metro Area",5667,4476,754,49,243,145
310M200US20220,20220,"Dubuque, IA Metro Area",2677,2134,305,31,203,4
310M200US20260,20260,"Duluth, MN-WI Metro Area",5830,4408,1036,249,114,23
310M200US20500,20500,"Durham-Chapel Hill, NC Metro Area",13235,9659,1630,948,827,171
310M200US20700,20700,"East Stroudsburg, PA Metro Area",4731,4334,142,149,106,0
310M200US20740,20740,"Eau Claire, WI Metro Area",2837,2172,222,367,76,0
310M200US20940,20940,"El Centro, CA Metro Area",7171,5683,1066,315,57,50
310M200US21060,21060,"Elizabethtown-Fort Knox, KY Metro Area",4753,3026,847,241,517,122
310M200US21140,21140,"Elkhart-Goshen, IN Metro Area",4626,3641,725,146,103,11
310M200US21300,21300,"Elmira, NY Metro Area",2440,1993,399,34,14,0
310M200US21340,21340,"El Paso, TX Metro Area",17917,14126,2140,376,916,359
310M200US21500,21500,"Erie, PA Metro Area",6003,4990,825,42,145,1
310M200US21660,21660,"Eugene, OR Metro Area",14795,11182,2434,290,422,467
310M200US21780,21780,"Evansville, IN-KY Metro Area",6421,5037,796,231,343,14
310M200US21820,21820,"Fairbanks, AK Metro Area",6721,4820,1211,214,457,19
310M200US22020,22020,"Fargo, ND-MN Metro Area",4369,3208,541,196,323,101
310M200US22140,22140,"Farmington, NM Metro Area",3590,2979,448,91,49,23
310M200US22180,22180,"Fayetteville, NC Metro Area",20309,14400,2963,979,1531,436
310M200US22220,22220,"Fayetteville-Springdale-Rogers, AR-MO Metro Area",12168,9130,1726,653,547,112
310M200US22380,22380,"Flagstaff, AZ Metro Area",4659,3387,594,391,234,53
310M200US22420,22420,"Flint, MI Metro Area",12178,9900,1830,277,145,26
310M200US22500,22500,"Florence, SC Metro Area",3331,2222,720,88,301,0
310M200US22520,22520,"Florence-Muscle Shoals, AL Metro Area",1841,1529,111,89,31,81
310M200US22540,22540,"Fond du Lac, WI Metro Area",1820,1493,180,71,76,0
310M200US22660,22660,"Fort Collins, CO Metro Area",9024,6504,1359,573,451,137
310M200US22900,22900,"Fort Smith, AR-OK Metro Area",19092,15557,2474,568,487,6
310M200US23060,23060,"Fort Wayne, IN Metro Area",10055,7456,1796,381,326,96
310M200US23420,23420,"Fresno, CA Metro Area",37292,30426,5462,969,292,143
310M200US23460,23460,"Gadsden, AL Metro Area",1325,955,217,100,53,0
310M200US23540,23540,"Gainesville, FL Metro Area",7319,4653,1589,789,237,51
310M200US23580,23580,"Gainesville, GA Metro Area",2728,2416,172,108,32,0
310M200US23900,23900,"Gettysburg, PA Metro Area",1612,1272,272,28,40,0
310M200US24020,24020,"Glens Falls, NY Metro Area",1481,1119,164,163,29,6
310M200US24140,24140,"Goldsboro, NC Metro Area",3843,2874,607,132,230,0
310M200US24220,24220,"Grand Forks, ND-MN Metro Area",2302,1801,151,56,286,8
310M200US24260,24260,"Grand Island, NE Metro Area",892,659,196,24,13,0
310M200US24300,24300,"Grand Junction, CO Metro Area",4025,3186,430,184,165,60
310M200US24340,24340,"Grand Rapids-Wyoming, MI Metro Area",25777,19066,4759,1494,451,7
310M200US24420,24420,"Grants Pass, OR Metro Area",2221,1908,204,35,47,27
310M200US24500,24500,"Great Falls, MT Metro Area",2860,2121,504,45,170,20
310M200US24540,24540,"Greeley, CO Metro Area",6979,5404,897,394,284,0
310M200US24580,24580,"Green Bay, WI Metro Area",6735,5247,1168,182,84,54
310M200US24660,24660,"Greensboro-High Point, NC Metro Area",14076,10821,2004,635,525,91
310M200US24780,24780,"Greenville, NC Metro Area",3893,3052,446,299,81,15
310M200US24860,24860,"Greenville-Anderson-Mauldin, SC Metro Area",13432,11006,1335,656,245,190
310M200US25060,25060,"Gulfport-Biloxi-Pascagoula, MS Metro Area",7828,6420,830,228,302,48
310M200US25180,25180,"Hagerstown-Martinsburg, MD-WV Metro Area",6563,5219,801,245,274,24
310M200US25220,25220,"Hammond, LA Metro Area",1606,1388,20,170,28,0
310M200US25260,25260,"Hanford-Corcoran, CA Metro Area",5811,4253,783,642,60,73
310M200US25420,25420,"Harrisburg-Carlisle, PA Metro Area",14318,10314,2658,751,538,57
310M200US25500,25500,"Harrisonburg, VA Metro Area",2338,1865,88,226,106,53
310M200US25540,25540,"Hartford-West Hartford-East Hartford, CT Metro Area",33230,27350,4059,780,911,130
310M200US25620,25620,"Hattiesburg, MS Metro Area",1524,1024,99,122,275,4
310M200US25860,25860,"Hickory-Lenoir-Morganton, NC Metro Area",7041,5467,1189,193,169,23
310M200US25940,25940,"Hilton Head Island-Bluffton-Beaufort, SC Metro Area",3410,2316,309,128,653,4
310M200US25980,25980,"Hinesville, GA Metro Area",2930,2197,215,250,133,135
310M200US26140,26140,"Homosassa Springs, FL Metro Area",1733,1314,297,27,95,0
310M200US26300,26300,"Hot Springs, AR Metro Area",1698,1350,246,102,0,0
310M200US26380,26380,"Houma-Thibodaux, LA Metro Area",5158,4170,612,302,29,45
310M200US26420,26420,"Houston-The Woodlands-Sugar Land, TX Metro Area",121077,97105,14738,4420,3217,1597
310M200US26580,26580,"Huntington-Ashland, WV-KY-OH Metro Area",6314,4974,830,307,203,0
310M200US26620,26620,"Huntsville, AL Metro Area",10070,8167,1033,349,382,139
310M200US26820,26820,"Idaho Falls, ID Metro Area",3252,2685,338,125,95,9
310M200US26900,26900,"Indianapolis-Carmel-Anderson, IN Metro Area",42169,33671,5801,1589,749,359
310M200US26980,26980,"Iowa City, IA Metro Area",3175,2325,413,207,209,21
310M200US27060,27060,"Ithaca, NY Metro Area",2751,2015,320,148,102,166
310M200US27100,27100,"Jackson, MI Metro Area",3451,2749,484,200,18,0
310M200US27140,27140,"Jackson, MS Metro Area",4618,3928,499,82,109,0
310M200US27180,27180,"Jackson, TN Metro Area",1486,1227,126,82,49,2
310M200US27260,27260,"Jacksonville, FL Metro Area",35553,27650,5088,1415,1126,274
310M200US27340,27340,"Jacksonville, NC Metro Area",6055,4402,884,80,529,160
310M200US27500,27500,"Janesville-Beloit, WI Metro Area",5359,3813,1166,129,251,0
310M200US27620,27620,"Jefferson City, MO Metro Area",2383,1877,360,129,17,0
310M200US27740,27740,"Johnson City, TN Metro Area",2902,2033,485,213,151,20
310M200US27780,27780,"Johnstown, PA Metro Area",2089,1657,307,74,31,20
310M200US27860,27860,"Jonesboro, AR Metro Area",1597,1109,224,71,184,9
310M200US27900,27900,"Joplin, MO Metro Area",4966,3948,799,136,81,2
310M200US27980,27980,"Kahului-Wailuku-Lahaina, HI Metro Area",42050,34171,6779,528,478,94
310M200US28020,28020,"Kalamazoo-Portage, MI Metro Area",9342,7206,1403,666,63,4
310M200US28100,28100,"Kankakee, IL Metro Area",2504,2006,345,63,80,10
310M200US28140,28140,"Kansas City, MO-KS Metro Area",55175,43045,7706,1654,2491,279
310M200US28420,28420,"Kennewick-Richland, WA Metro Area",7987,6630,855,268,125,109
310M200US28660,28660,"Killeen-Temple, TX Metro Area",19181,14032,2042,1046,1608,453
310M200US28700,28700,"Kingsport-Bristol-Bristol, TN-VA Metro Area",3600,2812,519,156,113,0
310M200US28740,28740,"Kingston, NY Metro Area",5904,4630,555,597,52,70
310M200US28940,28940,"Knoxville, TN Metro Area",13492,10898,1384,583,619,8
310M200US29020,29020,"Kokomo, IN Metro Area",1693,1326,160,194,6,7
310M200US29100,29100,"La Crosse-Onalaska, WI-MN Metro Area",1955,1435,419,46,55,0
310M200US29180,29180,"Lafayette, LA Metro Area",8510,6798,562,812,338,0
310M200US29200,29200,"Lafayette-West Lafayette, IN Metro Area",3902,2741,542,303,217,99
310M200US29340,29340,"Lake Charles, LA Metro Area",3636,2695,678,89,130,44
310M200US29420,29420,"Lake Havasu City-Kingman, AZ Metro Area",7724,5506,1122,293,803,0
310M200US29460,29460,"Lakeland-Winter Haven, FL Metro Area",12837,9869,1838,582,444,104
310M200US29540,29540,"Lancaster, PA Metro Area",9441,7780,1030,160,305,166
310M200US29620,29620,"Lansing-East Lansing, MI Metro Area",18067,13267,2932,1364,401,103
310M200US29700,29700,"Laredo, TX Metro Area",1797,1533,240,0,15,9
310M200US29740,29740,"Las Cruces, NM Metro Area",3858,3325,338,11,175,9
310M200US29820,29820,"Las Vegas-Henderson-Paradise, NV Metro Area",82073,58889,17496,308,4830,550
310M200US29940,29940,"Lawrence, KS Metro Area",5005,3137,1228,250,383,7
310M200US30020,30020,"Lawton, OK Metro Area",9757,6958,1571,329,667,232
310M200US30140,30140,"Lebanon, PA Metro Area",3251,2753,404,14,24,56
310M200US30300,30300,"Lewiston, ID-WA Metro Area",1516,1208,95,71,140,2
310M200US30340,30340,"Lewiston-Auburn, ME Metro Area",4390,3004,976,325,63,22
310M200US30460,30460,"Lexington-Fayette, KY Metro Area",10282,7782,1641,397,403,59
310M200US30620,30620,"Lima, OH Metro Area",3084,2005,936,58,85,0
310M200US30700,30700,"Lincoln, NE Metro Area",7059,5167,1250,314,278,50
310M200US30780,30780,"Little Rock-North Little Rock-Conway, AR Metro Area",12384,10232,1203,492,340,117
310M200US30860,30860,"Logan, UT-ID Metro Area",2805,2297,337,104,56,11
310M200US30980,30980,"Longview, TX Metro Area",3120,2391,473,204,52,0
310M200US31020,31020,"Longview, WA Metro Area",4252,2908,960,232,140,12
310M200US31080,31080,"Los Angeles-Long Beach-Anaheim, CA Metro Area",458241,382054,56002,11201,6094,2890
310M200US31140,31140,"Louisville/Jefferson County, KY-IN Metro Area",27051,22671,3052,619,620,89
310M200US31180,31180,"Lubbock, TX Metro Area",9149,6092,1833,813,336,75
310M200US31340,31340,"Lynchburg, VA Metro Area",5579,4574,387,456,162,0
310M200US31420,31420,"Macon, GA Metro Area",3162,2191,630,239,72,30
310M200US31460,31460,"Madera, CA Metro Area",4853,4021,527,273,0,32
310M200US31540,31540,"Madison, WI Metro Area",13992,9607,2918,692,618,157
310M200US31700,31700,"Manchester-Nashua, NH Metro Area",7464,5950,1016,148,255,95
310M200US31740,31740,"Manhattan, KS Metro Area",2925,2109,248,137,317,114
310M200US31860,31860,"Mankato-North Mankato, MN Metro Area",1423,995,207,177,44,0
310M200US31900,31900,"Mansfield, OH Metro Area",3073,2249,548,247,25,4
310M200US32580,32580,"McAllen-Edinburg-Mission, TX Metro Area",6574,5553,647,166,139,69
310M200US32780,32780,"Medford, OR Metro Area",7836,6103,1109,207,406,11
310M200US32820,32820,"Memphis, TN-MS-AR Metro Area",22377,17357,3366,426,1084,144
310M200US32900,32900,"Merced, CA Metro Area",8903,7400,949,422,101,31
310M200US33100,33100,"Miami-Fort Lauderdale-West Palm Beach, FL Metro Area",104686,86153,11599,2444,2900,1590
310M200US33140,33140,"Michigan City-La Porte, IN Metro Area",2195,1617,436,123,19,0
310M200US33220,33220,"Midland, MI Metro Area",1064,839,158,54,13,0
310M200US33260,33260,"Midland, TX Metro Area",2685,2056,384,71,174,0
310M200US33340,33340,"Milwaukee-Waukesha-West Allis, WI Metro Area",38311,28571,6994,1389,1136,221
310M200US33460,33460,"Minneapolis-St. Paul-Bloomington, MN-WI Metro Area",93361,72938,12838,5149,1956,480
310M200US33540,33540,"Missoula, MT Metro Area",2924,2281,413,135,95,0
310M200US33660,33660,"Mobile, AL Metro Area",5912,4797,856,17,95,147
310M200US33700,33700,"Modesto, CA Metro Area",21855,17703,3083,814,183,72
310M200US33740,33740,"Monroe, LA Metro Area",1548,1292,182,74,0,0
310M200US33780,33780,"Monroe, MI Metro Area",2249,1863,252,50,73,11
310M200US33860,33860,"Montgomery, AL Metro Area",5042,3920,565,162,296,99
310M200US34060,34060,"Morgantown, WV Metro Area",2045,1401,442,74,110,18
310M200US34100,34100,"Morristown, TN Metro Area",1959,1748,85,68,58,0
310M200US34580,34580,"Mount Vernon-Anacortes, WA Metro Area",4287,3324,607,240,84,32
310M200US34620,34620,"Muncie, IN Metro Area",4719,2428,1404,607,259,21
310M200US34740,34740,"Muskegon, MI Metro Area",5711,4128,1279,173,121,10
310M200US34820,34820,"Myrtle Beach-Conway-North Myrtle Beach, SC-NC Metro Area",7170,5013,1474,187,411,85
310M200US34900,34900,"Napa, CA Metro Area",4512,3812,422,162,84,32
310M200US34940,34940,"Naples-Immokalee-Marco Island, FL Metro Area",3980,2938,804,74,164,0
310M200US34980,34980,"Nashville-Davidson--Murfreesboro--Franklin, TN Metro Area",29913,23337,4170,963,1206,237
310M200US35100,35100,"New Bern, NC Metro Area",3265,2488,410,188,148,31
310M200US35300,35300,"New Haven-Milford, CT Metro Area",20831,16722,2943,360,649,157
310M200US35380,35380,"New Orleans-Metairie, LA Metro Area",18390,14328,2141,743,918,260
310M200US35620,35620,"New York-Newark-Jersey City, NY-NJ-PA Metro Area",513637,450188,36636,12894,8073,5846
310M200US35660,35660,"Niles-Benton Harbor, MI Metro Area",3669,2912,571,55,121,10
310M200US35840,35840,"North Port-Sarasota-Bradenton, FL Metro Area",10591,8610,1279,163,404,135
310M200US35980,35980,"Norwich-New London, CT Metro Area",10877,8449,1224,393,807,4
310M200US36100,36100,"Ocala, FL Metro Area",6012,5267,511,88,146,0
310M200US36140,36140,"Ocean City, NJ Metro Area",1332,1208,52,35,37,0
310M200US36220,36220,"Odessa, TX Metro Area",4368,3129,872,113,197,57
310M200US36260,36260,"Ogden-Clearfield, UT Metro Area",15164,12447,1251,684,651,131
310M200US36420,36420,"Oklahoma City, OK Metro Area",77097,58500,10460,4876,2941,320
310M200US36500,36500,"Olympia-Tumwater, WA Metro Area",11881,9317,1425,563,512,64
310M200US36540,36540,"Omaha-Council Bluffs, NE-IA Metro Area",22155,16536,3848,898,800,73
310M200US36740,36740,"Orlando-Kissimmee-Sanford, FL Metro Area",60784,48198,6817,2758,1969,1042
310M200US36780,36780,"Oshkosh-Neenah, WI Metro Area",2781,2228,338,165,50,0
310M200US36980,36980,"Owensboro, KY Metro Area",1846,1550,184,105,7,0
310M200US37100,37100,"Oxnard-Thousand Oaks-Ventura, CA Metro Area",33495,28291,3321,1069,688,126
310M200US37340,37340,"Palm Bay-Melbourne-Titusville, FL Metro Area",13733,10310,2038,271,980,134
310M200US37460,37460,"Panama City, FL Metro Area",6774,5176,1046,191,277,84
310M200US37620,37620,"Parkersburg-Vienna, WV Metro Area",1394,1089,178,14,108,5
310M200US37860,37860,"Pensacola-Ferry Pass-Brent, FL Metro Area",18374,12734,3157,719,1582,182
310M200US37900,37900,"Peoria, IL Metro Area",7166,5564,1143,373,86,0
310M200US37980,37980,"Philadelphia-Camden-Wilmington, PA-NJ-DE-MD Metro Area",131197,111337,12232,3262,3356,1010
310M200US38060,38060,"Phoenix-Mesa-Scottsdale, AZ Metro Area",118063,89976,20250,2450,4618,769
310M200US38220,38220,"Pine Bluff, AR Metro Area",1211,1047,116,40,8,0
310M200US38300,38300,"Pittsburgh, PA Metro Area",41401,32654,5901,1371,1155,320
310M200US38340,38340,"Pittsfield, MA Metro Area",2913,2462,261,20,166,4
310M200US38540,38540,"Pocatello, ID Metro Area",2150,1729,210,173,13,25
310M200US38860,38860,"Portland-South Portland, ME Metro Area",8408,7016,793,393,149,57
310M200US38900,38900,"Portland-Vancouver-Hillsboro, OR-WA Metro Area",87215,67945,10732,3352,4795,391
310M200US38940,38940,"Port St. Lucie, FL Metro Area",10346,7903,1291,824,309,19
310M200US39140,39140,"Prescott, AZ Metro Area",4558,3872,264,98,294,30
310M200US39300,39300,"Providence-Warwick, RI-MA Metro Area",40471,32292,5246,1009,1402,522
310M200US39340,39340,"Provo-Orem, UT Metro Area",12495,9482,1655,529,550,279
310M200US39380,39380,"Pueblo, CO Metro Area",6599,4992,1173,226,208,0
310M200US39460,39460,"Punta Gorda, FL Metro Area",2731,2071,344,143,75,98
310M200US39540,39540,"Racine, WI Metro Area",5219,4586,418,183,28,4
310M200US39580,39580,"Raleigh, NC Metro Area",24449,19910,2488,798,1058,195
310M200US39660,39660,"Rapid City, SD Metro Area",5892,4324,1090,244,177,57
310M200US39740,39740,"Reading, PA Metro Area",10218,7915,1807,308,169,19
310M200US39820,39820,"Redding, CA Metro Area",7836,6712,752,241,119,12
310M200US39900,39900,"Reno, NV Metro Area",14585,11042,2375,376,617,175
310M200US40060,40060,"Richmond, VA Metro Area",28090,21873,2561,2516,902,238
310M200US40140,40140,"Riverside-San Bernardino-Ontario, CA Metro Area",180018,144442,21567,9203,3551,1255
310M200US40220,40220,"Roanoke, VA Metro Area",6552,4921,676,743,184,28
310M200US40340,40340,"Rochester, MN Metro Area",3921,3115,309,222,206,69
310M200US40380,40380,"Rochester, NY Metro Area",22118,17220,3631,678,451,138
310M200US40420,40420,"Rockford, IL Metro Area",8691,6626,1600,216,170,79
310M200US40580,40580,"Rocky Mount, NC Metro Area",2919,2292,51,481,95,0
310M200US40660,40660,"Rome, GA Metro Area",1640,1196,357,69,18,0
310M200US40900,40900,"Sacramento--Roseville--Arden-Arcade, CA Metro Area",120471,92540,20771,5082,1525,553
310M200US40980,40980,"Saginaw, MI Metro Area",5537,4486,746,143,134,28
310M200US41060,41060,"St. Cloud, MN Metro Area",2695,1865,419,280,131,0
310M200US41100,41100,"St. George, UT Metro Area",2770,2111,249,15,395,0
310M200US41140,41140,"St. Joseph, MO-KS Metro Area",3939,2639,681,434,167,18
310M200US41180,41180,"St. Louis, MO-IL Metro Area",56548,45929,5820,2441,1731,627
310M200US41420,41420,"Salem, OR Metro Area",15555,11986,2204,864,501,0
310M200US41500,41500,"Salinas, CA Metro Area",15175,12358,1529,739,455,94
310M200US41540,41540,"Salisbury, MD-DE Metro Area",8730,7160,936,190,430,14
310M200US41620,41620,"Salt Lake City, UT Metro Area",25878,20751,3290,450,1113,274
310M200US41660,41660,"San Angelo, TX Metro Area",2747,1978,410,198,161,0
310M200US41700,41700,"San Antonio-New Braunfels, TX Metro Area",62079,49558,7191,2454,2167,709
310M200US41740,41740,"San Diego-Carlsbad, CA Metro Area",141499,113886,19491,2945,3953,1224
310M200US41860,41860,"San Francisco-Oakland-Hayward, CA Metro Area",219199,182114,21487,10745,3576,1277
310M200US41940,41940,"San Jose-Sunnyvale-Santa Clara, CA Metro Area",82597,68066,9721,2642,1109,1059
310M200US42020,42020,"San Luis Obispo-Paso Robles-Arroyo Grande, CA Metro Area",8973,6448,1668,610,108,139
310M200US42100,42100,"Santa Cruz-Watsonville, CA Metro Area",10862,8673,1220,776,125,68
310M200US42140,42140,"Santa Fe, NM Metro Area",3562,2833,358,143,228,0
310M200US42200,42200,"Santa Maria-Santa Barbara, CA Metro Area",15903,11207,3157,1041,359,139
310M200US42220,42220,"Santa Rosa, CA Metro Area",17071,13981,2360,526,141,63
310M200US42340,42340,"Savannah, GA Metro Area",6649,4634,1062,274,589,90
310M200US42540,42540,"Scranton--Wilkes-Barre--Hazleton, PA Metro Area",7604,6382,585,244,321,72
310M200US42660,42660,"Seattle-Tacoma-Bellevue, WA Metro Area",187302,144080,28449,6173,7376,1224
310M200US42680,42680,"Sebastian-Vero Beach, FL Metro Area",2038,1500,417,95,26,0
310M200US42700,42700,"Sebring, FL Metro Area",1444,1117,316,0,11,0
310M200US43100,43100,"Sheboygan, WI Metro Area",1873,1338,194,233,91,17
310M200US43300,43300,"Sherman-Denison, TX Metro Area",3360,2395,639,190,62,74
310M200US43340,43340,"Shreveport-Bossier City, LA Metro Area",6658,5451,617,219,371,0
310M200US43420,43420,"Sierra Vista-Douglas, AZ Metro Area",6820,5415,875,318,164,48
310M200US43580,43580,"Sioux City, IA-NE-SD Metro Area",3992,3007,549,100,302,34
310M200US43620,43620,"Sioux Falls, SD Metro Area",4188,3312,497,186,140,53
310M200US43780,43780,"South Bend-Mishawaka, IN-MI Metro Area",9416,7139,1586,222,333,136
310M200US43900,43900,"Spartanburg, SC Metro Area",5896,4256,1047,181,23,389
310M200US44060,44060,"Spokane-Spokane Valley, WA Metro Area",19384,15260,2767,731,564,62
310M200US44100,44100,"Springfield, IL Metro Area",3804,2987,723,60,27,7
310M200US44140,44140,"Springfield, MA Metro Area",13652,11298,1670,240,209,235
310M200US44180,44180,"Springfield, MO Metro Area",10892,7876,1888,548,545,35
310M200US44220,44220,"Springfield, OH Metro Area",3692,2736,802,66,59,29
310M200US44300,44300,"State College, PA Metro Area",2308,1433,139,294,198,244
310M200US44420,44420,"Staunton-Waynesboro, VA Metro Area",1997,1550,202,51,190,4
310M200US44700,44700,"Stockton-Lodi, CA Metro Area",46821,35842,7903,2569,291,216
310M200US44940,44940,"Sumter, SC Metro Area",2226,1771,285,47,123,0
310M200US45060,45060,"Syracuse, NY Metro Area",15327,12205,2166,473,427,56
310M200US45220,45220,"Tallahassee, FL Metro Area",6908,4822,1396,353,298,39
310M200US45300,45300,"Tampa-St. Petersburg-Clearwater, FL Metro Area",67304,53976,8273,2193,2096,766
310M200US45460,45460,"Terre Haute, IN Metro Area",3429,2524,538,152,203,12
310M200US45500,45500,"Texarkana, TX-AR Metro Area",3399,2600,453,197,143,6
310M200US45540,45540,"The Villages, FL Metro Area",881,604,79,56,118,24
310M200US45780,45780,"Toledo, OH Metro Area",17264,13376,2779,574,435,100
310M200US45820,45820,"Topeka, KS Metro Area",9198,6745,1490,568,364,31
310M200US45940,45940,"Trenton, NJ Metro Area",7162,6227,328,253,303,51
310M200US46060,46060,"Tucson, AZ Metro Area",29738,22487,4931,647,1501,172
310M200US46140,46140,"Tulsa, OK Metro Area",72981,58027,9387,3612,1794,161
310M200US46220,46220,"Tuscaloosa, AL Metro Area",1865,1417,247,112,89,0
310M200US46340,46340,"Tyler, TX Metro Area",3043,2301,268,265,209,0
310M200US46520,46520,"Urban Honolulu, HI Metro Area",211451,180164,23338,1790,5143,1016
310M200US46540,46540,"Utica-Rome, NY Metro Area",6628,4692,1320,367,241,8
310M200US46660,46660,"Valdosta, GA Metro Area",3241,2247,450,170,282,92
310M200US46700,46700,"Vallejo-Fairfield, CA Metro Area",29939,23957,3867,1464,444,207
310M200US47020,47020,"Victoria, TX Metro Area",3768,2906,682,167,13,0
310M200US47220,47220,"Vineland-Bridgeton, NJ Metro Area",6016,5066,696,154,70,30
310M200US47260,47260,"Virginia Beach-Norfolk-Newport News, VA-NC Metro Area",55117,42071,6528,3227,2863,428
310M200US47300,47300,"Visalia-Porterville, CA Metro Area",14869,12303,2147,190,204,25
310M200US47380,47380,"Waco, TX Metro Area",4745,3641,549,483,52,20
310M200US47460,47460,"Walla Walla, WA Metro Area",1839,1390,190,133,99,27
310M200US47580,47580,"Warner Robins, GA Metro Area",4379,3493,575,99,125,87
310M200US47900,47900,"Washington-Arlington-Alexandria, DC-VA-MD-WV Metro Area",193779,161395,14520,6338,8359,3167
310M200US47940,47940,"Waterloo-Cedar Falls, IA Metro Area",3094,2203,548,281,24,38
310M200US48060,48060,"Watertown-Fort Drum, NY Metro Area",4622,2545,851,169,852,205
310M200US48140,48140,"Wausau, WI Metro Area",2209,1355,772,36,46,0
310M200US48260,48260,"Weirton-Steubenville, WV-OH Metro Area",1726,1343,223,98,62,0
310M200US48300,48300,"Wenatchee, WA Metro Area",2630,2187,259,103,81,0
310M200US48540,48540,"Wheeling, WV-OH Metro Area",2189,1624,440,67,45,13
310M200US48620,48620,"Wichita, KS Metro Area",23262,19348,2784,609,317,204
310M200US48660,48660,"Wichita Falls, TX Metro Area",4163,3316,515,131,157,44
310M200US48700,48700,"Williamsport, PA Metro Area",1815,1390,354,31,27,13
310M200US48900,48900,"Wilmington, NC Metro Area",3967,2739,530,431,232,35
310M200US49020,49020,"Winchester, VA-WV Metro Area",2393,1912,168,226,87,0
310M200US49180,49180,"Winston-Salem, NC Metro Area",8993,7239,673,534,517,30
310M200US49340,49340,"Worcester, MA-CT Metro Area",22907,18665,2765,751,534,192
310M200US49420,49420,"Yakima, WA Metro Area",8417,6811,1263,184,116,43
310M200US49620,49620,"York-Hanover, PA Metro Area",9895,7678,1745,268,174,30
310M200US49660,49660,"Youngstown-Warren-Boardman, OH-PA Metro Area",9929,7743,1483,299,401,3
310M200US49700,49700,"Yuba City, CA Metro Area",10624,7699,1800,835,175,115
310M200US49740,49740,"Yuma, AZ Metro Area",4703,3550,618,148,220,167
