GEO.id,GEO.id2,GEO.display-label,HD01_VD01,HD02_VD01,HD01_VD02,HD02_VD02,HD01_VD03,HD02_VD03,HD01_VD04,HD02_VD04,HD01_VD05,HD02_VD05,HD01_VD06,HD02_VD06
Id,Id2,Geography,Estimate; Total:,Margin of Error; Total:,Estimate; Total: - Same house 1 year ago,Margin of Error; Total: - Same house 1 year ago,Estimate; Total: - Moved within same county,Margin of Error; Total: - Moved within same county,Estimate; Total: - Moved from different county within same state,Margin of Error; Total: - Moved from different county within same state,Estimate; Total: - Moved from different state,Margin of Error; Total: - Moved from different state,Estimate; Total: - Moved from abroad,Margin of Error; Total: - Moved from abroad
310M200US10180,10180,"Abilene, TX Metro Area",7993,1028,6258,844,1093,449,572,199,54,42,16,25
310M200US10420,10420,"Akron, OH Metro Area",2289,548,1888,522,176,125,160,75,58,42,7,14
310M200US10500,10500,"Albany, GA Metro Area",1118,333,981,303,35,43,13,30,80,67,9,18
310M200US10540,10540,"Albany, OR Metro Area",2211,597,1536,468,551,456,108,132,16,28,0,28
310M200US10580,10580,"Albany-Schenectady-Troy, NY Metro Area",11047,1266,9035,1212,709,273,909,260,210,129,184,214
310M200US10740,10740,"Albuquerque, NM Metro Area",129137,4203,107307,3694,15558,1729,3504,715,2111,741,657,315
310M200US10780,10780,"Alexandria, LA Metro Area",642,212,475,176,42,46,30,53,15,26,80,82
310M200US10900,10900,"Allentown-Bethlehem-Easton, PA-NJ Metro Area",34559,1952,23800,1565,6769,1170,1039,320,1532,455,1419,675
310M200US11020,11020,"Altoona, PA Metro Area",178,98,135,87,3,7,10,18,0,24,30,44
310M200US11100,11100,"Amarillo, TX Metro Area",7565,858,6430,805,656,232,381,240,79,70,19,19
310M200US11180,11180,"Ames, IA Metro Area",491,133,253,106,100,73,31,30,88,64,19,37
310M200US11260,11260,"Anchorage, AK Metro Area",5194,730,3534,593,967,306,123,173,451,175,119,97
310M200US11460,11460,"Ann Arbor, MI Metro Area",2914,541,1908,454,708,282,75,45,77,69,146,160
310M200US11500,11500,"Anniston-Oxford-Jacksonville, AL Metro Area",1694,447,1159,429,171,162,334,283,13,22,17,23
310M200US11540,11540,"Appleton, WI Metro Area",2449,503,2123,467,190,136,83,106,5,8,48,52
310M200US11700,11700,"Asheville, NC Metro Area",4979,888,3988,802,401,204,208,265,182,121,200,137
310M200US12020,12020,"Athens-Clarke County, GA Metro Area",2955,809,2591,696,226,162,124,104,14,17,0,31
310M200US12060,12060,"Atlanta-Sandy Springs-Roswell, GA Metro Area",193715,5613,153725,5605,26664,2977,7570,1317,4136,852,1620,398
310M200US12100,12100,"Atlantic City-Hammonton, NJ Metro Area",15638,1576,13531,1499,1374,486,161,175,95,65,477,420
310M200US12220,12220,"Auburn-Opelika, AL Metro Area",1966,623,1258,522,479,389,59,86,148,132,22,40
310M200US12260,12260,"Augusta-Richmond County, GA-SC Metro Area",8507,919,6281,982,1384,703,131,79,609,307,102,73
310M200US12420,12420,"Austin-Round Rock, TX Metro Area",127402,4912,98252,4718,20185,1983,6353,746,1213,317,1399,461
310M200US12540,12540,"Bakersfield, CA Metro Area",107685,4053,84942,3860,18522,2127,2787,681,861,390,573,222
310M200US12580,12580,"Baltimore-Columbia-Towson, MD Metro Area",41359,2877,34703,2717,3741,952,1443,355,722,240,750,329
310M200US12620,12620,"Bangor, ME Metro Area",465,199,369,192,52,58,10,16,34,56,0,23
310M200US12700,12700,"Barnstable Town, MA Metro Area",2309,495,2151,478,45,45,45,37,68,83,0,29
310M200US12940,12940,"Baton Rouge, LA Metro Area",5731,909,4150,805,721,356,82,63,704,412,74,61
310M200US12980,12980,"Battle Creek, MI Metro Area",923,357,842,336,54,56,21,21,5,9,1,4
310M200US13020,13020,"Bay City, MI Metro Area",873,288,728,284,120,104,14,18,11,17,0,24
310M200US13140,13140,"Beaumont-Port Arthur, TX Metro Area",12616,1192,10360,1025,983,375,930,539,249,200,94,90
310M200US13220,13220,"Beckley, WV Metro Area",529,295,346,207,70,110,34,48,71,76,8,15
310M200US13380,13380,"Bellingham, WA Metro Area",4135,862,3756,846,319,207,48,38,12,16,0,28
310M200US13460,13460,"Bend-Redmond, OR Metro Area",3158,767,2987,752,37,38,81,92,39,47,14,27
310M200US13740,13740,"Billings, MT Metro Area",2623,425,1795,333,603,260,132,109,81,78,12,18
310M200US13780,13780,"Binghamton, NY Metro Area",2022,475,1372,385,532,262,66,53,29,40,23,30
310M200US13820,13820,"Birmingham-Hoover, AL Metro Area",20881,1688,16306,1589,2956,767,967,548,256,159,396,291
310M200US13900,13900,"Bismarck, ND Metro Area",408,180,228,112,4,6,42,46,134,122,0,20
310M200US13980,13980,"Blacksburg-Christiansburg-Radford, VA Metro Area",1035,340,588,218,229,171,130,88,0,29,88,128
310M200US14010,14010,"Bloomington, IL Metro Area",1996,499,1555,481,199,130,181,110,29,45,32,53
310M200US14020,14020,"Bloomington, IN Metro Area",1375,377,989,350,210,114,93,58,80,65,3,9
310M200US14100,14100,"Bloomsburg-Berwick, PA Metro Area",246,141,186,132,22,32,15,27,14,23,9,15
310M200US14260,14260,"Boise City, ID Metro Area",11697,1546,9749,1449,1216,517,380,225,254,182,98,62
310M200US14460,14460,"Boston-Cambridge-Newton, MA-NH Metro Area",182180,5026,143272,4645,26900,2059,5564,769,3029,549,3415,720
310M200US14500,14500,"Boulder, CO Metro Area",11870,1166,9051,1091,2235,649,318,164,231,110,35,41
310M200US14540,14540,"Bowling Green, KY Metro Area",3448,429,2245,511,534,276,38,47,498,351,133,81
310M200US14740,14740,"Bremerton-Silverdale, WA Metro Area",4535,920,3407,862,539,247,101,66,416,198,72,82
310M200US14860,14860,"Bridgeport-Stamford-Norwalk, CT Metro Area",61924,3051,49129,2959,9972,1451,558,173,1680,521,585,202
310M200US15180,15180,"Brownsville-Harlingen, TX Metro Area",27185,1915,24717,1752,1771,508,284,131,286,231,127,79
310M200US15260,15260,"Brunswick, GA Metro Area",2552,598,1949,582,189,211,0,31,34,55,380,297
310M200US15380,15380,"Buffalo-Cheektowaga-Niagara Falls, NY Metro Area",17169,1211,13389,1220,2444,564,800,354,206,115,330,197
310M200US15500,15500,"Burlington, NC Metro Area",11117,968,9241,1009,1145,532,346,289,177,212,208,236
310M200US15540,15540,"Burlington-South Burlington, VT Metro Area",768,258,519,237,39,40,75,69,135,116,0,22
310M200US15680,15680,"California-Lexington Park, MD Metro Area",767,249,580,198,111,118,61,58,15,26,0,29
310M200US15940,15940,"Canton-Massillon, OH Metro Area",1082,355,933,323,58,56,48,39,15,15,28,37
310M200US15980,15980,"Cape Coral-Fort Myers, FL Metro Area",24339,2704,15650,1965,6681,1656,1130,680,529,289,349,199
310M200US16020,16020,"Cape Girardeau, MO-IL Metro Area",294,109,217,93,29,47,13,16,26,27,9,13
310M200US16060,16060,"Carbondale-Marion, IL Metro Area",561,272,394,243,87,82,55,64,25,38,0,27
310M200US16180,16180,"Carson City, NV Metro Area",3368,794,2648,659,565,400,143,137,12,15,0,31
310M200US16220,16220,"Casper, WY Metro Area",957,296,846,283,77,49,7,11,22,25,5,10
310M200US16300,16300,"Cedar Rapids, IA Metro Area",2604,479,1959,452,333,214,127,78,121,123,64,100
310M200US16540,16540,"Chambersburg-Waynesboro, PA Metro Area",1184,407,978,389,72,60,58,47,63,81,13,21
310M200US16580,16580,"Champaign-Urbana, IL Metro Area",1734,398,1258,400,162,115,92,64,194,158,28,34
310M200US16620,16620,"Charleston, WV Metro Area",287,144,205,128,57,40,4,7,21,30,0,27
310M200US16700,16700,"Charleston-North Charleston, SC Metro Area",8603,1299,6552,1171,1031,464,337,142,500,268,183,181
310M200US16740,16740,"Charlotte-Concord-Gastonia, NC-SC Metro Area",64556,3607,53051,3499,8482,1543,1114,464,1495,398,414,226
310M200US16820,16820,"Charlottesville, VA Metro Area",1910,526,1448,427,92,69,52,46,253,254,65,65
310M200US16860,16860,"Chattanooga, TN-GA Metro Area",5638,955,3601,795,1403,520,120,65,401,330,113,129
310M200US16940,16940,"Cheyenne, WY Metro Area",3717,602,2597,470,836,264,3,6,196,148,85,118
310M200US16980,16980,"Chicago-Naperville-Elgin, IL-IN-WI Metro Area",758701,13214,650751,12168,86911,4485,8123,1536,8184,1166,4732,881
310M200US17020,17020,"Chico, CA Metro Area",6170,695,4889,573,840,443,388,169,36,51,17,16
310M200US17140,17140,"Cincinnati, OH-KY-IN Metro Area",14762,1621,11672,1441,1746,561,372,153,549,307,423,297
310M200US17300,17300,"Clarksville, TN-KY Metro Area",3548,629,2526,528,572,344,0,28,382,231,68,58
310M200US17420,17420,"Cleveland, TN Metro Area",976,308,731,299,85,64,0,29,151,174,9,13
310M200US17460,17460,"Cleveland-Elyria, OH Metro Area",21748,1394,17166,1352,3223,513,553,230,569,252,237,137
310M200US17660,17660,"Coeur d'Alene, ID Metro Area",523,269,431,251,25,23,0,27,67,62,0,27
310M200US17780,17780,"College Station-Bryan, TX Metro Area",12586,1355,9783,1383,2000,740,587,174,34,49,182,110
310M200US17820,17820,"Colorado Springs, CO Metro Area",23723,1985,18024,1906,3589,736,628,337,1026,347,456,214
310M200US17860,17860,"Columbia, MO Metro Area",2087,499,1315,427,575,309,53,31,102,57,42,58
310M200US17900,17900,"Columbia, SC Metro Area",13074,1253,10084,1145,1430,587,435,229,853,337,272,156
310M200US17980,17980,"Columbus, GA-AL Metro Area",6024,714,4274,678,406,200,194,115,1027,375,123,73
310M200US18020,18020,"Columbus, IN Metro Area",2872,567,1673,599,169,222,136,183,821,848,73,120
310M200US18140,18140,"Columbus, OH Metro Area",21786,1905,15691,1549,3858,780,635,237,1121,551,481,295
310M200US18580,18580,"Corpus Christi, TX Metro Area",23276,2100,19812,1743,2325,605,968,652,62,44,109,80
310M200US18700,18700,"Corvallis, OR Metro Area",1103,301,701,229,175,133,129,80,2,4,96,67
310M200US18880,18880,"Crestview-Fort Walton Beach-Destin, FL Metro Area",5736,820,4573,778,505,282,296,207,308,317,54,39
310M200US19060,19060,"Cumberland, MD-WV Metro Area",279,105,168,89,12,17,35,32,64,66,0,28
310M200US19100,19100,"Dallas-Fort Worth-Arlington, TX Metro Area",472181,7291,373804,6405,74871,4317,12354,1300,5691,999,5461,1133
310M200US19140,19140,"Dalton, GA Metro Area",5628,1030,4598,977,796,344,189,218,37,59,8,14
310M200US19180,19180,"Danville, IL Metro Area",715,275,660,262,0,27,22,35,33,51,0,27
310M200US19300,19300,"Daphne-Fairhope-Foley, AL Metro Area",2454,610,1683,594,444,346,87,130,240,267,0,27
310M200US19340,19340,"Davenport-Moline-Rock Island, IA-IL Metro Area",8429,942,7318,902,580,253,198,104,130,77,203,202
310M200US19380,19380,"Dayton, OH Metro Area",4932,751,4007,689,562,261,132,87,136,81,95,115
310M200US19460,19460,"Decatur, AL Metro Area",1932,640,1739,612,95,88,92,154,0,27,6,9
310M200US19500,19500,"Decatur, IL Metro Area",582,202,466,206,43,38,46,50,27,34,0,27
310M200US19660,19660,"Deltona-Daytona Beach-Ormond Beach, FL Metro Area",20396,1955,18535,1914,712,325,851,499,136,94,162,216
310M200US19740,19740,"Denver-Aurora-Lakewood, CO Metro Area",129502,4903,99993,3796,15994,1875,9426,1426,2758,538,1331,575
310M200US19780,19780,"Des Moines-West Des Moines, IA Metro Area",10423,1208,7791,1168,1842,581,295,139,329,160,166,157
310M200US19820,19820,"Detroit-Warren-Dearborn, MI Metro Area",44906,2094,35877,1857,6841,1254,1063,381,524,208,601,255
310M200US20020,20020,"Dothan, AL Metro Area",1816,407,1492,376,113,80,123,110,88,75,0,27
310M200US20100,20100,"Dover, DE Metro Area",2085,474,1833,448,125,84,35,43,92,60,0,27
310M200US20220,20220,"Dubuque, IA Metro Area",114,54,67,45,5,11,42,37,0,23,0,23
310M200US20260,20260,"Duluth, MN-WI Metro Area",880,250,504,152,310,195,23,20,19,20,24,26
310M200US20500,20500,"Durham-Chapel Hill, NC Metro Area",20647,1788,14714,1504,4024,1083,751,414,779,342,379,203
310M200US20700,20700,"East Stroudsburg, PA Metro Area",3825,827,3581,818,89,121,75,54,80,61,0,24
310M200US20740,20740,"Eau Claire, WI Metro Area",547,214,344,175,62,74,80,57,1,2,60,75
310M200US20940,20940,"El Centro, CA Metro Area",36543,2288,30942,2282,4211,917,789,206,329,174,272,158
310M200US21060,21060,"Elizabethtown-Fort Knox, KY Metro Area",1311,273,693,213,96,68,208,139,294,164,20,15
310M200US21140,21140,"Elkhart-Goshen, IN Metro Area",9199,1287,7328,1246,1403,612,154,172,278,234,36,55
310M200US21300,21300,"Elmira, NY Metro Area",167,90,110,80,6,11,23,17,24,32,4,9
310M200US21340,21340,"El Paso, TX Metro Area",95106,4142,77119,3690,11627,1465,1246,471,2334,543,2780,692
310M200US21500,21500,"Erie, PA Metro Area",2377,473,1917,432,167,95,135,64,100,72,58,80
310M200US21660,21660,"Eugene, OR Metro Area",7710,1041,5629,1078,1394,430,250,165,325,238,112,111
310M200US21780,21780,"Evansville, IN-KY Metro Area",2004,435,1383,397,310,212,179,120,95,70,37,51
310M200US21820,21820,"Fairbanks, AK Metro Area",920,359,582,304,76,111,25,33,98,101,139,152
310M200US22020,22020,"Fargo, ND-MN Metro Area",1261,244,848,241,262,123,82,52,51,40,18,26
310M200US22140,22140,"Farmington, NM Metro Area",6405,803,5740,806,257,138,196,219,99,104,113,161
310M200US22180,22180,"Fayetteville, NC Metro Area",10571,1127,6859,997,1693,569,172,104,1206,415,641,215
310M200US22220,22220,"Fayetteville-Springdale-Rogers, AR-MO Metro Area",30066,2163,23844,2046,3702,993,1046,643,1173,617,301,240
310M200US22380,22380,"Flagstaff, AZ Metro Area",5731,853,4693,851,662,360,210,140,139,132,27,34
310M200US22420,22420,"Flint, MI Metro Area",1836,274,1527,260,245,146,30,29,25,32,9,12
310M200US22500,22500,"Florence, SC Metro Area",853,415,765,406,46,49,26,31,16,20,0,30
310M200US22520,22520,"Florence-Muscle Shoals, AL Metro Area",903,518,731,508,101,106,67,80,4,8,0,27
310M200US22540,22540,"Fond du Lac, WI Metro Area",1711,462,1388,426,201,210,60,48,62,57,0,22
310M200US22660,22660,"Fort Collins, CO Metro Area",7474,976,5635,937,1184,372,331,161,272,192,52,55
310M200US22900,22900,"Fort Smith, AR-OK Metro Area",4301,694,3696,670,324,135,98,81,44,33,139,121
310M200US23060,23060,"Fort Wayne, IN Metro Area",8702,1186,7142,1089,1175,380,78,58,233,211,74,83
310M200US23420,23420,"Fresno, CA Metro Area",188238,4823,154459,4628,27771,2687,4895,1038,643,383,470,251
310M200US23460,23460,"Gadsden, AL Metro Area",430,247,351,214,68,70,0,27,11,23,0,27
310M200US23540,23540,"Gainesville, FL Metro Area",2803,524,1640,391,540,219,440,293,120,95,63,67
310M200US23580,23580,"Gainesville, GA Metro Area",12090,1936,10076,1762,1601,822,175,160,212,240,26,29
310M200US23900,23900,"Gettysburg, PA Metro Area",3199,434,2646,455,423,220,48,50,78,55,4,6
310M200US24020,24020,"Glens Falls, NY Metro Area",585,197,338,147,96,97,105,50,45,69,1,3
310M200US24140,24140,"Goldsboro, NC Metro Area",9090,730,7469,844,652,244,406,242,448,224,115,109
310M200US24220,24220,"Grand Forks, ND-MN Metro Area",780,231,316,123,385,217,6,7,64,52,9,17
310M200US24260,24260,"Grand Island, NE Metro Area",1494,430,1214,405,159,94,41,43,80,95,0,22
310M200US24300,24300,"Grand Junction, CO Metro Area",5133,873,4195,825,568,248,216,217,102,79,52,82
310M200US24340,24340,"Grand Rapids-Wyoming, MI Metro Area",21877,1701,17361,1532,3387,1054,546,242,372,268,211,120
310M200US24420,24420,"Grants Pass, OR Metro Area",425,183,391,182,5,8,27,29,2,4,0,28
310M200US24500,24500,"Great Falls, MT Metro Area",458,211,199,109,127,119,30,37,102,89,0,23
310M200US24540,24540,"Greeley, CO Metro Area",17539,1701,13040,1608,2830,648,1044,383,574,268,51,76
310M200US24580,24580,"Green Bay, WI Metro Area",3933,886,3148,744,453,265,255,214,42,47,35,42
310M200US24660,24660,"Greensboro-High Point, NC Metro Area",19988,1809,17268,1648,1479,487,631,296,531,276,79,59
310M200US24780,24780,"Greenville, NC Metro Area",4042,776,3218,818,532,321,215,121,65,57,12,22
310M200US24860,24860,"Greenville-Anderson-Mauldin, SC Metro Area",9539,1320,7416,1015,1379,535,234,100,446,393,64,88
310M200US25060,25060,"Gulfport-Biloxi-Pascagoula, MS Metro Area",3634,999,2715,891,161,112,76,61,435,221,247,201
310M200US25180,25180,"Hagerstown-Martinsburg, MD-WV Metro Area",1995,591,1609,530,179,128,85,89,110,87,12,18
310M200US25220,25220,"Hammond, LA Metro Area",431,203,397,188,31,52,3,6,0,28,0,28
310M200US25260,25260,"Hanford-Corcoran, CA Metro Area",18677,1690,14815,1629,1872,562,1716,430,144,138,130,197
310M200US25420,25420,"Harrisburg-Carlisle, PA Metro Area",9083,1038,6366,891,1588,631,449,166,488,270,192,133
310M200US25500,25500,"Harrisonburg, VA Metro Area",1441,496,1278,461,84,67,79,57,0,29,0,29
310M200US25540,25540,"Hartford-West Hartford-East Hartford, CT Metro Area",57431,2706,43114,2451,10661,1216,1681,317,1010,341,965,431
310M200US25620,25620,"Hattiesburg, MS Metro Area",1369,400,1022,419,72,104,107,112,29,46,139,157
310M200US25860,25860,"Hickory-Lenoir-Morganton, NC Metro Area",10743,1446,8998,1218,851,379,789,481,98,128,7,12
310M200US25940,25940,"Hilton Head Island-Bluffton-Beaufort, SC Metro Area",8290,1430,6767,1350,823,419,81,90,336,165,283,305
310M200US25980,25980,"Hinesville, GA Metro Area",3818,705,2516,560,395,262,62,58,546,252,299,231
310M200US26140,26140,"Homosassa Springs, FL Metro Area",725,343,604,351,23,38,55,70,37,41,6,12
310M200US26300,26300,"Hot Springs, AR Metro Area",3151,379,2547,416,365,219,159,223,80,100,0,28
310M200US26380,26380,"Houma-Thibodaux, LA Metro Area",3002,691,2101,659,548,347,34,33,289,188,30,38
310M200US26420,26420,"Houston-The Woodlands-Sugar Land, TX Metro Area",459066,9450,379360,9161,59711,3785,9278,1521,5560,1090,5157,924
310M200US26580,26580,"Huntington-Ashland, WV-KY-OH Metro Area",592,235,549,230,18,18,8,10,17,22,0,28
310M200US26620,26620,"Huntsville, AL Metro Area",4739,772,3979,733,324,186,209,143,216,113,11,17
310M200US26820,26820,"Idaho Falls, ID Metro Area",5499,778,5090,747,222,145,63,75,31,48,93,96
310M200US26900,26900,"Indianapolis-Carmel-Anderson, IN Metro Area",50234,2641,39413,2558,7426,1335,1036,471,1651,632,708,301
310M200US26980,26980,"Iowa City, IA Metro Area",2658,603,1506,483,593,385,499,373,60,55,0,23
310M200US27060,27060,"Ithaca, NY Metro Area",1183,299,599,203,240,149,83,57,140,76,121,79
310M200US27100,27100,"Jackson, MI Metro Area",882,251,630,184,162,94,35,24,46,48,9,20
310M200US27140,27140,"Jackson, MS Metro Area",5477,983,4453,966,399,223,293,222,246,125,86,90
310M200US27180,27180,"Jackson, TN Metro Area",873,265,776,247,24,35,51,88,22,23,0,29
310M200US27260,27260,"Jacksonville, FL Metro Area",13768,1564,10399,1482,1759,465,798,370,565,279,247,176
310M200US27340,27340,"Jacksonville, NC Metro Area",4251,839,2969,776,260,131,73,84,847,355,102,61
310M200US27500,27500,"Janesville-Beloit, WI Metro Area",1954,500,1594,451,360,271,0,22,0,22,0,22
310M200US27620,27620,"Jefferson City, MO Metro Area",1621,340,1312,321,183,150,63,63,63,71,0,26
310M200US27740,27740,"Johnson City, TN Metro Area",810,268,590,220,82,45,109,91,29,40,0,29
310M200US27780,27780,"Johnstown, PA Metro Area",490,217,224,126,210,188,6,9,50,48,0,24
310M200US27860,27860,"Jonesboro, AR Metro Area",664,291,489,260,120,99,10,14,25,34,20,34
310M200US27900,27900,"Joplin, MO Metro Area",2122,601,1716,511,200,126,95,78,111,147,0,26
310M200US27980,27980,"Kahului-Wailuku-Lahaina, HI Metro Area",1204,336,908,312,240,134,9,15,27,23,20,23
310M200US28020,28020,"Kalamazoo-Portage, MI Metro Area",4898,626,4333,600,255,122,117,95,180,143,13,19
310M200US28100,28100,"Kankakee, IL Metro Area",2200,504,1818,464,252,168,107,75,14,16,9,16
310M200US28140,28140,"Kansas City, MO-KS Metro Area",46449,2333,37051,2039,5500,893,1395,467,2133,610,370,146
310M200US28420,28420,"Kennewick-Richland, WA Metro Area",42839,1938,34580,2182,4542,1281,1544,601,1971,755,202,145
310M200US28660,28660,"Killeen-Temple, TX Metro Area",13363,1565,10891,1343,1162,349,543,313,581,260,186,106
310M200US28700,28700,"Kingsport-Bristol-Bristol, TN-VA Metro Area",1793,333,1055,369,258,165,131,106,340,210,9,15
310M200US28740,28740,"Kingston, NY Metro Area",2882,592,2573,553,200,152,107,51,2,4,0,28
310M200US28940,28940,"Knoxville, TN Metro Area",4547,867,3456,677,438,349,243,170,357,406,53,93
310M200US29020,29020,"Kokomo, IN Metro Area",543,206,385,150,47,37,42,48,41,62,28,41
310M200US29100,29100,"La Crosse-Onalaska, WI-MN Metro Area",646,233,426,231,60,70,35,40,83,94,42,45
310M200US29180,29180,"Lafayette, LA Metro Area",2905,679,2137,583,165,101,203,140,346,250,54,62
310M200US29200,29200,"Lafayette-West Lafayette, IN Metro Area",2261,603,1934,564,92,66,51,39,113,104,71,101
310M200US29340,29340,"Lake Charles, LA Metro Area",1154,493,818,380,36,56,29,32,251,304,20,33
310M200US29420,29420,"Lake Havasu City-Kingman, AZ Metro Area",6072,1090,4391,928,842,478,536,261,199,123,104,120
310M200US29460,29460,"Lakeland-Winter Haven, FL Metro Area",12774,1848,9892,1617,1628,656,611,362,414,234,229,226
310M200US29540,29540,"Lancaster, PA Metro Area",13959,1188,11287,1196,1870,462,410,233,305,174,87,55
310M200US29620,29620,"Lansing-East Lansing, MI Metro Area",6474,676,4887,595,997,358,247,114,72,66,271,197
310M200US29700,29700,"Laredo, TX Metro Area",11001,1270,9937,1271,878,263,115,77,31,30,40,31
310M200US29740,29740,"Las Cruces, NM Metro Area",10448,1176,9629,1176,650,253,78,64,60,70,31,35
310M200US29820,29820,"Las Vegas-Henderson-Paradise, NV Metro Area",164180,6336,123972,5162,33244,3022,127,64,5599,1049,1238,422
310M200US29940,29940,"Lawrence, KS Metro Area",650,169,457,148,133,106,49,33,11,17,0,24
310M200US30020,30020,"Lawton, OK Metro Area",2735,481,1966,462,338,152,145,88,271,149,15,24
310M200US30140,30140,"Lebanon, PA Metro Area",7171,733,4698,638,1550,583,471,308,277,335,175,144
310M200US30300,30300,"Lewiston, ID-WA Metro Area",371,132,229,111,92,73,11,16,39,43,0,28
310M200US30340,30340,"Lewiston-Auburn, ME Metro Area",381,185,324,180,10,13,0,23,47,51,0,23
310M200US30460,30460,"Lexington-Fayette, KY Metro Area",11716,1217,7193,1092,2431,768,660,376,557,285,875,484
310M200US30620,30620,"Lima, OH Metro Area",886,317,495,171,322,224,9,17,11,20,49,50
310M200US30700,30700,"Lincoln, NE Metro Area",3064,749,2570,744,171,116,149,98,64,62,110,132
310M200US30780,30780,"Little Rock-North Little Rock-Conway, AR Metro Area",7236,1220,5541,1104,909,392,89,67,410,330,287,179
310M200US30860,30860,"Logan, UT-ID Metro Area",3464,539,2698,504,647,372,25,36,24,31,70,74
310M200US30980,30980,"Longview, TX Metro Area",4925,1001,3895,843,477,195,363,157,22,32,168,182
310M200US31020,31020,"Longview, WA Metro Area",1569,434,1362,401,150,130,27,30,20,23,10,15
310M200US31080,31080,"Los Angeles-Long Beach-Anaheim, CA Metro Area",2331929,26326,2010645,23171,283653,7587,22319,1898,6644,931,8668,947
310M200US31140,31140,"Louisville/Jefferson County, KY-IN Metro Area",11528,1403,9315,1272,1112,456,282,192,523,321,296,142
310M200US31180,31180,"Lubbock, TX Metro Area",22743,1859,17654,1790,3337,709,1353,346,348,192,51,41
310M200US31340,31340,"Lynchburg, VA Metro Area",1330,477,710,247,466,360,116,100,31,31,7,10
310M200US31420,31420,"Macon, GA Metro Area",1349,448,865,381,311,223,173,206,0,31,0,31
310M200US31460,31460,"Madera, CA Metro Area",10814,1410,8931,1268,1177,404,649,190,15,23,42,40
310M200US31540,31540,"Madison, WI Metro Area",7916,1134,5663,1110,1541,466,159,79,396,187,157,128
310M200US31700,31700,"Manchester-Nashua, NH Metro Area",5329,944,4063,814,971,458,79,83,174,116,42,44
310M200US31740,31740,"Manhattan, KS Metro Area",548,188,382,179,80,80,0,24,35,39,51,62
310M200US31860,31860,"Mankato-North Mankato, MN Metro Area",537,183,435,184,41,25,22,20,25,28,14,17
310M200US31900,31900,"Mansfield, OH Metro Area",703,209,544,172,102,115,55,41,1,3,1,3
310M200US32580,32580,"McAllen-Edinburg-Mission, TX Metro Area",65094,4091,56545,3764,6655,1349,859,319,510,240,525,260
310M200US32780,32780,"Medford, OR Metro Area",3059,706,2116,539,732,337,94,117,93,71,24,36
310M200US32820,32820,"Memphis, TN-MS-AR Metro Area",27122,1938,21437,1797,4483,1121,96,64,921,323,185,138
310M200US32900,32900,"Merced, CA Metro Area",43857,2422,35554,2241,6290,1003,1637,502,216,132,160,97
310M200US33100,33100,"Miami-Fort Lauderdale-West Palm Beach, FL Metro Area",158048,5208,126586,4515,22500,2229,4095,932,2488,605,2379,723
310M200US33140,33140,"Michigan City-La Porte, IN Metro Area",1415,404,1224,390,104,79,80,62,0,27,7,13
310M200US33220,33220,"Midland, MI Metro Area",609,317,242,149,52,58,22,22,234,223,59,94
310M200US33260,33260,"Midland, TX Metro Area",9770,1421,8079,1086,642,375,319,200,730,501,0,30
310M200US33340,33340,"Milwaukee-Waukesha-West Allis, WI Metro Area",39328,2285,32717,2116,5336,874,527,203,579,244,169,93
310M200US33460,33460,"Minneapolis-St. Paul-Bloomington, MN-WI Metro Area",58245,2975,44493,2493,8351,1096,3193,796,1376,438,832,423
310M200US33540,33540,"Missoula, MT Metro Area",284,119,224,111,38,34,10,15,12,17,0,23
310M200US33660,33660,"Mobile, AL Metro Area",1945,477,1250,378,314,197,0,27,362,232,19,23
310M200US33700,33700,"Modesto, CA Metro Area",48309,2780,37665,2653,8183,1241,1905,607,378,290,178,102
310M200US33740,33740,"Monroe, LA Metro Area",960,278,852,261,91,79,16,29,1,3,0,28
310M200US33780,33780,"Monroe, MI Metro Area",833,353,708,310,61,67,57,55,7,10,0,24
310M200US33860,33860,"Montgomery, AL Metro Area",3445,667,2236,556,732,375,310,248,167,79,0,27
310M200US34060,34060,"Morgantown, WV Metro Area",384,129,148,73,72,45,96,82,48,41,20,33
310M200US34100,34100,"Morristown, TN Metro Area",1251,457,1031,486,79,113,141,162,0,29,0,29
310M200US34580,34580,"Mount Vernon-Anacortes, WA Metro Area",4989,1128,3738,887,1134,513,81,68,25,37,11,22
310M200US34620,34620,"Muncie, IN Metro Area",656,282,509,283,83,61,45,54,19,27,0,27
310M200US34740,34740,"Muskegon, MI Metro Area",1385,388,1002,306,287,204,53,36,14,19,29,41
310M200US34820,34820,"Myrtle Beach-Conway-North Myrtle Beach, SC-NC Metro Area",9218,1228,7125,1072,872,400,139,135,736,498,346,221
310M200US34900,34900,"Napa, CA Metro Area",10707,1274,8818,1189,1378,472,368,290,70,63,73,56
310M200US34940,34940,"Naples-Immokalee-Marco Island, FL Metro Area",9454,1742,7709,1609,842,480,309,268,168,168,426,412
310M200US34980,34980,"Nashville-Davidson--Murfreesboro--Franklin, TN Metro Area",37175,2834,28901,2452,5735,1140,707,253,1066,480,766,369
310M200US35100,35100,"New Bern, NC Metro Area",2621,521,1930,513,363,238,194,143,103,70,31,32
310M200US35300,35300,"New Haven-Milford, CT Metro Area",48414,2818,37159,2559,8863,1515,1204,324,957,324,231,130
310M200US35380,35380,"New Orleans-Metairie, LA Metro Area",25182,2034,21270,1876,2045,698,1062,482,534,295,271,140
310M200US35620,35620,"New York-Newark-Jersey City, NY-NJ-PA Metro Area",1895788,19407,1655207,18578,160725,6149,41087,2369,17683,1701,21086,1977
310M200US35660,35660,"Niles-Benton Harbor, MI Metro Area",3348,513,2871,529,341,221,52,58,69,76,15,25
310M200US35840,35840,"North Port-Sarasota-Bradenton, FL Metro Area",15195,1732,12227,1579,1924,715,503,301,453,478,88,99
310M200US35980,35980,"Norwich-New London, CT Metro Area",8167,912,5583,771,1346,468,643,146,525,246,70,71
310M200US36100,36100,"Ocala, FL Metro Area",7236,1412,5769,1051,944,803,122,102,331,279,70,73
310M200US36140,36140,"Ocean City, NJ Metro Area",1398,455,773,341,215,120,84,73,36,33,290,211
310M200US36220,36220,"Odessa, TX Metro Area",7518,1058,6472,1005,523,275,265,116,128,90,130,99
310M200US36260,36260,"Ogden-Clearfield, UT Metro Area",26557,1808,21658,1722,3219,651,1213,637,383,174,84,74
310M200US36420,36420,"Oklahoma City, OK Metro Area",36066,1837,29001,1934,4487,886,485,165,1416,640,677,361
310M200US36500,36500,"Olympia-Tumwater, WA Metro Area",3369,852,2317,582,879,528,88,79,74,69,11,20
310M200US36540,36540,"Omaha-Council Bluffs, NE-IA Metro Area",23961,1778,18127,1631,4034,890,354,177,1127,479,319,182
310M200US36740,36740,"Orlando-Kissimmee-Sanford, FL Metro Area",97562,4858,76753,4702,11753,1660,4550,1016,2529,718,1977,653
310M200US36780,36780,"Oshkosh-Neenah, WI Metro Area",925,409,578,261,340,372,0,22,7,11,0,22
310M200US36980,36980,"Owensboro, KY Metro Area",579,256,518,245,52,64,0,27,9,11,0,27
310M200US37100,37100,"Oxnard-Thousand Oaks-Ventura, CA Metro Area",83653,4671,69189,4192,9932,1630,3082,982,867,429,583,293
310M200US37340,37340,"Palm Bay-Melbourne-Titusville, FL Metro Area",6850,1163,5642,1107,720,317,219,151,188,83,81,84
310M200US37460,37460,"Panama City, FL Metro Area",800,231,534,193,211,145,8,12,20,23,27,40
310M200US37620,37620,"Parkersburg-Vienna, WV Metro Area",191,114,154,108,12,19,0,27,4,7,21,34
310M200US37860,37860,"Pensacola-Ferry Pass-Brent, FL Metro Area",3971,762,2932,744,323,151,128,93,519,199,69,56
310M200US37900,37900,"Peoria, IL Metro Area",2692,434,2171,427,214,99,115,89,148,138,44,47
310M200US37980,37980,"Philadelphia-Camden-Wilmington, PA-NJ-DE-MD Metro Area",176446,5228,146140,4148,20009,2333,3717,667,3818,752,2762,705
310M200US38060,38060,"Phoenix-Mesa-Scottsdale, AZ Metro Area",241659,7194,186640,6424,45773,3336,3280,823,4638,756,1328,449
310M200US38220,38220,"Pine Bluff, AR Metro Area",642,218,613,223,0,28,28,28,1,3,0,28
310M200US38300,38300,"Pittsburgh, PA Metro Area",6954,770,5231,619,865,261,352,181,302,121,204,132
310M200US38340,38340,"Pittsfield, MA Metro Area",1081,396,830,369,84,63,47,44,95,67,25,31
310M200US38540,38540,"Pocatello, ID Metro Area",991,298,882,278,45,48,0,27,28,44,36,53
310M200US38860,38860,"Portland-South Portland, ME Metro Area",1412,384,1162,369,155,98,2,4,72,42,21,24
310M200US38900,38900,"Portland-Vancouver-Hillsboro, OR-WA Metro Area",83522,3656,63479,3625,12709,1812,2282,674,4163,1077,889,318
310M200US38940,38940,"Port St. Lucie, FL Metro Area",15344,2181,12204,1993,1803,816,776,495,351,258,210,212
310M200US39140,39140,"Prescott, AZ Metro Area",4772,867,4128,825,290,148,187,126,167,120,0,30
310M200US39300,39300,"Providence-Warwick, RI-MA Metro Area",79543,2955,63244,2603,12339,1588,1307,497,1554,417,1099,497
310M200US39340,39340,"Provo-Orem, UT Metro Area",14855,1547,11804,1468,2036,626,88,79,584,216,343,216
310M200US39380,39380,"Pueblo, CO Metro Area",17431,1350,12944,1176,3638,777,511,312,306,168,32,48
310M200US39460,39460,"Punta Gorda, FL Metro Area",745,260,429,194,277,145,11,14,9,15,19,20
310M200US39540,39540,"Racine, WI Metro Area",7010,960,6215,919,530,237,138,91,119,132,8,16
310M200US39580,39580,"Raleigh, NC Metro Area",33223,2377,26843,2273,3955,1110,681,293,1401,803,343,166
310M200US39660,39660,"Rapid City, SD Metro Area",1087,297,739,258,91,75,148,120,90,65,19,35
310M200US39740,39740,"Reading, PA Metro Area",28055,1771,19817,1611,6167,990,621,325,974,412,476,259
310M200US39820,39820,"Redding, CA Metro Area",3999,749,3196,764,467,205,279,195,50,62,7,12
310M200US39900,39900,"Reno, NV Metro Area",21391,1941,17053,1841,3457,819,178,112,601,354,102,82
310M200US40060,40060,"Richmond, VA Metro Area",15695,1449,11880,1193,1909,571,1298,497,466,205,142,124
310M200US40140,40140,"Riverside-San Bernardino-Ontario, CA Metro Area",678303,8852,548404,9253,94163,4374,29149,2757,4051,871,2536,471
310M200US40220,40220,"Roanoke, VA Metro Area",1492,410,1091,337,133,109,131,98,56,93,81,101
310M200US40340,40340,"Rochester, MN Metro Area",1487,400,1205,317,209,192,35,46,19,19,19,21
310M200US40380,40380,"Rochester, NY Metro Area",20321,1723,14596,1397,3808,787,771,286,543,328,603,398
310M200US40420,40420,"Rockford, IL Metro Area",9818,1317,8047,1159,1053,420,506,240,54,52,158,113
310M200US40580,40580,"Rocky Mount, NC Metro Area",3770,663,3185,645,276,167,179,119,106,127,24,31
310M200US40660,40660,"Rome, GA Metro Area",3475,638,3154,650,252,171,22,26,23,37,24,36
310M200US40900,40900,"Sacramento--Roseville--Arden-Arcade, CA Metro Area",138574,5019,105890,4299,24135,2688,6696,1041,1250,452,603,262
310M200US40980,40980,"Saginaw, MI Metro Area",2909,491,2400,430,372,180,109,61,28,29,0,24
310M200US41060,41060,"St. Cloud, MN Metro Area",1670,404,1231,404,78,61,294,178,28,25,39,62
310M200US41100,41100,"St. George, UT Metro Area",3046,733,2326,733,596,361,3,7,121,130,0,27
310M200US41140,41140,"St. Joseph, MO-KS Metro Area",905,325,468,188,278,209,60,71,99,125,0,28
310M200US41180,41180,"St. Louis, MO-IL Metro Area",15126,1585,13080,1464,850,245,392,173,551,214,253,144
310M200US41420,41420,"Salem, OR Metro Area",35061,2755,27624,2660,5303,1264,933,337,527,383,674,380
310M200US41500,41500,"Salinas, CA Metro Area",44883,2593,37319,2420,5633,945,1451,406,299,174,181,112
310M200US41540,41540,"Salisbury, MD-DE Metro Area",8198,1460,5937,1165,1013,550,231,180,365,262,652,771
310M200US41620,41620,"Salt Lake City, UT Metro Area",57068,3565,45175,3481,9731,1596,554,189,1255,529,353,161
310M200US41660,41660,"San Angelo, TX Metro Area",5803,966,4386,842,651,224,567,223,146,87,53,57
310M200US41700,41700,"San Antonio-New Braunfels, TX Metro Area",205000,6990,163998,6025,31022,2363,5239,710,2408,603,2333,655
310M200US41740,41740,"San Diego-Carlsbad, CA Metro Area",204317,5233,168570,5257,27562,2290,3399,683,2924,642,1862,401
310M200US41860,41860,"San Francisco-Oakland-Hayward, CA Metro Area",310784,6715,256516,6811,38261,2598,11933,1272,1602,376,2472,446
310M200US41940,41940,"San Jose-Sunnyvale-Santa Clara, CA Metro Area",176419,5487,145874,5110,24751,2651,3860,754,833,391,1101,408
310M200US42020,42020,"San Luis Obispo-Paso Robles-Arroyo Grande, CA Metro Area",16111,1803,12008,1525,2628,770,1324,372,23,25,128,112
310M200US42100,42100,"Santa Cruz-Watsonville, CA Metro Area",22112,1964,19435,1880,1723,452,716,222,68,49,170,110
310M200US42140,42140,"Santa Fe, NM Metro Area",11714,1287,9952,1157,1235,620,317,184,149,87,61,49
310M200US42200,42200,"Santa Maria-Santa Barbara, CA Metro Area",58607,3239,45687,2904,9557,1597,1916,478,662,307,785,341
310M200US42220,42220,"Santa Rosa, CA Metro Area",43764,2705,36687,2543,6163,1385,763,259,106,94,45,50
310M200US42340,42340,"Savannah, GA Metro Area",3714,1037,3173,975,149,130,35,36,317,237,40,34
310M200US42540,42540,"Scranton--Wilkes-Barre--Hazleton, PA Metro Area",9077,981,7175,898,897,297,269,200,604,281,132,93
310M200US42660,42660,"Seattle-Tacoma-Bellevue, WA Metro Area",86819,3980,65412,3496,14891,1670,2418,643,3225,727,873,362
310M200US42680,42680,"Sebastian-Vero Beach, FL Metro Area",1814,572,1567,555,136,108,78,81,19,35,14,34
310M200US42700,42700,"Sebring, FL Metro Area",1653,454,1483,461,101,105,0,32,63,80,6,11
310M200US43100,43100,"Sheboygan, WI Metro Area",1019,431,983,432,36,32,0,22,0,22,0,22
310M200US43300,43300,"Sherman-Denison, TX Metro Area",3931,772,2311,551,1428,689,158,84,28,34,6,10
310M200US43340,43340,"Shreveport-Bossier City, LA Metro Area",5154,759,3876,694,667,409,201,139,303,175,107,117
310M200US43420,43420,"Sierra Vista-Douglas, AZ Metro Area",10250,1165,8250,940,1459,624,243,195,186,144,112,68
310M200US43580,43580,"Sioux City, IA-NE-SD Metro Area",10192,1110,7676,1025,1971,660,140,106,327,233,78,84
310M200US43620,43620,"Sioux Falls, SD Metro Area",3814,585,2791,546,717,400,91,73,148,142,67,62
310M200US43780,43780,"South Bend-Mishawaka, IN-MI Metro Area",6612,1028,5093,794,547,256,256,292,662,670,54,71
310M200US43900,43900,"Spartanburg, SC Metro Area",5877,1156,4514,976,416,232,503,396,330,283,114,78
310M200US44060,44060,"Spokane-Spokane Valley, WA Metro Area",5367,714,3737,626,816,225,310,163,386,367,118,134
310M200US44100,44100,"Springfield, IL Metro Area",1093,323,825,274,121,80,15,28,132,119,0,27
310M200US44140,44140,"Springfield, MA Metro Area",40732,2015,32092,1762,6625,1275,560,187,1037,363,418,212
310M200US44180,44180,"Springfield, MO Metro Area",2946,764,2501,738,186,124,96,70,125,104,38,56
310M200US44220,44220,"Springfield, OH Metro Area",1871,373,944,272,348,162,118,118,455,303,6,12
310M200US44300,44300,"State College, PA Metro Area",808,278,457,179,77,70,266,199,8,14,0,24
310M200US44420,44420,"Staunton-Waynesboro, VA Metro Area",1244,365,1221,366,0,29,9,10,14,17,0,29
310M200US44700,44700,"Stockton-Lodi, CA Metro Area",76985,3722,61156,2975,12310,1890,2710,490,366,320,443,315
310M200US44940,44940,"Sumter, SC Metro Area",1224,426,1110,443,96,97,0,30,0,30,18,33
310M200US45060,45060,"Syracuse, NY Metro Area",5907,707,4080,623,967,256,443,208,133,71,284,237
310M200US45220,45220,"Tallahassee, FL Metro Area",5238,849,3717,690,569,256,901,251,26,28,25,38
310M200US45300,45300,"Tampa-St. Petersburg-Clearwater, FL Metro Area",60602,2746,48857,2529,7514,1030,1364,339,2178,729,689,376
310M200US45460,45460,"Terre Haute, IN Metro Area",909,174,653,168,73,65,93,70,68,59,22,31
310M200US45500,45500,"Texarkana, TX-AR Metro Area",2207,442,1537,400,303,189,164,100,203,217,0,28
310M200US45540,45540,"The Villages, FL Metro Area",810,231,583,210,64,54,21,21,67,60,75,51
310M200US45780,45780,"Toledo, OH Metro Area",10290,884,7168,754,2224,502,501,161,246,138,151,178
310M200US45820,45820,"Topeka, KS Metro Area",5261,727,4276,716,659,240,64,38,253,165,9,18
310M200US45940,45940,"Trenton, NJ Metro Area",21824,1931,18146,1822,1836,497,613,247,705,400,524,336
310M200US46060,46060,"Tucson, AZ Metro Area",76961,3398,59446,3022,14325,1342,1694,405,1118,393,378,159
310M200US46140,46140,"Tulsa, OK Metro Area",22064,1465,18153,1254,2610,602,488,167,488,172,325,149
310M200US46220,46220,"Tuscaloosa, AL Metro Area",1076,483,785,332,232,337,43,55,16,23,0,27
310M200US46340,46340,"Tyler, TX Metro Area",4444,985,3984,873,231,119,147,168,82,97,0,30
310M200US46520,46520,"Urban Honolulu, HI Metro Area",8870,967,6026,827,1030,278,51,60,1392,406,371,147
310M200US46540,46540,"Utica-Rome, NY Metro Area",3780,510,2637,456,694,275,377,107,29,26,43,48
310M200US46660,46660,"Valdosta, GA Metro Area",3713,634,2290,500,659,302,458,251,161,102,145,116
310M200US46700,46700,"Vallejo-Fairfield, CA Metro Area",36263,2289,27620,2065,6251,1452,1635,562,492,318,265,154
310M200US47020,47020,"Victoria, TX Metro Area",6201,891,4642,695,1075,384,466,286,13,21,5,10
310M200US47220,47220,"Vineland-Bridgeton, NJ Metro Area",16776,1477,14243,1502,1673,432,627,287,32,26,201,159
310M200US47260,47260,"Virginia Beach-Norfolk-Newport News, VA-NC Metro Area",17654,1309,13581,1206,1669,373,900,249,1167,332,337,155
310M200US47300,47300,"Visalia-Porterville, CA Metro Area",42369,2655,36805,2325,4199,858,926,264,270,146,169,106
310M200US47380,47380,"Waco, TX Metro Area",10381,1238,9015,1121,951,321,325,145,72,59,18,19
310M200US47460,47460,"Walla Walla, WA Metro Area",2844,554,2301,516,281,181,157,85,85,79,20,23
310M200US47580,47580,"Warner Robins, GA Metro Area",5072,754,4397,747,261,214,271,187,130,112,13,25
310M200US47900,47900,"Washington-Arlington-Alexandria, DC-VA-MD-WV Metro Area",292424,6874,246192,6093,27916,2544,7788,1368,7291,1007,3237,528
310M200US47940,47940,"Waterloo-Cedar Falls, IA Metro Area",1348,355,979,336,328,255,14,17,7,12,20,33
310M200US48060,48060,"Watertown-Fort Drum, NY Metro Area",2131,391,922,299,334,170,163,68,550,248,162,110
310M200US48140,48140,"Wausau, WI Metro Area",398,157,375,158,6,8,9,13,0,22,8,10
310M200US48260,48260,"Weirton-Steubenville, WV-OH Metro Area",143,99,72,85,28,39,29,34,14,17,0,28
310M200US48300,48300,"Wenatchee, WA Metro Area",12525,1260,10420,1245,771,283,862,378,318,197,154,117
310M200US48540,48540,"Wheeling, WV-OH Metro Area",286,117,203,101,6,12,35,26,34,39,8,12
310M200US48620,48620,"Wichita, KS Metro Area",16039,1481,13519,1455,1794,757,438,217,210,219,78,67
310M200US48660,48660,"Wichita Falls, TX Metro Area",3575,576,3161,539,254,146,69,65,82,97,9,10
310M200US48700,48700,"Williamsport, PA Metro Area",393,154,224,119,71,59,9,10,60,55,29,43
310M200US48900,48900,"Wilmington, NC Metro Area",4559,764,3420,786,671,314,300,190,95,79,73,71
310M200US49020,49020,"Winchester, VA-WV Metro Area",1946,513,1589,459,73,63,242,148,20,22,22,33
310M200US49180,49180,"Winston-Salem, NC Metro Area",18852,1937,16463,1911,1734,693,434,331,177,149,44,39
310M200US49340,49340,"Worcester, MA-CT Metro Area",24654,2000,18515,1817,4502,899,820,273,668,356,149,91
310M200US49420,49420,"Yakima, WA Metro Area",38819,2576,29978,2345,7314,1417,513,247,955,567,59,42
310M200US49620,49620,"York-Hanover, PA Metro Area",9226,1086,7040,939,1694,544,226,121,157,90,109,120
310M200US49660,49660,"Youngstown-Warren-Boardman, OH-PA Metro Area",3094,407,2329,352,381,187,44,36,291,129,49,35
310M200US49700,49700,"Yuba City, CA Metro Area",16694,1498,12623,1332,2502,703,1306,442,205,172,58,47
310M200US49740,49740,"Yuma, AZ Metro Area",31766,2230,25388,2049,4439,1151,604,273,1044,301,291,139
