GEO.id,Id
GEO.id2,Id2
GEO.display-label,Geography
HD01_VD01,Estimate; Total:
HD01_VD03,Estimate; Total: - No income
HD01_VD04,Estimate; Total: - With income:
HD01_VD05,"Estimate; Total: - With income: - $1 to $9,999 or loss"
HD01_VD06,"Estimate; Total: - With income: - $10,000 to $14,999"
HD01_VD07,"Estimate; Total: - With income: - $15,000 to $24,999"
HD01_VD08,"Estimate; Total: - With income: - $25,000 to $34,999"
HD01_VD09,"Estimate; Total: - With income: - $35,000 to $49,999"
HD01_VD10,"Estimate; Total: - With income: - $50,000 to $64,999"
HD01_VD11,"Estimate; Total: - With income: - $65,000 to $74,999"
HD01_VD12,"Estimate; Total: - With income: - $75,000 or more"
HD01_VD13,Estimate; Total: - Same house 1 year ago:
HD01_VD14,Estimate; Total: - Same house 1 year ago: - No income
HD01_VD15,Estimate; Total: - Same house 1 year ago: - With income:
HD01_VD16,"Estimate; Total: - Same house 1 year ago: - With income: - $1 to $9,999 or loss"
HD01_VD17,"Estimate; Total: - Same house 1 year ago: - With income: - $10,000 to $14,999"
HD01_VD18,"Estimate; Total: - Same house 1 year ago: - With income: - $15,000 to $24,999"
HD01_VD19,"Estimate; Total: - Same house 1 year ago: - With income: - $25,000 to $34,999"
HD01_VD20,"Estimate; Total: - Same house 1 year ago: - With income: - $35,000 to $49,999"
HD01_VD21,"Estimate; Total: - Same house 1 year ago: - With income: - $50,000 to $64,999"
HD01_VD22,"Estimate; Total: - Same house 1 year ago: - With income: - $65,000 to $74,999"
HD01_VD23,"Estimate; Total: - Same house 1 year ago: - With income: - $75,000 or more"
HD01_VD24,Estimate; Total: - Moved within same county:
HD01_VD25,Estimate; Total: - Moved within same county: - No income
HD01_VD26,Estimate; Total: - Moved within same county: - With income:
HD01_VD27,"Estimate; Total: - Moved within same county: - With income: - $1 to $9,999 or loss"
HD01_VD28,"Estimate; Total: - Moved within same county: - With income: - $10,000 to $14,999"
HD01_VD29,"Estimate; Total: - Moved within same county: - With income: - $15,000 to $24,999"
HD01_VD30,"Estimate; Total: - Moved within same county: - With income: - $25,000 to $34,999"
HD01_VD31,"Estimate; Total: - Moved within same county: - With income: - $35,000 to $49,999"
HD01_VD32,"Estimate; Total: - Moved within same county: - With income: - $50,000 to $64,999"
HD01_VD33,"Estimate; Total: - Moved within same county: - With income: - $65,000 to $74,999"
HD01_VD34,"Estimate; Total: - Moved within same county: - With income: - $75,000 or more"
HD01_VD35,Estimate; Total: - Moved from different county within same state:
HD01_VD36,Estimate; Total: - Moved from different county within same state: - No income
HD01_VD37,Estimate; Total: - Moved from different county within same state: - With income:
HD01_VD38,"Estimate; Total: - Moved from different county within same state: - With income: - $1 to $9,999 or loss"
HD01_VD39,"Estimate; Total: - Moved from different county within same state: - With income: - $10,000 to $14,999"
HD01_VD40,"Estimate; Total: - Moved from different county within same state: - With income: - $15,000 to $24,999"
HD01_VD41,"Estimate; Total: - Moved from different county within same state: - With income: - $25,000 to $34,999"
HD01_VD42,"Estimate; Total: - Moved from different county within same state: - With income: - $35,000 to $49,999"
HD01_VD43,"Estimate; Total: - Moved from different county within same state: - With income: - $50,000 to $64,999"
HD01_VD44,"Estimate; Total: - Moved from different county within same state: - With income: - $65,000 to $74,999"
HD01_VD45,"Estimate; Total: - Moved from different county within same state: - With income: - $75,000 or more"
HD01_VD46,Estimate; Total: - Moved from different state:
HD01_VD47,Estimate; Total: - Moved from different state: - No income
HD01_VD48,Estimate; Total: - Moved from different state: - With income:
HD01_VD49,"Estimate; Total: - Moved from different state: - With income: - $1 to $9,999 or loss"
HD01_VD50,"Estimate; Total: - Moved from different state: - With income: - $10,000 to $14,999"
HD01_VD51,"Estimate; Total: - Moved from different state: - With income: - $15,000 to $24,999"
HD01_VD52,"Estimate; Total: - Moved from different state: - With income: - $25,000 to $34,999"
HD01_VD53,"Estimate; Total: - Moved from different state: - With income: - $35,000 to $49,999"
HD01_VD54,"Estimate; Total: - Moved from different state: - With income: - $50,000 to $64,999"
HD01_VD55,"Estimate; Total: - Moved from different state: - With income: - $65,000 to $74,999"
HD01_VD56,"Estimate; Total: - Moved from different state: - With income: - $75,000 or more"
HD01_VD57,Estimate; Total: - Moved from abroad:
HD01_VD58,Estimate; Total: - Moved from abroad: - No income
HD01_VD59,Estimate; Total: - Moved from abroad: - With income:
HD01_VD60,"Estimate; Total: - Moved from abroad: - With income: - $1 to $9,999 or loss"
HD01_VD61,"Estimate; Total: - Moved from abroad: - With income: - $10,000 to $14,999"
HD01_VD62,"Estimate; Total: - Moved from abroad: - With income: - $15,000 to $24,999"
HD01_VD63,"Estimate; Total: - Moved from abroad: - With income: - $25,000 to $34,999"
HD01_VD64,"Estimate; Total: - Moved from abroad: - With income: - $35,000 to $49,999"
HD01_VD65,"Estimate; Total: - Moved from abroad: - With income: - $50,000 to $64,999"
HD01_VD66,"Estimate; Total: - Moved from abroad: - With income: - $65,000 to $74,999"
HD01_VD67,"Estimate; Total: - Moved from abroad: - With income: - $75,000 or more"
