GEO.id,GEO.id2,GEO.display-label,HD01_VD01,HD01_VD02,HD01_VD03,HD01_VD04,HD01_VD05,HD01_VD06
Id,Id2,Geography,Estimate; Total:,Estimate; Total: - Same house 1 year ago,Estimate; Total: - Moved within same county,Estimate; Total: - Moved from different county within same state,Estimate; Total: - Moved from different state,Estimate; Total: - Moved from abroad
310M200US10180,10180,"Abilene, TX Metro Area",4315,3000,812,285,104,114
310M200US10420,10420,"Akron, OH Metro Area",16584,13067,2082,994,232,209
310M200US10500,10500,"Albany, GA Metro Area",2033,1703,186,109,35,0
310M200US10540,10540,"Albany, OR Metro Area",2804,2348,244,101,82,29
310M200US10580,10580,"Albany-Schenectady-Troy, NY Metro Area",23262,18239,2215,1803,791,214
310M200US10740,10740,"Albuquerque, NM Metro Area",33377,26955,4543,806,997,76
310M200US10780,10780,"Alexandria, LA Metro Area",2420,1884,168,158,210,0
310M200US10900,10900,"Allentown-Bethlehem-Easton, PA-NJ Metro Area",20514,16198,2765,593,826,132
310M200US11020,11020,"Altoona, PA Metro Area",1480,1323,125,1,31,0
310M200US11100,11100,"Amarillo, TX Metro Area",7308,5477,926,502,334,69
310M200US11180,11180,"Ames, IA Metro Area",1882,920,491,290,169,12
310M200US11260,11260,"Anchorage, AK Metro Area",33279,25901,4846,1161,1152,219
310M200US11460,11460,"Ann Arbor, MI Metro Area",14518,10471,2255,1001,629,162
310M200US11500,11500,"Anniston-Oxford-Jacksonville, AL Metro Area",2085,1593,331,74,87,0
310M200US11540,11540,"Appleton, WI Metro Area",4018,3269,249,342,152,6
310M200US11700,11700,"Asheville, NC Metro Area",9656,7856,1289,197,269,45
310M200US12020,12020,"Athens-Clarke County, GA Metro Area",3855,2519,504,698,119,15
310M200US12060,12060,"Atlanta-Sandy Springs-Roswell, GA Metro Area",113547,88024,12308,7058,5229,928
310M200US12100,12100,"Atlantic City-Hammonton, NJ Metro Area",9025,7886,768,112,249,10
310M200US12220,12220,"Auburn-Opelika, AL Metro Area",2121,1833,51,95,142,0
310M200US12260,12260,"Augusta-Richmond County, GA-SC Metro Area",11955,9692,958,360,826,119
310M200US12420,12420,"Austin-Round Rock, TX Metro Area",51793,38477,7304,3735,2027,250
310M200US12540,12540,"Bakersfield, CA Metro Area",28684,22792,4180,1344,243,125
310M200US12580,12580,"Baltimore-Columbia-Towson, MD Metro Area",69639,57949,6519,2653,1900,618
310M200US12620,12620,"Bangor, ME Metro Area",2567,2064,334,124,45,0
310M200US12700,12700,"Barnstable Town, MA Metro Area",3569,3133,162,52,204,18
310M200US12940,12940,"Baton Rouge, LA Metro Area",11516,8700,1800,603,262,151
310M200US12980,12980,"Battle Creek, MI Metro Area",3822,2882,844,96,0,0
310M200US13020,13020,"Bay City, MI Metro Area",2587,1869,543,90,38,47
310M200US13140,13140,"Beaumont-Port Arthur, TX Metro Area",6535,5622,652,208,52,1
310M200US13220,13220,"Beckley, WV Metro Area",1529,1115,328,20,61,5
310M200US13380,13380,"Bellingham, WA Metro Area",7842,6383,1130,180,100,49
310M200US13460,13460,"Bend-Redmond, OR Metro Area",3895,3061,408,80,297,49
310M200US13740,13740,"Billings, MT Metro Area",3543,2699,583,95,141,25
310M200US13780,13780,"Binghamton, NY Metro Area",5194,4327,557,153,98,59
310M200US13820,13820,"Birmingham-Hoover, AL Metro Area",12580,10224,1176,787,366,27
310M200US13900,13900,"Bismarck, ND Metro Area",2394,1917,319,87,65,6
310M200US13980,13980,"Blacksburg-Christiansburg-Radford, VA Metro Area",2658,1659,523,323,124,29
310M200US14010,14010,"Bloomington, IL Metro Area",3951,3120,525,218,66,22
310M200US14020,14020,"Bloomington, IN Metro Area",3941,2853,746,209,99,34
310M200US14100,14100,"Bloomsburg-Berwick, PA Metro Area",663,553,103,0,7,0
310M200US14260,14260,"Boise City, ID Metro Area",16722,12816,1796,959,1076,75
310M200US14460,14460,"Boston-Cambridge-Newton, MA-NH Metro Area",134909,109355,14837,4492,3946,2279
310M200US14500,14500,"Boulder, CO Metro Area",8882,6141,1421,634,643,43
310M200US14540,14540,"Bowling Green, KY Metro Area",2630,1616,558,179,229,48
310M200US14740,14740,"Bremerton-Silverdale, WA Metro Area",15339,11892,2005,397,910,135
310M200US14860,14860,"Bridgeport-Stamford-Norwalk, CT Metro Area",21318,18036,1778,428,697,379
310M200US15180,15180,"Brownsville-Harlingen, TX Metro Area",3940,3592,257,12,63,16
310M200US15260,15260,"Brunswick, GA Metro Area",2338,1855,300,124,47,12
310M200US15380,15380,"Buffalo-Cheektowaga-Niagara Falls, NY Metro Area",23766,19006,3459,476,690,135
310M200US15500,15500,"Burlington, NC Metro Area",4629,3707,575,201,139,7
310M200US15540,15540,"Burlington-South Burlington, VT Metro Area",5065,4207,496,110,223,29
310M200US15680,15680,"California-Lexington Park, MD Metro Area",3438,2645,452,175,149,17
310M200US15940,15940,"Canton-Massillon, OH Metro Area",11401,8408,2203,579,194,17
310M200US15980,15980,"Cape Coral-Fort Myers, FL Metro Area",10076,7553,1431,281,657,154
310M200US16020,16020,"Cape Girardeau, MO-IL Metro Area",1644,1092,239,141,133,39
310M200US16060,16060,"Carbondale-Marion, IL Metro Area",2865,2112,366,170,127,90
310M200US16180,16180,"Carson City, NV Metro Area",1579,1196,278,39,66,0
310M200US16220,16220,"Casper, WY Metro Area",2412,1676,517,42,161,16
310M200US16300,16300,"Cedar Rapids, IA Metro Area",5172,3945,829,147,207,44
310M200US16540,16540,"Chambersburg-Waynesboro, PA Metro Area",1863,1378,383,47,48,7
310M200US16580,16580,"Champaign-Urbana, IL Metro Area",5991,4370,982,405,157,77
310M200US16620,16620,"Charleston, WV Metro Area",10691,8101,2028,278,277,7
310M200US16700,16700,"Charleston-North Charleston, SC Metro Area",16265,12106,1591,1400,1060,108
310M200US16740,16740,"Charlotte-Concord-Gastonia, NC-SC Metro Area",48775,38605,6028,2272,1422,448
310M200US16820,16820,"Charlottesville, VA Metro Area",5651,4047,413,632,306,253
310M200US16860,16860,"Chattanooga, TN-GA Metro Area",10332,8459,1096,409,368,0
310M200US16940,16940,"Cheyenne, WY Metro Area",2969,1913,662,62,332,0
310M200US16980,16980,"Chicago-Naperville-Elgin, IL-IN-WI Metro Area",202986,168809,21371,5825,5434,1547
310M200US17020,17020,"Chico, CA Metro Area",13969,10009,2836,859,226,39
310M200US17140,17140,"Cincinnati, OH-KY-IN Metro Area",39972,31631,5596,1566,1093,86
310M200US17300,17300,"Clarksville, TN-KY Metro Area",10589,7748,1159,125,1411,146
310M200US17420,17420,"Cleveland, TN Metro Area",1937,1587,254,15,81,0
310M200US17460,17460,"Cleveland-Elyria, OH Metro Area",46916,35844,7897,1364,1418,393
310M200US17660,17660,"Coeur d'Alene, ID Metro Area",2912,2303,343,28,225,13
310M200US17780,17780,"College Station-Bryan, TX Metro Area",5423,3172,1161,744,134,212
310M200US17820,17820,"Colorado Springs, CO Metro Area",35143,24766,6064,931,2859,523
310M200US17860,17860,"Columbia, MO Metro Area",6078,3699,1399,643,313,24
310M200US17900,17900,"Columbia, SC Metro Area",16846,12906,1578,792,1415,155
310M200US17980,17980,"Columbus, GA-AL Metro Area",9375,6792,1131,388,834,230
310M200US18020,18020,"Columbus, IN Metro Area",1207,1027,63,97,20,0
310M200US18140,18140,"Columbus, OH Metro Area",54141,41295,8358,2790,1419,279
310M200US18580,18580,"Corpus Christi, TX Metro Area",9137,7067,1332,523,126,89
310M200US18700,18700,"Corvallis, OR Metro Area",2612,1905,243,241,212,11
310M200US18880,18880,"Crestview-Fort Walton Beach-Destin, FL Metro Area",9364,7846,905,166,431,16
310M200US19060,19060,"Cumberland, MD-WV Metro Area",1824,1516,141,111,56,0
310M200US19100,19100,"Dallas-Fort Worth-Arlington, TX Metro Area",178926,139970,22063,9354,5532,2007
310M200US19140,19140,"Dalton, GA Metro Area",2861,2261,368,142,86,4
310M200US19180,19180,"Danville, IL Metro Area",1053,878,86,48,9,32
310M200US19300,19300,"Daphne-Fairhope-Foley, AL Metro Area",3318,2406,518,267,89,38
310M200US19340,19340,"Davenport-Moline-Rock Island, IA-IL Metro Area",9561,7761,1015,153,541,91
310M200US19380,19380,"Dayton, OH Metro Area",19498,15713,2692,532,379,182
310M200US19460,19460,"Decatur, AL Metro Area",4308,3494,462,229,99,24
310M200US19500,19500,"Decatur, IL Metro Area",4367,3232,864,120,145,6
310M200US19660,19660,"Deltona-Daytona Beach-Ormond Beach, FL Metro Area",11705,9814,947,278,455,211
310M200US19740,19740,"Denver-Aurora-Lakewood, CO Metro Area",89073,69052,9237,7396,2833,555
310M200US19780,19780,"Des Moines-West Des Moines, IA Metro Area",13300,9498,2143,789,771,99
310M200US19820,19820,"Detroit-Warren-Dearborn, MI Metro Area",96167,79570,11726,3377,959,535
310M200US20020,20020,"Dothan, AL Metro Area",2346,1894,249,88,113,2
310M200US20100,20100,"Dover, DE Metro Area",6465,4648,1234,50,428,105
310M200US20220,20220,"Dubuque, IA Metro Area",2547,1937,319,50,237,4
310M200US20260,20260,"Duluth, MN-WI Metro Area",6566,4791,1272,258,210,35
310M200US20500,20500,"Durham-Chapel Hill, NC Metro Area",13841,10518,1338,839,909,237
310M200US20700,20700,"East Stroudsburg, PA Metro Area",4326,3970,115,157,84,0
310M200US20740,20740,"Eau Claire, WI Metro Area",3035,2251,311,403,70,0
310M200US20940,20940,"El Centro, CA Metro Area",8175,6349,1299,403,59,65
310M200US21060,21060,"Elizabethtown-Fort Knox, KY Metro Area",5112,3099,957,280,659,117
310M200US21140,21140,"Elkhart-Goshen, IN Metro Area",5215,4021,950,178,32,34
310M200US21300,21300,"Elmira, NY Metro Area",3041,2497,491,31,22,0
310M200US21340,21340,"El Paso, TX Metro Area",17519,13765,2021,300,984,449
310M200US21500,21500,"Erie, PA Metro Area",6366,5219,958,43,145,1
310M200US21660,21660,"Eugene, OR Metro Area",15238,11473,2489,343,517,416
310M200US21780,21780,"Evansville, IN-KY Metro Area",6413,4956,893,234,299,31
310M200US21820,21820,"Fairbanks, AK Metro Area",7390,5305,1316,213,534,22
310M200US22020,22020,"Fargo, ND-MN Metro Area",5036,3742,674,199,273,148
310M200US22140,22140,"Farmington, NM Metro Area",4019,3329,502,76,69,43
310M200US22180,22180,"Fayetteville, NC Metro Area",19313,14109,2381,931,1409,483
310M200US22220,22220,"Fayetteville-Springdale-Rogers, AR-MO Metro Area",12730,9524,1859,622,637,88
310M200US22380,22380,"Flagstaff, AZ Metro Area",4686,3335,600,437,285,29
310M200US22420,22420,"Flint, MI Metro Area",11770,9654,1696,204,190,26
310M200US22500,22500,"Florence, SC Metro Area",3319,2207,743,84,285,0
310M200US22520,22520,"Florence-Muscle Shoals, AL Metro Area",2347,1972,123,108,38,106
310M200US22540,22540,"Fond du Lac, WI Metro Area",1669,1297,209,76,87,0
310M200US22660,22660,"Fort Collins, CO Metro Area",9148,6469,1399,566,524,190
310M200US22900,22900,"Fort Smith, AR-OK Metro Area",18045,14691,1996,727,626,5
310M200US23060,23060,"Fort Wayne, IN Metro Area",11381,8677,1887,454,285,78
310M200US23420,23420,"Fresno, CA Metro Area",38497,31228,5617,1218,302,132
310M200US23460,23460,"Gadsden, AL Metro Area",1372,946,217,130,79,0
310M200US23540,23540,"Gainesville, FL Metro Area",7799,5281,1477,763,177,101
310M200US23580,23580,"Gainesville, GA Metro Area",3371,2925,236,162,48,0
310M200US23900,23900,"Gettysburg, PA Metro Area",1983,1516,413,18,36,0
310M200US24020,24020,"Glens Falls, NY Metro Area",1518,1107,163,204,38,6
310M200US24140,24140,"Goldsboro, NC Metro Area",3690,2607,725,209,143,6
310M200US24220,24220,"Grand Forks, ND-MN Metro Area",2368,1708,146,54,448,12
310M200US24260,24260,"Grand Island, NE Metro Area",867,724,113,20,10,0
310M200US24300,24300,"Grand Junction, CO Metro Area",3846,3014,400,209,170,53
310M200US24340,24340,"Grand Rapids-Wyoming, MI Metro Area",27395,20124,4992,1666,506,107
310M200US24420,24420,"Grants Pass, OR Metro Area",2326,1890,308,42,51,35
310M200US24500,24500,"Great Falls, MT Metro Area",2787,1950,607,62,168,0
310M200US24540,24540,"Greeley, CO Metro Area",7143,5659,761,344,339,40
310M200US24580,24580,"Green Bay, WI Metro Area",7460,5564,1518,229,74,75
310M200US24660,24660,"Greensboro-High Point, NC Metro Area",14830,11845,1845,544,530,66
310M200US24780,24780,"Greenville, NC Metro Area",3657,2713,423,391,113,17
310M200US24860,24860,"Greenville-Anderson-Mauldin, SC Metro Area",13976,11730,1098,744,304,100
310M200US25060,25060,"Gulfport-Biloxi-Pascagoula, MS Metro Area",8582,6952,917,186,462,65
310M200US25180,25180,"Hagerstown-Martinsburg, MD-WV Metro Area",7319,5708,955,239,404,13
310M200US25220,25220,"Hammond, LA Metro Area",1895,1612,63,157,63,0
310M200US25260,25260,"Hanford-Corcoran, CA Metro Area",6394,4594,931,659,128,82
310M200US25420,25420,"Harrisburg-Carlisle, PA Metro Area",14752,10858,2550,961,279,104
310M200US25500,25500,"Harrisonburg, VA Metro Area",2459,1986,93,214,115,51
310M200US25540,25540,"Hartford-West Hartford-East Hartford, CT Metro Area",34817,28288,4217,941,1187,184
310M200US25620,25620,"Hattiesburg, MS Metro Area",1786,1169,92,193,296,36
310M200US25860,25860,"Hickory-Lenoir-Morganton, NC Metro Area",6213,4873,1007,187,105,41
310M200US25940,25940,"Hilton Head Island-Bluffton-Beaufort, SC Metro Area",4054,2836,453,57,697,11
310M200US25980,25980,"Hinesville, GA Metro Area",3296,2561,192,227,173,143
310M200US26140,26140,"Homosassa Springs, FL Metro Area",1725,1462,119,28,73,43
310M200US26300,26300,"Hot Springs, AR Metro Area",1843,1298,443,102,0,0
310M200US26380,26380,"Houma-Thibodaux, LA Metro Area",4501,3453,710,298,33,7
310M200US26420,26420,"Houston-The Woodlands-Sugar Land, TX Metro Area",129335,104151,15685,4677,3040,1782
310M200US26580,26580,"Huntington-Ashland, WV-KY-OH Metro Area",6257,5119,580,301,257,0
310M200US26620,26620,"Huntsville, AL Metro Area",11072,9131,1153,272,361,155
310M200US26820,26820,"Idaho Falls, ID Metro Area",3619,2857,509,168,76,9
310M200US26900,26900,"Indianapolis-Carmel-Anderson, IN Metro Area",43568,35469,5268,1653,779,399
310M200US26980,26980,"Iowa City, IA Metro Area",3223,2373,463,179,185,23
310M200US27060,27060,"Ithaca, NY Metro Area",2905,2063,400,83,314,45
310M200US27100,27100,"Jackson, MI Metro Area",3480,2802,389,260,29,0
310M200US27140,27140,"Jackson, MS Metro Area",4677,3748,531,107,280,11
310M200US27180,27180,"Jackson, TN Metro Area",1689,1437,141,55,55,1
310M200US27260,27260,"Jacksonville, FL Metro Area",38336,29638,5331,1648,1446,273
310M200US27340,27340,"Jacksonville, NC Metro Area",6863,4992,1094,41,547,189
310M200US27500,27500,"Janesville-Beloit, WI Metro Area",5827,4231,1289,92,215,0
310M200US27620,27620,"Jefferson City, MO Metro Area",2552,1931,460,154,7,0
310M200US27740,27740,"Johnson City, TN Metro Area",3204,2235,535,228,203,3
310M200US27780,27780,"Johnstown, PA Metro Area",2199,1621,453,57,49,19
310M200US27860,27860,"Jonesboro, AR Metro Area",1754,1144,395,88,122,5
310M200US27900,27900,"Joplin, MO Metro Area",5047,4085,788,70,92,12
310M200US27980,27980,"Kahului-Wailuku-Lahaina, HI Metro Area",41487,34096,6397,460,427,107
310M200US28020,28020,"Kalamazoo-Portage, MI Metro Area",10293,7783,1708,742,49,11
310M200US28100,28100,"Kankakee, IL Metro Area",2435,2043,301,57,23,11
310M200US28140,28140,"Kansas City, MO-KS Metro Area",57776,44793,7915,1896,2993,179
310M200US28420,28420,"Kennewick-Richland, WA Metro Area",8232,6625,858,543,120,86
310M200US28660,28660,"Killeen-Temple, TX Metro Area",20180,15559,2345,807,1169,300
310M200US28700,28700,"Kingsport-Bristol-Bristol, TN-VA Metro Area",4005,3255,511,113,126,0
310M200US28740,28740,"Kingston, NY Metro Area",6418,5050,704,553,35,76
310M200US28940,28940,"Knoxville, TN Metro Area",14108,11048,1771,640,639,10
310M200US29020,29020,"Kokomo, IN Metro Area",1837,1356,260,211,6,4
310M200US29100,29100,"La Crosse-Onalaska, WI-MN Metro Area",2157,1663,344,82,68,0
310M200US29180,29180,"Lafayette, LA Metro Area",8733,6803,672,888,370,0
310M200US29200,29200,"Lafayette-West Lafayette, IN Metro Area",3919,2741,573,300,199,106
310M200US29340,29340,"Lake Charles, LA Metro Area",3620,2811,545,60,165,39
310M200US29420,29420,"Lake Havasu City-Kingman, AZ Metro Area",6988,5165,1004,258,561,0
310M200US29460,29460,"Lakeland-Winter Haven, FL Metro Area",12950,10128,1919,415,407,81
310M200US29540,29540,"Lancaster, PA Metro Area",9586,8130,822,163,282,189
310M200US29620,29620,"Lansing-East Lansing, MI Metro Area",18892,13530,3199,1523,410,230
310M200US29700,29700,"Laredo, TX Metro Area",1535,1225,258,18,23,11
310M200US29740,29740,"Las Cruces, NM Metro Area",4143,3475,412,39,207,10
310M200US29820,29820,"Las Vegas-Henderson-Paradise, NV Metro Area",88157,63398,18736,246,5225,552
310M200US29940,29940,"Lawrence, KS Metro Area",5093,3125,1226,390,344,8
310M200US30020,30020,"Lawton, OK Metro Area",11017,7776,1815,388,880,158
310M200US30140,30140,"Lebanon, PA Metro Area",3095,2664,316,28,34,53
310M200US30300,30300,"Lewiston, ID-WA Metro Area",1551,1129,152,61,207,2
310M200US30340,30340,"Lewiston-Auburn, ME Metro Area",4697,3228,1040,269,138,22
310M200US30460,30460,"Lexington-Fayette, KY Metro Area",11213,8115,1916,563,499,120
310M200US30620,30620,"Lima, OH Metro Area",2989,1826,976,87,100,0
310M200US30700,30700,"Lincoln, NE Metro Area",7631,5486,1317,315,451,62
310M200US30780,30780,"Little Rock-North Little Rock-Conway, AR Metro Area",12748,10859,896,525,390,78
310M200US30860,30860,"Logan, UT-ID Metro Area",2489,2096,307,47,32,7
310M200US30980,30980,"Longview, TX Metro Area",3182,2249,607,241,85,0
310M200US31020,31020,"Longview, WA Metro Area",4185,2975,938,185,87,0
310M200US31080,31080,"Los Angeles-Long Beach-Anaheim, CA Metro Area",484990,402095,61025,11854,6581,3435
310M200US31140,31140,"Louisville/Jefferson County, KY-IN Metro Area",29954,24967,3376,777,667,167
310M200US31180,31180,"Lubbock, TX Metro Area",8685,5887,1739,744,232,83
310M200US31340,31340,"Lynchburg, VA Metro Area",5578,4613,340,505,118,2
310M200US31420,31420,"Macon, GA Metro Area",3328,2767,261,202,63,35
310M200US31460,31460,"Madera, CA Metro Area",4998,4113,477,351,12,45
310M200US31540,31540,"Madison, WI Metro Area",14548,10144,3129,563,564,148
310M200US31700,31700,"Manchester-Nashua, NH Metro Area",8630,6815,1311,167,262,75
310M200US31740,31740,"Manhattan, KS Metro Area",3174,2306,294,166,314,94
310M200US31860,31860,"Mankato-North Mankato, MN Metro Area",1499,1030,281,139,49,0
310M200US31900,31900,"Mansfield, OH Metro Area",3691,2535,820,304,27,5
310M200US32580,32580,"McAllen-Edinburg-Mission, TX Metro Area",6083,5175,530,166,129,83
310M200US32780,32780,"Medford, OR Metro Area",8090,5996,1346,215,529,4
310M200US32820,32820,"Memphis, TN-MS-AR Metro Area",21501,15794,4183,458,943,123
310M200US32900,32900,"Merced, CA Metro Area",10063,8453,1155,324,112,19
310M200US33100,33100,"Miami-Fort Lauderdale-West Palm Beach, FL Metro Area",107943,87004,13698,2510,3037,1694
310M200US33140,33140,"Michigan City-La Porte, IN Metro Area",2633,2029,436,146,22,0
310M200US33220,33220,"Midland, MI Metro Area",1216,951,169,73,23,0
310M200US33260,33260,"Midland, TX Metro Area",2665,2228,266,106,65,0
310M200US33340,33340,"Milwaukee-Waukesha-West Allis, WI Metro Area",39087,29832,6884,1248,919,204
310M200US33460,33460,"Minneapolis-St. Paul-Bloomington, MN-WI Metro Area",99680,77829,13219,6052,2105,475
310M200US33540,33540,"Missoula, MT Metro Area",3350,2620,432,177,121,0
310M200US33660,33660,"Mobile, AL Metro Area",6342,5156,955,58,99,74
310M200US33700,33700,"Modesto, CA Metro Area",22940,18243,3446,981,196,74
310M200US33740,33740,"Monroe, LA Metro Area",1679,1424,137,101,17,0
310M200US33780,33780,"Monroe, MI Metro Area",2102,1755,190,77,80,0
310M200US33860,33860,"Montgomery, AL Metro Area",5123,3695,666,279,329,154
310M200US34060,34060,"Morgantown, WV Metro Area",2268,1655,402,58,136,17
310M200US34100,34100,"Morristown, TN Metro Area",2100,1824,59,155,62,0
310M200US34580,34580,"Mount Vernon-Anacortes, WA Metro Area",3917,2999,514,304,74,26
310M200US34620,34620,"Muncie, IN Metro Area",4234,2234,1211,536,231,22
310M200US34740,34740,"Muskegon, MI Metro Area",6210,4877,1015,192,120,6
310M200US34820,34820,"Myrtle Beach-Conway-North Myrtle Beach, SC-NC Metro Area",6982,5019,1331,301,261,70
310M200US34900,34900,"Napa, CA Metro Area",4793,4036,538,131,60,28
310M200US34940,34940,"Naples-Immokalee-Marco Island, FL Metro Area",4121,3224,592,104,201,0
310M200US34980,34980,"Nashville-Davidson--Murfreesboro--Franklin, TN Metro Area",32828,25181,4394,1228,1464,561
310M200US35100,35100,"New Bern, NC Metro Area",3709,2734,336,212,410,17
310M200US35300,35300,"New Haven-Milford, CT Metro Area",21195,16666,3024,435,705,365
310M200US35380,35380,"New Orleans-Metairie, LA Metro Area",20005,15753,2342,779,859,272
310M200US35620,35620,"New York-Newark-Jersey City, NY-NJ-PA Metro Area",542563,478835,36855,12782,8317,5774
310M200US35660,35660,"Niles-Benton Harbor, MI Metro Area",3870,2944,679,72,154,21
310M200US35840,35840,"North Port-Sarasota-Bradenton, FL Metro Area",11524,9465,1214,236,429,180
310M200US35980,35980,"Norwich-New London, CT Metro Area",11821,8933,1552,535,795,6
310M200US36100,36100,"Ocala, FL Metro Area",7309,6229,831,131,77,41
310M200US36140,36140,"Ocean City, NJ Metro Area",1365,1264,44,0,57,0
310M200US36220,36220,"Odessa, TX Metro Area",4582,3088,1001,182,218,93
310M200US36260,36260,"Ogden-Clearfield, UT Metro Area",16122,13021,1837,653,503,108
310M200US36420,36420,"Oklahoma City, OK Metro Area",79199,60492,11455,4383,2615,254
310M200US36500,36500,"Olympia-Tumwater, WA Metro Area",12315,9587,1273,701,683,71
310M200US36540,36540,"Omaha-Council Bluffs, NE-IA Metro Area",23006,17496,3660,920,804,126
310M200US36740,36740,"Orlando-Kissimmee-Sanford, FL Metro Area",64745,52011,6658,2919,2107,1050
310M200US36780,36780,"Oshkosh-Neenah, WI Metro Area",2939,2453,341,115,30,0
310M200US36980,36980,"Owensboro, KY Metro Area",2181,1862,164,155,0,0
310M200US37100,37100,"Oxnard-Thousand Oaks-Ventura, CA Metro Area",33772,28652,3316,939,718,147
310M200US37340,37340,"Palm Bay-Melbourne-Titusville, FL Metro Area",14376,11356,1727,192,855,246
310M200US37460,37460,"Panama City, FL Metro Area",6861,5427,869,189,317,59
310M200US37620,37620,"Parkersburg-Vienna, WV Metro Area",1422,1087,150,17,164,4
310M200US37860,37860,"Pensacola-Ferry Pass-Brent, FL Metro Area",18806,12831,3261,689,1896,129
310M200US37900,37900,"Peoria, IL Metro Area",7525,5789,1163,477,96,0
310M200US37980,37980,"Philadelphia-Camden-Wilmington, PA-NJ-DE-MD Metro Area",136077,115874,12014,3515,3534,1140
310M200US38060,38060,"Phoenix-Mesa-Scottsdale, AZ Metro Area",124860,95459,20417,2776,5327,881
310M200US38220,38220,"Pine Bluff, AR Metro Area",1205,1047,72,80,6,0
310M200US38300,38300,"Pittsburgh, PA Metro Area",43810,34730,5819,1444,1344,473
310M200US38340,38340,"Pittsfield, MA Metro Area",3031,2492,335,28,168,8
310M200US38540,38540,"Pocatello, ID Metro Area",2325,1826,277,85,81,56
310M200US38860,38860,"Portland-South Portland, ME Metro Area",9196,7573,959,463,152,49
310M200US38900,38900,"Portland-Vancouver-Hillsboro, OR-WA Metro Area",91397,71890,10136,3670,5194,507
310M200US38940,38940,"Port St. Lucie, FL Metro Area",10698,8614,1151,508,410,15
310M200US39140,39140,"Prescott, AZ Metro Area",4583,3750,280,202,342,9
310M200US39300,39300,"Providence-Warwick, RI-MA Metro Area",42551,34041,5484,1149,1419,458
310M200US39340,39340,"Provo-Orem, UT Metro Area",13185,9583,2118,517,631,336
310M200US39380,39380,"Pueblo, CO Metro Area",6914,5127,1369,341,77,0
310M200US39460,39460,"Punta Gorda, FL Metro Area",2544,1999,361,83,94,7
310M200US39540,39540,"Racine, WI Metro Area",5205,4544,431,164,66,0
310M200US39580,39580,"Raleigh, NC Metro Area",26029,21261,2969,622,883,294
310M200US39660,39660,"Rapid City, SD Metro Area",6495,4685,1323,320,124,43
310M200US39740,39740,"Reading, PA Metro Area",14087,11343,2046,341,270,87
310M200US39820,39820,"Redding, CA Metro Area",7993,6540,877,359,202,15
310M200US39900,39900,"Reno, NV Metro Area",15799,12272,2145,545,775,62
310M200US40060,40060,"Richmond, VA Metro Area",30085,23638,2632,2587,955,273
310M200US40140,40140,"Riverside-San Bernardino-Ontario, CA Metro Area",182906,146165,22209,9374,4213,945
310M200US40220,40220,"Roanoke, VA Metro Area",6618,5044,713,687,153,21
310M200US40340,40340,"Rochester, MN Metro Area",4155,3395,405,173,110,72
310M200US40380,40380,"Rochester, NY Metro Area",24443,19324,3739,765,456,159
310M200US40420,40420,"Rockford, IL Metro Area",8882,6676,1686,239,197,84
310M200US40580,40580,"Rocky Mount, NC Metro Area",2911,2232,127,424,128,0
310M200US40660,40660,"Rome, GA Metro Area",1489,1091,324,54,20,0
310M200US40900,40900,"Sacramento--Roseville--Arden-Arcade, CA Metro Area",125417,97692,20412,5266,1379,668
310M200US40980,40980,"Saginaw, MI Metro Area",5350,4461,615,118,123,33
310M200US41060,41060,"St. Cloud, MN Metro Area",2655,1813,414,313,115,0
310M200US41100,41100,"St. George, UT Metro Area",2724,2078,317,25,304,0
310M200US41140,41140,"St. Joseph, MO-KS Metro Area",3849,2739,597,388,119,6
310M200US41180,41180,"St. Louis, MO-IL Metro Area",57919,46907,5918,2559,1923,612
310M200US41420,41420,"Salem, OR Metro Area",18728,13915,2913,1212,645,43
310M200US41500,41500,"Salinas, CA Metro Area",15233,12303,1468,878,482,102
310M200US41540,41540,"Salisbury, MD-DE Metro Area",8307,6945,709,185,444,24
310M200US41620,41620,"Salt Lake City, UT Metro Area",28661,23069,3558,440,1318,276
310M200US41660,41660,"San Angelo, TX Metro Area",2673,2011,288,191,183,0
310M200US41700,41700,"San Antonio-New Braunfels, TX Metro Area",65315,52246,7222,2699,2342,806
310M200US41740,41740,"San Diego-Carlsbad, CA Metro Area",149893,120323,20580,3102,4361,1527
310M200US41860,41860,"San Francisco-Oakland-Hayward, CA Metro Area",234140,194859,22608,11810,3481,1382
310M200US41940,41940,"San Jose-Sunnyvale-Santa Clara, CA Metro Area",83380,69174,9280,2595,1295,1036
310M200US42020,42020,"San Luis Obispo-Paso Robles-Arroyo Grande, CA Metro Area",8683,6174,1730,558,116,105
310M200US42100,42100,"Santa Cruz-Watsonville, CA Metro Area",10921,8733,1153,882,116,37
310M200US42140,42140,"Santa Fe, NM Metro Area",3909,3207,350,133,201,18
310M200US42200,42200,"Santa Maria-Santa Barbara, CA Metro Area",17301,12408,3116,1104,472,201
310M200US42220,42220,"Santa Rosa, CA Metro Area",19495,16161,2191,855,187,101
310M200US42340,42340,"Savannah, GA Metro Area",7259,5119,1056,330,599,155
310M200US42540,42540,"Scranton--Wilkes-Barre--Hazleton, PA Metro Area",7727,6477,574,252,337,87
310M200US42660,42660,"Seattle-Tacoma-Bellevue, WA Metro Area",198241,153666,29059,6560,7628,1328
310M200US42680,42680,"Sebastian-Vero Beach, FL Metro Area",2406,1610,581,123,92,0
310M200US42700,42700,"Sebring, FL Metro Area",1567,1345,210,0,12,0
310M200US43100,43100,"Sheboygan, WI Metro Area",2041,1560,233,192,39,17
310M200US43300,43300,"Sherman-Denison, TX Metro Area",3443,2518,576,152,137,60
310M200US43340,43340,"Shreveport-Bossier City, LA Metro Area",6748,5504,613,279,288,64
310M200US43420,43420,"Sierra Vista-Douglas, AZ Metro Area",7028,5295,839,337,526,31
310M200US43580,43580,"Sioux City, IA-NE-SD Metro Area",3715,3111,393,59,112,40
310M200US43620,43620,"Sioux Falls, SD Metro Area",4368,3417,598,158,121,74
310M200US43780,43780,"South Bend-Mishawaka, IN-MI Metro Area",9109,7268,1219,250,278,94
310M200US43900,43900,"Spartanburg, SC Metro Area",5893,4373,899,254,36,331
310M200US44060,44060,"Spokane-Spokane Valley, WA Metro Area",19850,15675,2641,734,659,141
310M200US44100,44100,"Springfield, IL Metro Area",3762,2905,725,81,23,28
310M200US44140,44140,"Springfield, MA Metro Area",13826,11233,1786,275,300,232
310M200US44180,44180,"Springfield, MO Metro Area",10527,8001,1469,505,514,38
310M200US44220,44220,"Springfield, OH Metro Area",3754,2757,832,101,64,0
310M200US44300,44300,"State College, PA Metro Area",2405,1466,220,250,149,320
310M200US44420,44420,"Staunton-Waynesboro, VA Metro Area",2196,1819,185,49,138,5
310M200US44700,44700,"Stockton-Lodi, CA Metro Area",50843,39629,7898,2805,301,210
310M200US44940,44940,"Sumter, SC Metro Area",2267,1803,337,32,95,0
310M200US45060,45060,"Syracuse, NY Metro Area",16216,12911,2371,440,397,97
310M200US45220,45220,"Tallahassee, FL Metro Area",6923,4737,1345,434,352,55
310M200US45300,45300,"Tampa-St. Petersburg-Clearwater, FL Metro Area",72619,57995,9248,2549,1930,897
310M200US45460,45460,"Terre Haute, IN Metro Area",3603,2545,501,252,293,12
310M200US45500,45500,"Texarkana, TX-AR Metro Area",3095,2401,350,232,105,7
310M200US45540,45540,"The Villages, FL Metro Area",1112,744,101,133,109,25
310M200US45780,45780,"Toledo, OH Metro Area",19403,15038,3220,504,544,97
310M200US45820,45820,"Topeka, KS Metro Area",10588,7836,1753,555,402,42
310M200US45940,45940,"Trenton, NJ Metro Area",7309,6144,431,287,383,64
310M200US46060,46060,"Tucson, AZ Metro Area",33341,24661,5809,697,1952,222
310M200US46140,46140,"Tulsa, OK Metro Area",74144,59328,9174,3910,1579,153
310M200US46220,46220,"Tuscaloosa, AL Metro Area",1946,1530,236,76,104,0
310M200US46340,46340,"Tyler, TX Metro Area",3048,2135,446,279,176,12
310M200US46520,46520,"Urban Honolulu, HI Metro Area",212608,181583,23091,1364,5521,1049
310M200US46540,46540,"Utica-Rome, NY Metro Area",6630,4914,1164,468,75,9
310M200US46660,46660,"Valdosta, GA Metro Area",3357,2456,457,148,281,15
310M200US46700,46700,"Vallejo-Fairfield, CA Metro Area",28626,23625,3481,1062,331,127
310M200US47020,47020,"Victoria, TX Metro Area",3111,2419,535,130,27,0
310M200US47220,47220,"Vineland-Bridgeton, NJ Metro Area",5692,4625,667,278,85,37
310M200US47260,47260,"Virginia Beach-Norfolk-Newport News, VA-NC Metro Area",58521,44434,6666,3546,3307,568
310M200US47300,47300,"Visalia-Porterville, CA Metro Area",15239,12556,2303,147,222,11
310M200US47380,47380,"Waco, TX Metro Area",5102,4054,555,427,37,29
310M200US47460,47460,"Walla Walla, WA Metro Area",2041,1466,270,146,127,32
310M200US47580,47580,"Warner Robins, GA Metro Area",4474,3721,352,103,179,119
310M200US47900,47900,"Washington-Arlington-Alexandria, DC-VA-MD-WV Metro Area",209028,172476,16049,8055,8967,3481
310M200US47940,47940,"Waterloo-Cedar Falls, IA Metro Area",2954,2313,322,242,70,7
310M200US48060,48060,"Watertown-Fort Drum, NY Metro Area",4523,2380,772,185,927,259
310M200US48140,48140,"Wausau, WI Metro Area",2344,1386,851,56,51,0
310M200US48260,48260,"Weirton-Steubenville, WV-OH Metro Area",1984,1606,209,116,53,0
310M200US48300,48300,"Wenatchee, WA Metro Area",2785,2216,401,148,20,0
310M200US48540,48540,"Wheeling, WV-OH Metro Area",2005,1486,375,70,63,11
310M200US48620,48620,"Wichita, KS Metro Area",22682,18990,2826,424,260,182
310M200US48660,48660,"Wichita Falls, TX Metro Area",4390,3401,659,95,197,38
310M200US48700,48700,"Williamsport, PA Metro Area",2027,1598,340,50,23,16
310M200US48900,48900,"Wilmington, NC Metro Area",4513,3295,640,362,172,44
310M200US49020,49020,"Winchester, VA-WV Metro Area",2394,1895,200,171,102,26
310M200US49180,49180,"Winston-Salem, NC Metro Area",9175,7139,1006,543,458,29
310M200US49340,49340,"Worcester, MA-CT Metro Area",23927,19434,2980,822,522,169
310M200US49420,49420,"Yakima, WA Metro Area",8147,6867,985,125,136,34
310M200US49620,49620,"York-Hanover, PA Metro Area",9872,7716,1630,296,216,14
310M200US49660,49660,"Youngstown-Warren-Boardman, OH-PA Metro Area",10731,8520,1418,337,451,5
310M200US49700,49700,"Yuba City, CA Metro Area",10729,7908,1890,684,165,82
310M200US49740,49740,"Yuma, AZ Metro Area",4870,3806,491,125,296,152
