GEO.id,GEO.id2,GEO.display-label,HD01_VD01,HD01_VD02,HD01_VD03,HD01_VD04,HD01_VD05,HD01_VD06
Id,Id2,Geography,Estimate; Total:,Estimate; Total: - Same house 1 year ago,Estimate; Total: - Moved within same county,Estimate; Total: - Moved from different county within same state,Estimate; Total: - Moved from different state,Estimate; Total: - Moved from abroad
310M200US10180,10180,"Abilene, TX Metro Area",108,61,0,47,0,0
310M200US10420,10420,"Akron, OH Metro Area",122,109,0,13,0,0
310M200US10500,10500,"Albany, GA Metro Area",11,11,0,0,0,0
310M200US10540,10540,"Albany, OR Metro Area",254,34,198,22,0,0
310M200US10580,10580,"Albany-Schenectady-Troy, NY Metro Area",299,286,13,0,0,0
310M200US10740,10740,"Albuquerque, NM Metro Area",739,450,103,60,126,0
310M200US10780,10780,"Alexandria, LA Metro Area",78,78,0,0,0,0
310M200US10900,10900,"Allentown-Bethlehem-Easton, PA-NJ Metro Area",37,35,0,0,2,0
310M200US11020,11020,"Altoona, PA Metro Area",0,0,0,0,0,0
310M200US11100,11100,"Amarillo, TX Metro Area",151,126,7,1,9,8
310M200US11180,11180,"Ames, IA Metro Area",10,10,0,0,0,0
310M200US11260,11260,"Anchorage, AK Metro Area",6204,3865,1891,32,389,27
310M200US11460,11460,"Ann Arbor, MI Metro Area",7,7,0,0,0,0
310M200US11500,11500,"Anniston-Oxford-Jacksonville, AL Metro Area",24,24,0,0,0,0
310M200US11540,11540,"Appleton, WI Metro Area",17,5,12,0,0,0
310M200US11700,11700,"Asheville, NC Metro Area",192,172,0,0,20,0
310M200US12020,12020,"Athens-Clarke County, GA Metro Area",8,8,0,0,0,0
310M200US12060,12060,"Atlanta-Sandy Springs-Roswell, GA Metro Area",2252,1856,226,63,60,47
310M200US12100,12100,"Atlantic City-Hammonton, NJ Metro Area",164,164,0,0,0,0
310M200US12220,12220,"Auburn-Opelika, AL Metro Area",46,0,19,27,0,0
310M200US12260,12260,"Augusta-Richmond County, GA-SC Metro Area",524,239,1,72,212,0
310M200US12420,12420,"Austin-Round Rock, TX Metro Area",967,627,143,117,34,46
310M200US12540,12540,"Bakersfield, CA Metro Area",1147,597,474,71,0,5
310M200US12580,12580,"Baltimore-Columbia-Towson, MD Metro Area",1337,1241,46,14,19,17
310M200US12620,12620,"Bangor, ME Metro Area",0,0,0,0,0,0
310M200US12700,12700,"Barnstable Town, MA Metro Area",3,3,0,0,0,0
310M200US12940,12940,"Baton Rouge, LA Metro Area",196,196,0,0,0,0
310M200US12980,12980,"Battle Creek, MI Metro Area",12,0,12,0,0,0
310M200US13020,13020,"Bay City, MI Metro Area",38,16,22,0,0,0
310M200US13140,13140,"Beaumont-Port Arthur, TX Metro Area",153,126,21,0,6,0
310M200US13220,13220,"Beckley, WV Metro Area",75,20,21,0,34,0
310M200US13380,13380,"Bellingham, WA Metro Area",430,255,85,80,10,0
310M200US13460,13460,"Bend-Redmond, OR Metro Area",278,184,23,0,71,0
310M200US13740,13740,"Billings, MT Metro Area",79,73,6,0,0,0
310M200US13780,13780,"Binghamton, NY Metro Area",28,22,0,6,0,0
310M200US13820,13820,"Birmingham-Hoover, AL Metro Area",103,103,0,0,0,0
310M200US13900,13900,"Bismarck, ND Metro Area",47,47,0,0,0,0
310M200US13980,13980,"Blacksburg-Christiansburg-Radford, VA Metro Area",34,6,0,11,0,17
310M200US14010,14010,"Bloomington, IL Metro Area",45,22,23,0,0,0
310M200US14020,14020,"Bloomington, IN Metro Area",40,27,0,0,0,13
310M200US14100,14100,"Bloomsburg-Berwick, PA Metro Area",0,0,0,0,0,0
310M200US14260,14260,"Boise City, ID Metro Area",1188,996,114,41,37,0
310M200US14460,14460,"Boston-Cambridge-Newton, MA-NH Metro Area",1218,907,48,13,154,96
310M200US14500,14500,"Boulder, CO Metro Area",193,154,21,0,18,0
310M200US14540,14540,"Bowling Green, KY Metro Area",26,4,10,0,0,12
310M200US14740,14740,"Bremerton-Silverdale, WA Metro Area",2178,1600,398,47,75,58
310M200US14860,14860,"Bridgeport-Stamford-Norwalk, CT Metro Area",298,279,0,19,0,0
310M200US15180,15180,"Brownsville-Harlingen, TX Metro Area",24,24,0,0,0,0
310M200US15260,15260,"Brunswick, GA Metro Area",126,126,0,0,0,0
310M200US15380,15380,"Buffalo-Cheektowaga-Niagara Falls, NY Metro Area",563,446,117,0,0,0
310M200US15500,15500,"Burlington, NC Metro Area",193,41,0,152,0,0
310M200US15540,15540,"Burlington-South Burlington, VT Metro Area",47,47,0,0,0,0
310M200US15680,15680,"California-Lexington Park, MD Metro Area",60,60,0,0,0,0
310M200US15940,15940,"Canton-Massillon, OH Metro Area",44,44,0,0,0,0
310M200US15980,15980,"Cape Coral-Fort Myers, FL Metro Area",127,122,5,0,0,0
310M200US16020,16020,"Cape Girardeau, MO-IL Metro Area",84,65,19,0,0,0
310M200US16060,16060,"Carbondale-Marion, IL Metro Area",40,19,0,21,0,0
310M200US16180,16180,"Carson City, NV Metro Area",132,99,33,0,0,0
310M200US16220,16220,"Casper, WY Metro Area",0,0,0,0,0,0
310M200US16300,16300,"Cedar Rapids, IA Metro Area",23,23,0,0,0,0
310M200US16540,16540,"Chambersburg-Waynesboro, PA Metro Area",19,19,0,0,0,0
310M200US16580,16580,"Champaign-Urbana, IL Metro Area",21,4,17,0,0,0
310M200US16620,16620,"Charleston, WV Metro Area",0,0,0,0,0,0
310M200US16700,16700,"Charleston-North Charleston, SC Metro Area",445,338,85,0,22,0
310M200US16740,16740,"Charlotte-Concord-Gastonia, NC-SC Metro Area",915,824,45,19,0,27
310M200US16820,16820,"Charlottesville, VA Metro Area",85,85,0,0,0,0
310M200US16860,16860,"Chattanooga, TN-GA Metro Area",233,124,0,0,86,23
310M200US16940,16940,"Cheyenne, WY Metro Area",38,17,2,0,19,0
310M200US16980,16980,"Chicago-Naperville-Elgin, IL-IN-WI Metro Area",2500,2001,379,54,27,39
310M200US17020,17020,"Chico, CA Metro Area",356,287,69,0,0,0
310M200US17140,17140,"Cincinnati, OH-KY-IN Metro Area",622,541,35,29,7,10
310M200US17300,17300,"Clarksville, TN-KY Metro Area",1025,677,10,0,255,83
310M200US17420,17420,"Cleveland, TN Metro Area",239,239,0,0,0,0
310M200US17460,17460,"Cleveland-Elyria, OH Metro Area",327,269,28,14,16,0
310M200US17660,17660,"Coeur d'Alene, ID Metro Area",127,126,1,0,0,0
310M200US17780,17780,"College Station-Bryan, TX Metro Area",91,49,19,0,0,23
310M200US17820,17820,"Colorado Springs, CO Metro Area",2082,1530,243,46,199,64
310M200US17860,17860,"Columbia, MO Metro Area",124,52,30,27,3,12
310M200US17900,17900,"Columbia, SC Metro Area",398,166,20,0,73,139
310M200US17980,17980,"Columbus, GA-AL Metro Area",441,288,26,0,50,77
310M200US18020,18020,"Columbus, IN Metro Area",60,60,0,0,0,0
310M200US18140,18140,"Columbus, OH Metro Area",427,312,25,11,8,71
310M200US18580,18580,"Corpus Christi, TX Metro Area",242,193,24,0,25,0
310M200US18700,18700,"Corvallis, OR Metro Area",278,200,43,27,8,0
310M200US18880,18880,"Crestview-Fort Walton Beach-Destin, FL Metro Area",212,195,2,9,6,0
310M200US19060,19060,"Cumberland, MD-WV Metro Area",45,36,0,0,0,9
310M200US19100,19100,"Dallas-Fort Worth-Arlington, TX Metro Area",6809,5761,616,309,82,41
310M200US19140,19140,"Dalton, GA Metro Area",11,11,0,0,0,0
310M200US19180,19180,"Danville, IL Metro Area",34,0,0,34,0,0
310M200US19300,19300,"Daphne-Fairhope-Foley, AL Metro Area",5,5,0,0,0,0
310M200US19340,19340,"Davenport-Moline-Rock Island, IA-IL Metro Area",57,37,0,0,0,20
310M200US19380,19380,"Dayton, OH Metro Area",91,84,0,7,0,0
310M200US19460,19460,"Decatur, AL Metro Area",114,114,0,0,0,0
310M200US19500,19500,"Decatur, IL Metro Area",22,22,0,0,0,0
310M200US19660,19660,"Deltona-Daytona Beach-Ormond Beach, FL Metro Area",341,285,0,11,45,0
310M200US19740,19740,"Denver-Aurora-Lakewood, CO Metro Area",2716,1958,320,249,127,62
310M200US19780,19780,"Des Moines-West Des Moines, IA Metro Area",293,268,0,15,10,0
310M200US19820,19820,"Detroit-Warren-Dearborn, MI Metro Area",883,642,129,112,0,0
310M200US20020,20020,"Dothan, AL Metro Area",3,3,0,0,0,0
310M200US20100,20100,"Dover, DE Metro Area",237,226,8,0,3,0
310M200US20220,20220,"Dubuque, IA Metro Area",95,60,0,0,0,35
310M200US20260,20260,"Duluth, MN-WI Metro Area",50,44,0,6,0,0
310M200US20500,20500,"Durham-Chapel Hill, NC Metro Area",105,14,0,12,6,73
310M200US20700,20700,"East Stroudsburg, PA Metro Area",73,73,0,0,0,0
310M200US20740,20740,"Eau Claire, WI Metro Area",13,13,0,0,0,0
310M200US20940,20940,"El Centro, CA Metro Area",137,69,41,27,0,0
310M200US21060,21060,"Elizabethtown-Fort Knox, KY Metro Area",382,257,68,0,57,0
310M200US21140,21140,"Elkhart-Goshen, IN Metro Area",97,77,20,0,0,0
310M200US21300,21300,"Elmira, NY Metro Area",0,0,0,0,0,0
310M200US21340,21340,"El Paso, TX Metro Area",1050,663,292,20,70,5
310M200US21500,21500,"Erie, PA Metro Area",26,12,5,6,2,1
310M200US21660,21660,"Eugene, OR Metro Area",820,544,60,65,79,72
310M200US21780,21780,"Evansville, IN-KY Metro Area",77,34,43,0,0,0
310M200US21820,21820,"Fairbanks, AK Metro Area",426,197,180,0,37,12
310M200US22020,22020,"Fargo, ND-MN Metro Area",70,58,5,0,7,0
310M200US22140,22140,"Farmington, NM Metro Area",90,73,17,0,0,0
310M200US22180,22180,"Fayetteville, NC Metro Area",1054,495,348,31,147,33
310M200US22220,22220,"Fayetteville-Springdale-Rogers, AR-MO Metro Area",5271,3727,1404,106,34,0
310M200US22380,22380,"Flagstaff, AZ Metro Area",152,125,27,0,0,0
310M200US22420,22420,"Flint, MI Metro Area",115,84,28,3,0,0
310M200US22500,22500,"Florence, SC Metro Area",0,0,0,0,0,0
310M200US22520,22520,"Florence-Muscle Shoals, AL Metro Area",27,7,20,0,0,0
310M200US22540,22540,"Fond du Lac, WI Metro Area",11,11,0,0,0,0
310M200US22660,22660,"Fort Collins, CO Metro Area",304,174,15,72,36,7
310M200US22900,22900,"Fort Smith, AR-OK Metro Area",171,60,72,17,22,0
310M200US23060,23060,"Fort Wayne, IN Metro Area",262,250,12,0,0,0
310M200US23420,23420,"Fresno, CA Metro Area",1380,1094,194,11,0,81
310M200US23460,23460,"Gadsden, AL Metro Area",61,48,13,0,0,0
310M200US23540,23540,"Gainesville, FL Metro Area",163,82,39,18,0,24
310M200US23580,23580,"Gainesville, GA Metro Area",48,48,0,0,0,0
310M200US23900,23900,"Gettysburg, PA Metro Area",0,0,0,0,0,0
310M200US24020,24020,"Glens Falls, NY Metro Area",148,143,0,5,0,0
310M200US24140,24140,"Goldsboro, NC Metro Area",40,40,0,0,0,0
310M200US24220,24220,"Grand Forks, ND-MN Metro Area",96,86,8,2,0,0
310M200US24260,24260,"Grand Island, NE Metro Area",16,16,0,0,0,0
310M200US24300,24300,"Grand Junction, CO Metro Area",108,44,15,0,49,0
310M200US24340,24340,"Grand Rapids-Wyoming, MI Metro Area",136,93,3,18,0,22
310M200US24420,24420,"Grants Pass, OR Metro Area",150,102,48,0,0,0
310M200US24500,24500,"Great Falls, MT Metro Area",10,10,0,0,0,0
310M200US24540,24540,"Greeley, CO Metro Area",126,96,5,0,25,0
310M200US24580,24580,"Green Bay, WI Metro Area",42,42,0,0,0,0
310M200US24660,24660,"Greensboro-High Point, NC Metro Area",310,310,0,0,0,0
310M200US24780,24780,"Greenville, NC Metro Area",13,0,0,13,0,0
310M200US24860,24860,"Greenville-Anderson-Mauldin, SC Metro Area",533,431,19,50,33,0
310M200US25060,25060,"Gulfport-Biloxi-Pascagoula, MS Metro Area",12,12,0,0,0,0
310M200US25180,25180,"Hagerstown-Martinsburg, MD-WV Metro Area",81,19,43,0,19,0
310M200US25220,25220,"Hammond, LA Metro Area",19,19,0,0,0,0
310M200US25260,25260,"Hanford-Corcoran, CA Metro Area",312,221,0,11,0,80
310M200US25420,25420,"Harrisburg-Carlisle, PA Metro Area",150,101,0,0,49,0
310M200US25500,25500,"Harrisonburg, VA Metro Area",79,66,13,0,0,0
310M200US25540,25540,"Hartford-West Hartford-East Hartford, CT Metro Area",444,381,56,0,7,0
310M200US25620,25620,"Hattiesburg, MS Metro Area",11,0,0,11,0,0
310M200US25860,25860,"Hickory-Lenoir-Morganton, NC Metro Area",119,112,0,7,0,0
310M200US25940,25940,"Hilton Head Island-Bluffton-Beaufort, SC Metro Area",29,14,15,0,0,0
310M200US25980,25980,"Hinesville, GA Metro Area",347,261,12,23,44,7
310M200US26140,26140,"Homosassa Springs, FL Metro Area",12,12,0,0,0,0
310M200US26300,26300,"Hot Springs, AR Metro Area",26,26,0,0,0,0
310M200US26380,26380,"Houma-Thibodaux, LA Metro Area",406,366,0,40,0,0
310M200US26420,26420,"Houston-The Woodlands-Sugar Land, TX Metro Area",3194,2069,627,99,307,92
310M200US26580,26580,"Huntington-Ashland, WV-KY-OH Metro Area",11,11,0,0,0,0
310M200US26620,26620,"Huntsville, AL Metro Area",372,344,7,12,9,0
310M200US26820,26820,"Idaho Falls, ID Metro Area",146,126,3,0,17,0
310M200US26900,26900,"Indianapolis-Carmel-Anderson, IN Metro Area",294,282,12,0,0,0
310M200US26980,26980,"Iowa City, IA Metro Area",191,166,0,0,25,0
310M200US27060,27060,"Ithaca, NY Metro Area",24,0,1,7,16,0
310M200US27100,27100,"Jackson, MI Metro Area",70,34,36,0,0,0
310M200US27140,27140,"Jackson, MS Metro Area",51,51,0,0,0,0
310M200US27180,27180,"Jackson, TN Metro Area",88,32,49,7,0,0
310M200US27260,27260,"Jacksonville, FL Metro Area",1206,926,136,51,47,46
310M200US27340,27340,"Jacksonville, NC Metro Area",446,358,40,0,0,48
310M200US27500,27500,"Janesville-Beloit, WI Metro Area",40,40,0,0,0,0
310M200US27620,27620,"Jefferson City, MO Metro Area",119,23,47,23,0,26
310M200US27740,27740,"Johnson City, TN Metro Area",40,40,0,0,0,0
310M200US27780,27780,"Johnstown, PA Metro Area",59,59,0,0,0,0
310M200US27860,27860,"Jonesboro, AR Metro Area",27,27,0,0,0,0
310M200US27900,27900,"Joplin, MO Metro Area",784,632,0,152,0,0
310M200US27980,27980,"Kahului-Wailuku-Lahaina, HI Metro Area",15281,13027,1777,74,60,343
310M200US28020,28020,"Kalamazoo-Portage, MI Metro Area",222,135,33,24,30,0
310M200US28100,28100,"Kankakee, IL Metro Area",30,30,0,0,0,0
310M200US28140,28140,"Kansas City, MO-KS Metro Area",2981,2450,233,94,158,46
310M200US28420,28420,"Kennewick-Richland, WA Metro Area",260,234,15,1,10,0
310M200US28660,28660,"Killeen-Temple, TX Metro Area",3021,2166,554,108,115,78
310M200US28700,28700,"Kingsport-Bristol-Bristol, TN-VA Metro Area",45,45,0,0,0,0
310M200US28740,28740,"Kingston, NY Metro Area",29,26,0,3,0,0
310M200US28940,28940,"Knoxville, TN Metro Area",270,251,8,0,11,0
310M200US29020,29020,"Kokomo, IN Metro Area",71,65,6,0,0,0
310M200US29100,29100,"La Crosse-Onalaska, WI-MN Metro Area",11,11,0,0,0,0
310M200US29180,29180,"Lafayette, LA Metro Area",166,150,13,3,0,0
310M200US29200,29200,"Lafayette-West Lafayette, IN Metro Area",37,4,33,0,0,0
310M200US29340,29340,"Lake Charles, LA Metro Area",78,59,0,0,19,0
310M200US29420,29420,"Lake Havasu City-Kingman, AZ Metro Area",329,233,20,0,76,0
310M200US29460,29460,"Lakeland-Winter Haven, FL Metro Area",269,254,7,0,0,8
310M200US29540,29540,"Lancaster, PA Metro Area",117,107,0,0,0,10
310M200US29620,29620,"Lansing-East Lansing, MI Metro Area",126,63,35,28,0,0
310M200US29700,29700,"Laredo, TX Metro Area",15,8,7,0,0,0
310M200US29740,29740,"Las Cruces, NM Metro Area",19,12,0,0,7,0
310M200US29820,29820,"Las Vegas-Henderson-Paradise, NV Metro Area",13321,9189,3001,26,899,206
310M200US29940,29940,"Lawrence, KS Metro Area",15,0,9,0,6,0
310M200US30020,30020,"Lawton, OK Metro Area",686,536,35,26,63,26
310M200US30140,30140,"Lebanon, PA Metro Area",0,0,0,0,0,0
310M200US30300,30300,"Lewiston, ID-WA Metro Area",72,72,0,0,0,0
310M200US30340,30340,"Lewiston-Auburn, ME Metro Area",17,17,0,0,0,0
310M200US30460,30460,"Lexington-Fayette, KY Metro Area",256,240,16,0,0,0
310M200US30620,30620,"Lima, OH Metro Area",0,0,0,0,0,0
310M200US30700,30700,"Lincoln, NE Metro Area",192,174,2,16,0,0
310M200US30780,30780,"Little Rock-North Little Rock-Conway, AR Metro Area",175,152,6,0,13,4
310M200US30860,30860,"Logan, UT-ID Metro Area",132,71,0,18,43,0
310M200US30980,30980,"Longview, TX Metro Area",93,23,70,0,0,0
310M200US31020,31020,"Longview, WA Metro Area",98,91,0,7,0,0
310M200US31080,31080,"Los Angeles-Long Beach-Anaheim, CA Metro Area",36018,30388,4446,670,302,212
310M200US31140,31140,"Louisville/Jefferson County, KY-IN Metro Area",267,208,51,2,6,0
310M200US31180,31180,"Lubbock, TX Metro Area",178,128,46,0,0,4
310M200US31340,31340,"Lynchburg, VA Metro Area",72,56,0,16,0,0
310M200US31420,31420,"Macon, GA Metro Area",29,27,0,0,2,0
310M200US31460,31460,"Madera, CA Metro Area",666,618,32,16,0,0
310M200US31540,31540,"Madison, WI Metro Area",144,95,45,4,0,0
310M200US31700,31700,"Manchester-Nashua, NH Metro Area",101,94,7,0,0,0
310M200US31740,31740,"Manhattan, KS Metro Area",120,64,9,0,15,32
310M200US31860,31860,"Mankato-North Mankato, MN Metro Area",3,3,0,0,0,0
310M200US31900,31900,"Mansfield, OH Metro Area",23,0,23,0,0,0
310M200US32580,32580,"McAllen-Edinburg-Mission, TX Metro Area",5,5,0,0,0,0
310M200US32780,32780,"Medford, OR Metro Area",518,334,114,0,70,0
310M200US32820,32820,"Memphis, TN-MS-AR Metro Area",631,406,71,0,36,118
310M200US32900,32900,"Merced, CA Metro Area",551,381,161,7,2,0
310M200US33100,33100,"Miami-Fort Lauderdale-West Palm Beach, FL Metro Area",2342,2077,172,22,44,27
310M200US33140,33140,"Michigan City-La Porte, IN Metro Area",13,8,5,0,0,0
310M200US33220,33220,"Midland, MI Metro Area",10,10,0,0,0,0
310M200US33260,33260,"Midland, TX Metro Area",79,74,0,0,5,0
310M200US33340,33340,"Milwaukee-Waukesha-West Allis, WI Metro Area",396,348,27,21,0,0
310M200US33460,33460,"Minneapolis-St. Paul-Bloomington, MN-WI Metro Area",1350,885,282,115,23,45
310M200US33540,33540,"Missoula, MT Metro Area",136,90,23,23,0,0
310M200US33660,33660,"Mobile, AL Metro Area",54,42,12,0,0,0
310M200US33700,33700,"Modesto, CA Metro Area",3779,2551,846,48,334,0
310M200US33740,33740,"Monroe, LA Metro Area",37,27,10,0,0,0
310M200US33780,33780,"Monroe, MI Metro Area",1,0,1,0,0,0
310M200US33860,33860,"Montgomery, AL Metro Area",95,78,17,0,0,0
310M200US34060,34060,"Morgantown, WV Metro Area",34,0,11,13,10,0
310M200US34100,34100,"Morristown, TN Metro Area",68,0,68,0,0,0
310M200US34580,34580,"Mount Vernon-Anacortes, WA Metro Area",307,294,4,9,0,0
310M200US34620,34620,"Muncie, IN Metro Area",16,9,0,7,0,0
310M200US34740,34740,"Muskegon, MI Metro Area",55,55,0,0,0,0
310M200US34820,34820,"Myrtle Beach-Conway-North Myrtle Beach, SC-NC Metro Area",519,444,6,0,0,69
310M200US34900,34900,"Napa, CA Metro Area",351,172,157,22,0,0
310M200US34940,34940,"Naples-Immokalee-Marco Island, FL Metro Area",38,38,0,0,0,0
310M200US34980,34980,"Nashville-Davidson--Murfreesboro--Franklin, TN Metro Area",680,661,0,5,14,0
310M200US35100,35100,"New Bern, NC Metro Area",201,177,0,0,12,12
310M200US35300,35300,"New Haven-Milford, CT Metro Area",391,280,25,0,86,0
310M200US35380,35380,"New Orleans-Metairie, LA Metro Area",634,612,19,0,3,0
310M200US35620,35620,"New York-Newark-Jersey City, NY-NJ-PA Metro Area",6846,5659,673,164,61,289
310M200US35660,35660,"Niles-Benton Harbor, MI Metro Area",53,45,8,0,0,0
310M200US35840,35840,"North Port-Sarasota-Bradenton, FL Metro Area",270,213,34,0,23,0
310M200US35980,35980,"Norwich-New London, CT Metro Area",148,91,24,0,33,0
310M200US36100,36100,"Ocala, FL Metro Area",94,65,0,12,17,0
310M200US36140,36140,"Ocean City, NJ Metro Area",42,36,0,0,0,6
310M200US36220,36220,"Odessa, TX Metro Area",35,35,0,0,0,0
310M200US36260,36260,"Ogden-Clearfield, UT Metro Area",2580,2021,343,139,63,14
310M200US36420,36420,"Oklahoma City, OK Metro Area",846,721,29,18,78,0
310M200US36500,36500,"Olympia-Tumwater, WA Metro Area",2221,1813,102,12,222,72
310M200US36540,36540,"Omaha-Council Bluffs, NE-IA Metro Area",540,394,55,17,62,12
310M200US36740,36740,"Orlando-Kissimmee-Sanford, FL Metro Area",1990,1523,320,15,118,14
310M200US36780,36780,"Oshkosh-Neenah, WI Metro Area",38,38,0,0,0,0
310M200US36980,36980,"Owensboro, KY Metro Area",40,29,0,0,11,0
310M200US37100,37100,"Oxnard-Thousand Oaks-Ventura, CA Metro Area",1217,954,121,62,54,26
310M200US37340,37340,"Palm Bay-Melbourne-Titusville, FL Metro Area",375,230,145,0,0,0
310M200US37460,37460,"Panama City, FL Metro Area",118,95,8,15,0,0
310M200US37620,37620,"Parkersburg-Vienna, WV Metro Area",72,72,0,0,0,0
310M200US37860,37860,"Pensacola-Ferry Pass-Brent, FL Metro Area",692,624,0,0,68,0
310M200US37900,37900,"Peoria, IL Metro Area",26,26,0,0,0,0
310M200US37980,37980,"Philadelphia-Camden-Wilmington, PA-NJ-DE-MD Metro Area",2441,2075,121,103,102,40
310M200US38060,38060,"Phoenix-Mesa-Scottsdale, AZ Metro Area",9254,6271,1922,163,744,154
310M200US38220,38220,"Pine Bluff, AR Metro Area",45,29,0,16,0,0
310M200US38300,38300,"Pittsburgh, PA Metro Area",439,322,42,35,34,6
310M200US38340,38340,"Pittsfield, MA Metro Area",40,40,0,0,0,0
310M200US38540,38540,"Pocatello, ID Metro Area",215,171,44,0,0,0
310M200US38860,38860,"Portland-South Portland, ME Metro Area",63,58,0,0,5,0
310M200US38900,38900,"Portland-Vancouver-Hillsboro, OR-WA Metro Area",11323,8770,1159,518,609,267
310M200US38940,38940,"Port St. Lucie, FL Metro Area",78,42,36,0,0,0
310M200US39140,39140,"Prescott, AZ Metro Area",44,44,0,0,0,0
310M200US39300,39300,"Providence-Warwick, RI-MA Metro Area",637,554,45,0,38,0
310M200US39340,39340,"Provo-Orem, UT Metro Area",4508,2784,1150,127,331,116
310M200US39380,39380,"Pueblo, CO Metro Area",142,90,52,0,0,0
310M200US39460,39460,"Punta Gorda, FL Metro Area",9,9,0,0,0,0
310M200US39540,39540,"Racine, WI Metro Area",55,48,7,0,0,0
310M200US39580,39580,"Raleigh, NC Metro Area",378,245,114,19,0,0
310M200US39660,39660,"Rapid City, SD Metro Area",42,32,10,0,0,0
310M200US39740,39740,"Reading, PA Metro Area",226,171,12,0,0,43
310M200US39820,39820,"Redding, CA Metro Area",361,302,0,59,0,0
310M200US39900,39900,"Reno, NV Metro Area",2480,1579,580,74,112,135
310M200US40060,40060,"Richmond, VA Metro Area",472,378,45,42,7,0
310M200US40140,40140,"Riverside-San Bernardino-Ontario, CA Metro Area",13760,11274,1657,307,374,148
310M200US40220,40220,"Roanoke, VA Metro Area",129,12,62,0,0,55
310M200US40340,40340,"Rochester, MN Metro Area",13,13,0,0,0,0
310M200US40380,40380,"Rochester, NY Metro Area",286,251,16,10,9,0
310M200US40420,40420,"Rockford, IL Metro Area",67,51,0,0,0,16
310M200US40580,40580,"Rocky Mount, NC Metro Area",69,69,0,0,0,0
310M200US40660,40660,"Rome, GA Metro Area",11,0,0,11,0,0
310M200US40900,40900,"Sacramento--Roseville--Arden-Arcade, CA Metro Area",16222,12536,2543,639,220,284
310M200US40980,40980,"Saginaw, MI Metro Area",53,53,0,0,0,0
310M200US41060,41060,"St. Cloud, MN Metro Area",35,21,0,14,0,0
310M200US41100,41100,"St. George, UT Metro Area",1171,512,542,39,78,0
310M200US41140,41140,"St. Joseph, MO-KS Metro Area",196,131,65,0,0,0
310M200US41180,41180,"St. Louis, MO-IL Metro Area",699,575,40,28,56,0
310M200US41420,41420,"Salem, OR Metro Area",2316,1160,683,412,16,45
310M200US41500,41500,"Salinas, CA Metro Area",2145,1701,374,36,34,0
310M200US41540,41540,"Salisbury, MD-DE Metro Area",58,48,1,9,0,0
310M200US41620,41620,"Salt Lake City, UT Metro Area",16334,12497,2723,479,514,121
310M200US41660,41660,"San Angelo, TX Metro Area",43,13,13,0,17,0
310M200US41700,41700,"San Antonio-New Braunfels, TX Metro Area",2649,1656,429,42,473,49
310M200US41740,41740,"San Diego-Carlsbad, CA Metro Area",14275,11365,2353,190,196,171
310M200US41860,41860,"San Francisco-Oakland-Hayward, CA Metro Area",32063,26612,3361,1599,204,287
310M200US41940,41940,"San Jose-Sunnyvale-Santa Clara, CA Metro Area",6247,4514,1374,238,21,100
310M200US42020,42020,"San Luis Obispo-Paso Robles-Arroyo Grande, CA Metro Area",332,313,12,7,0,0
310M200US42100,42100,"Santa Cruz-Watsonville, CA Metro Area",339,264,22,53,0,0
310M200US42140,42140,"Santa Fe, NM Metro Area",124,98,0,8,18,0
310M200US42200,42200,"Santa Maria-Santa Barbara, CA Metro Area",830,590,188,21,31,0
310M200US42220,42220,"Santa Rosa, CA Metro Area",1780,1454,214,49,0,63
310M200US42340,42340,"Savannah, GA Metro Area",206,148,0,0,58,0
310M200US42540,42540,"Scranton--Wilkes-Barre--Hazleton, PA Metro Area",98,55,8,0,0,35
310M200US42660,42660,"Seattle-Tacoma-Bellevue, WA Metro Area",27988,21728,4233,755,828,444
310M200US42680,42680,"Sebastian-Vero Beach, FL Metro Area",7,7,0,0,0,0
310M200US42700,42700,"Sebring, FL Metro Area",97,81,0,0,16,0
310M200US43100,43100,"Sheboygan, WI Metro Area",14,14,0,0,0,0
310M200US43300,43300,"Sherman-Denison, TX Metro Area",124,109,0,15,0,0
310M200US43340,43340,"Shreveport-Bossier City, LA Metro Area",191,137,17,2,35,0
310M200US43420,43420,"Sierra Vista-Douglas, AZ Metro Area",355,280,49,0,26,0
310M200US43580,43580,"Sioux City, IA-NE-SD Metro Area",92,92,0,0,0,0
310M200US43620,43620,"Sioux Falls, SD Metro Area",89,1,19,45,0,24
310M200US43780,43780,"South Bend-Mishawaka, IN-MI Metro Area",124,117,7,0,0,0
310M200US43900,43900,"Spartanburg, SC Metro Area",72,46,6,0,20,0
310M200US44060,44060,"Spokane-Spokane Valley, WA Metro Area",1692,947,488,55,145,57
310M200US44100,44100,"Springfield, IL Metro Area",54,54,0,0,0,0
310M200US44140,44140,"Springfield, MA Metro Area",171,144,27,0,0,0
310M200US44180,44180,"Springfield, MO Metro Area",371,113,153,46,48,11
310M200US44220,44220,"Springfield, OH Metro Area",20,20,0,0,0,0
310M200US44300,44300,"State College, PA Metro Area",71,71,0,0,0,0
310M200US44420,44420,"Staunton-Waynesboro, VA Metro Area",53,53,0,0,0,0
310M200US44700,44700,"Stockton-Lodi, CA Metro Area",3729,2983,187,432,109,18
310M200US44940,44940,"Sumter, SC Metro Area",0,0,0,0,0,0
310M200US45060,45060,"Syracuse, NY Metro Area",109,99,0,0,6,4
310M200US45220,45220,"Tallahassee, FL Metro Area",121,111,0,10,0,0
310M200US45300,45300,"Tampa-St. Petersburg-Clearwater, FL Metro Area",2165,1656,213,79,201,16
310M200US45460,45460,"Terre Haute, IN Metro Area",42,42,0,0,0,0
310M200US45500,45500,"Texarkana, TX-AR Metro Area",125,81,0,44,0,0
310M200US45540,45540,"The Villages, FL Metro Area",59,41,0,8,10,0
310M200US45780,45780,"Toledo, OH Metro Area",184,184,0,0,0,0
310M200US45820,45820,"Topeka, KS Metro Area",99,99,0,0,0,0
310M200US45940,45940,"Trenton, NJ Metro Area",83,83,0,0,0,0
310M200US46060,46060,"Tucson, AZ Metro Area",1246,992,142,0,102,10
310M200US46140,46140,"Tulsa, OK Metro Area",538,417,65,27,23,6
310M200US46220,46220,"Tuscaloosa, AL Metro Area",17,17,0,0,0,0
310M200US46340,46340,"Tyler, TX Metro Area",260,13,198,15,34,0
310M200US46520,46520,"Urban Honolulu, HI Metro Area",87760,75342,9356,692,1324,1046
310M200US46540,46540,"Utica-Rome, NY Metro Area",87,87,0,0,0,0
310M200US46660,46660,"Valdosta, GA Metro Area",22,22,0,0,0,0
310M200US46700,46700,"Vallejo-Fairfield, CA Metro Area",3583,2771,656,109,18,29
310M200US47020,47020,"Victoria, TX Metro Area",26,26,0,0,0,0
310M200US47220,47220,"Vineland-Bridgeton, NJ Metro Area",12,0,0,12,0,0
310M200US47260,47260,"Virginia Beach-Norfolk-Newport News, VA-NC Metro Area",2088,1735,123,37,161,32
310M200US47300,47300,"Visalia-Porterville, CA Metro Area",482,366,116,0,0,0
310M200US47380,47380,"Waco, TX Metro Area",47,34,0,0,0,13
310M200US47460,47460,"Walla Walla, WA Metro Area",181,138,24,0,19,0
310M200US47580,47580,"Warner Robins, GA Metro Area",137,137,0,0,0,0
310M200US47900,47900,"Washington-Arlington-Alexandria, DC-VA-MD-WV Metro Area",3318,2615,255,163,146,139
310M200US47940,47940,"Waterloo-Cedar Falls, IA Metro Area",23,23,0,0,0,0
310M200US48060,48060,"Watertown-Fort Drum, NY Metro Area",310,62,12,0,205,31
310M200US48140,48140,"Wausau, WI Metro Area",9,9,0,0,0,0
310M200US48260,48260,"Weirton-Steubenville, WV-OH Metro Area",12,7,0,0,5,0
310M200US48300,48300,"Wenatchee, WA Metro Area",133,101,0,13,19,0
310M200US48540,48540,"Wheeling, WV-OH Metro Area",2,2,0,0,0,0
310M200US48620,48620,"Wichita, KS Metro Area",407,198,209,0,0,0
310M200US48660,48660,"Wichita Falls, TX Metro Area",26,4,0,0,0,22
310M200US48700,48700,"Williamsport, PA Metro Area",30,30,0,0,0,0
310M200US48900,48900,"Wilmington, NC Metro Area",128,128,0,0,0,0
310M200US49020,49020,"Winchester, VA-WV Metro Area",196,196,0,0,0,0
310M200US49180,49180,"Winston-Salem, NC Metro Area",217,193,24,0,0,0
310M200US49340,49340,"Worcester, MA-CT Metro Area",244,178,22,0,44,0
310M200US49420,49420,"Yakima, WA Metro Area",129,115,7,7,0,0
310M200US49620,49620,"York-Hanover, PA Metro Area",48,48,0,0,0,0
310M200US49660,49660,"Youngstown-Warren-Boardman, OH-PA Metro Area",45,11,22,0,12,0
310M200US49700,49700,"Yuba City, CA Metro Area",510,417,73,16,0,4
310M200US49740,49740,"Yuma, AZ Metro Area",337,201,96,0,30,10
