GEO.id,Id
GEO.id2,Id2
GEO.display-label,Geography
HD01_VD01,Estimate; Total:
HD01_VD03,Estimate; Total: - Male
HD01_VD04,Estimate; Total: - Female
HD01_VD05,Estimate; Total: - Same house 1 year ago:
HD01_VD06,Estimate; Total: - Same house 1 year ago: - Male
HD01_VD07,Estimate; Total: - Same house 1 year ago: - Female
HD01_VD08,Estimate; Total: - Moved within same county:
HD01_VD09,Estimate; Total: - Moved within same county: - Male
HD01_VD10,Estimate; Total: - Moved within same county: - Female
HD01_VD11,Estimate; Total: - Moved from different county within same state:
HD01_VD12,Estimate; Total: - Moved from different county within same state: - Male
HD01_VD13,Estimate; Total: - Moved from different county within same state: - Female
HD01_VD14,Estimate; Total: - Moved from different state:
HD01_VD15,Estimate; Total: - Moved from different state: - Male
HD01_VD16,Estimate; Total: - Moved from different state: - Female
HD01_VD17,Estimate; Total: - Moved from abroad:
HD01_VD18,Estimate; Total: - Moved from abroad: - Male
HD01_VD19,Estimate; Total: - Moved from abroad: - Female
