GEO.id,GEO.id2,GEO.display-label,HD01_VD01,HD01_VD02,HD01_VD03,HD01_VD04,HD01_VD05,HD01_VD06
Id,Id2,Geography,Estimate; Total:,Estimate; Total: - Same house 1 year ago,Estimate; Total: - Moved within same county,Estimate; Total: - Moved from different county within same state,Estimate; Total: - Moved from different state,Estimate; Total: - Moved from abroad
310M200US10180,10180,"Abilene, TX Metro Area",4306,3025,662,379,165,75
310M200US10420,10420,"Akron, OH Metro Area",17465,13773,2193,1035,265,199
310M200US10500,10500,"Albany, GA Metro Area",2207,1811,244,96,56,0
310M200US10540,10540,"Albany, OR Metro Area",3224,2712,239,158,70,45
310M200US10580,10580,"Albany-Schenectady-Troy, NY Metro Area",24120,18884,2724,1676,560,276
310M200US10740,10740,"Albuquerque, NM Metro Area",35427,28709,4651,944,951,172
310M200US10780,10780,"Alexandria, LA Metro Area",2688,2020,320,108,240,0
310M200US10900,10900,"Allentown-Bethlehem-Easton, PA-NJ Metro Area",21144,17128,2391,658,843,124
310M200US11020,11020,"Altoona, PA Metro Area",1799,1609,147,28,15,0
310M200US11100,11100,"Amarillo, TX Metro Area",7832,5884,1071,573,257,47
310M200US11180,11180,"Ames, IA Metro Area",2170,1021,628,305,205,11
310M200US11260,11260,"Anchorage, AK Metro Area",35543,27796,5611,952,1102,82
310M200US11460,11460,"Ann Arbor, MI Metro Area",14576,10370,2252,989,723,242
310M200US11500,11500,"Anniston-Oxford-Jacksonville, AL Metro Area",2678,2110,397,82,89,0
310M200US11540,11540,"Appleton, WI Metro Area",3469,2728,295,318,122,6
310M200US11700,11700,"Asheville, NC Metro Area",9561,7830,1216,280,198,37
310M200US12020,12020,"Athens-Clarke County, GA Metro Area",3416,2416,341,491,129,39
310M200US12060,12060,"Atlanta-Sandy Springs-Roswell, GA Metro Area",122196,94789,13395,7235,5766,1011
310M200US12100,12100,"Atlantic City-Hammonton, NJ Metro Area",9647,8342,907,69,319,10
310M200US12220,12220,"Auburn-Opelika, AL Metro Area",2429,1953,214,95,167,0
310M200US12260,12260,"Augusta-Richmond County, GA-SC Metro Area",12643,10323,1072,535,621,92
310M200US12420,12420,"Austin-Round Rock, TX Metro Area",54877,41948,7176,3442,2005,306
310M200US12540,12540,"Bakersfield, CA Metro Area",27590,21686,4009,1478,283,134
310M200US12580,12580,"Baltimore-Columbia-Towson, MD Metro Area",71505,59115,7147,2741,1891,611
310M200US12620,12620,"Bangor, ME Metro Area",2391,1901,325,57,108,0
310M200US12700,12700,"Barnstable Town, MA Metro Area",3624,3270,219,39,67,29
310M200US12940,12940,"Baton Rouge, LA Metro Area",12629,9799,1960,505,253,112
310M200US12980,12980,"Battle Creek, MI Metro Area",4193,3038,1028,112,15,0
310M200US13020,13020,"Bay City, MI Metro Area",2661,2108,414,104,35,0
310M200US13140,13140,"Beaumont-Port Arthur, TX Metro Area",6786,5812,581,183,69,141
310M200US13220,13220,"Beckley, WV Metro Area",1348,1115,161,20,45,7
310M200US13380,13380,"Bellingham, WA Metro Area",8306,6633,1291,213,121,48
310M200US13460,13460,"Bend-Redmond, OR Metro Area",4313,3457,504,72,244,36
310M200US13740,13740,"Billings, MT Metro Area",3798,2818,752,116,86,26
310M200US13780,13780,"Binghamton, NY Metro Area",5122,4172,640,154,126,30
310M200US13820,13820,"Birmingham-Hoover, AL Metro Area",13458,10793,1333,841,462,29
310M200US13900,13900,"Bismarck, ND Metro Area",2368,1830,324,102,112,0
310M200US13980,13980,"Blacksburg-Christiansburg-Radford, VA Metro Area",2815,1875,468,321,133,18
310M200US14010,14010,"Bloomington, IL Metro Area",3926,3046,646,135,78,21
310M200US14020,14020,"Bloomington, IN Metro Area",4344,3039,953,190,140,22
310M200US14100,14100,"Bloomsburg-Berwick, PA Metro Area",728,570,113,35,10,0
310M200US14260,14260,"Boise City, ID Metro Area",17711,12937,2639,839,1220,76
310M200US14460,14460,"Boston-Cambridge-Newton, MA-NH Metro Area",137771,113416,13429,4495,4110,2321
310M200US14500,14500,"Boulder, CO Metro Area",8907,6227,1504,582,532,62
310M200US14540,14540,"Bowling Green, KY Metro Area",2508,1510,497,252,186,63
310M200US14740,14740,"Bremerton-Silverdale, WA Metro Area",17218,13358,2086,518,1088,168
310M200US14860,14860,"Bridgeport-Stamford-Norwalk, CT Metro Area",23355,19233,2328,443,817,534
310M200US15180,15180,"Brownsville-Harlingen, TX Metro Area",4227,3817,327,14,48,21
310M200US15260,15260,"Brunswick, GA Metro Area",2618,2143,265,143,56,11
310M200US15380,15380,"Buffalo-Cheektowaga-Niagara Falls, NY Metro Area",24080,19700,3294,483,475,128
310M200US15500,15500,"Burlington, NC Metro Area",4204,3223,709,109,156,7
310M200US15540,15540,"Burlington-South Burlington, VT Metro Area",4896,4139,424,121,161,51
310M200US15680,15680,"California-Lexington Park, MD Metro Area",3341,2431,511,198,183,18
310M200US15940,15940,"Canton-Massillon, OH Metro Area",11159,8667,1957,363,157,15
310M200US15980,15980,"Cape Coral-Fort Myers, FL Metro Area",10984,8355,1496,292,672,169
310M200US16020,16020,"Cape Girardeau, MO-IL Metro Area",1814,1274,218,157,129,36
310M200US16060,16060,"Carbondale-Marion, IL Metro Area",3032,2079,410,310,107,126
310M200US16180,16180,"Carson City, NV Metro Area",1557,1170,220,38,106,23
310M200US16220,16220,"Casper, WY Metro Area",2326,1872,340,31,65,18
310M200US16300,16300,"Cedar Rapids, IA Metro Area",6294,4733,962,206,351,42
310M200US16540,16540,"Chambersburg-Waynesboro, PA Metro Area",1798,1491,210,43,46,8
310M200US16580,16580,"Champaign-Urbana, IL Metro Area",6216,4665,1012,364,112,63
310M200US16620,16620,"Charleston, WV Metro Area",10232,7592,1989,347,269,35
310M200US16700,16700,"Charleston-North Charleston, SC Metro Area",15784,11724,1455,1284,1264,57
310M200US16740,16740,"Charlotte-Concord-Gastonia, NC-SC Metro Area",50623,39795,6516,2193,1799,320
310M200US16820,16820,"Charlottesville, VA Metro Area",5787,3971,439,814,297,266
310M200US16860,16860,"Chattanooga, TN-GA Metro Area",11060,9066,1044,547,398,5
310M200US16940,16940,"Cheyenne, WY Metro Area",2921,1949,519,131,322,0
310M200US16980,16980,"Chicago-Naperville-Elgin, IL-IN-WI Metro Area",212523,177403,22247,5913,5556,1404
310M200US17020,17020,"Chico, CA Metro Area",13824,9984,2706,858,237,39
310M200US17140,17140,"Cincinnati, OH-KY-IN Metro Area",42275,33896,5337,1875,1045,122
310M200US17300,17300,"Clarksville, TN-KY Metro Area",10839,7858,1233,89,1552,107
310M200US17420,17420,"Cleveland, TN Metro Area",2237,1822,271,16,128,0
310M200US17460,17460,"Cleveland-Elyria, OH Metro Area",47694,36539,7737,1468,1467,483
310M200US17660,17660,"Coeur d'Alene, ID Metro Area",3490,2847,342,70,231,0
310M200US17780,17780,"College Station-Bryan, TX Metro Area",6059,3562,1474,741,125,157
310M200US17820,17820,"Colorado Springs, CO Metro Area",35041,24449,5896,866,3171,659
310M200US17860,17860,"Columbia, MO Metro Area",7204,4337,1744,702,414,7
310M200US17900,17900,"Columbia, SC Metro Area",18528,13832,1869,864,1791,172
310M200US17980,17980,"Columbus, GA-AL Metro Area",11012,7695,1433,606,1045,233
310M200US18020,18020,"Columbus, IN Metro Area",1263,1061,107,55,40,0
310M200US18140,18140,"Columbus, OH Metro Area",58028,43895,9618,2749,1512,254
310M200US18580,18580,"Corpus Christi, TX Metro Area",8507,6397,1340,503,207,60
310M200US18700,18700,"Corvallis, OR Metro Area",2744,1998,271,250,214,11
310M200US18880,18880,"Crestview-Fort Walton Beach-Destin, FL Metro Area",10471,8643,1071,223,485,49
310M200US19060,19060,"Cumberland, MD-WV Metro Area",1894,1512,217,108,57,0
310M200US19100,19100,"Dallas-Fort Worth-Arlington, TX Metro Area",184536,144035,22630,9401,6043,2427
310M200US19140,19140,"Dalton, GA Metro Area",2356,1934,221,107,91,3
310M200US19180,19180,"Danville, IL Metro Area",1046,813,152,40,9,32
310M200US19300,19300,"Daphne-Fairhope-Foley, AL Metro Area",3108,2527,126,313,97,45
310M200US19340,19340,"Davenport-Moline-Rock Island, IA-IL Metro Area",9702,8010,1009,168,470,45
310M200US19380,19380,"Dayton, OH Metro Area",20809,16144,3579,529,400,157
310M200US19460,19460,"Decatur, AL Metro Area",4441,3518,518,267,136,2
310M200US19500,19500,"Decatur, IL Metro Area",4986,3746,1008,97,128,7
310M200US19660,19660,"Deltona-Daytona Beach-Ormond Beach, FL Metro Area",11393,9774,813,283,299,224
310M200US19740,19740,"Denver-Aurora-Lakewood, CO Metro Area",92738,72089,9444,7286,3247,672
310M200US19780,19780,"Des Moines-West Des Moines, IA Metro Area",13606,9848,2262,722,745,29
310M200US19820,19820,"Detroit-Warren-Dearborn, MI Metro Area",96773,80068,11470,3767,1059,409
310M200US20020,20020,"Dothan, AL Metro Area",2496,2017,295,76,106,2
310M200US20100,20100,"Dover, DE Metro Area",6827,5224,1038,80,376,109
310M200US20220,20220,"Dubuque, IA Metro Area",2265,1729,277,75,170,14
310M200US20260,20260,"Duluth, MN-WI Metro Area",7294,5582,1187,313,201,11
310M200US20500,20500,"Durham-Chapel Hill, NC Metro Area",14094,10854,1188,750,1111,191
310M200US20700,20700,"East Stroudsburg, PA Metro Area",5057,4643,174,179,61,0
310M200US20740,20740,"Eau Claire, WI Metro Area",3285,2417,371,435,62,0
310M200US20940,20940,"El Centro, CA Metro Area",8235,6620,1119,360,81,55
310M200US21060,21060,"Elizabethtown-Fort Knox, KY Metro Area",5665,3254,1218,362,759,72
310M200US21140,21140,"Elkhart-Goshen, IN Metro Area",5228,3839,1076,236,45,32
310M200US21300,21300,"Elmira, NY Metro Area",2874,2419,406,42,7,0
310M200US21340,21340,"El Paso, TX Metro Area",17407,13692,2123,172,1018,402
310M200US21500,21500,"Erie, PA Metro Area",7332,6045,1088,46,153,0
310M200US21660,21660,"Eugene, OR Metro Area",15618,11696,2522,406,490,504
310M200US21780,21780,"Evansville, IN-KY Metro Area",6568,5133,887,276,254,18
310M200US21820,21820,"Fairbanks, AK Metro Area",8206,5723,1348,277,803,55
310M200US22020,22020,"Fargo, ND-MN Metro Area",5209,3674,934,238,312,51
310M200US22140,22140,"Farmington, NM Metro Area",3822,3226,431,38,99,28
310M200US22180,22180,"Fayetteville, NC Metro Area",19593,14004,2564,1038,1569,418
310M200US22220,22220,"Fayetteville-Springdale-Rogers, AR-MO Metro Area",13896,10544,1731,674,876,71
310M200US22380,22380,"Flagstaff, AZ Metro Area",4484,3278,484,409,297,16
310M200US22420,22420,"Flint, MI Metro Area",11870,9781,1719,266,98,6
310M200US22500,22500,"Florence, SC Metro Area",3211,2252,604,99,256,0
310M200US22520,22520,"Florence-Muscle Shoals, AL Metro Area",2819,2344,189,111,76,99
310M200US22540,22540,"Fond du Lac, WI Metro Area",1578,1146,265,138,29,0
310M200US22660,22660,"Fort Collins, CO Metro Area",9763,6768,1591,598,610,196
310M200US22900,22900,"Fort Smith, AR-OK Metro Area",17205,14360,1605,698,520,22
310M200US23060,23060,"Fort Wayne, IN Metro Area",12363,9650,1879,402,361,71
310M200US23420,23420,"Fresno, CA Metro Area",37575,30445,5314,1356,314,146
310M200US23460,23460,"Gadsden, AL Metro Area",1506,1122,191,115,78,0
310M200US23540,23540,"Gainesville, FL Metro Area",8007,5450,1544,755,140,118
310M200US23580,23580,"Gainesville, GA Metro Area",3004,2515,315,107,67,0
310M200US23900,23900,"Gettysburg, PA Metro Area",1974,1541,364,17,52,0
310M200US24020,24020,"Glens Falls, NY Metro Area",1519,1138,105,249,19,8
310M200US24140,24140,"Goldsboro, NC Metro Area",3621,2552,695,219,74,81
310M200US24220,24220,"Grand Forks, ND-MN Metro Area",2558,1806,184,44,494,30
310M200US24260,24260,"Grand Island, NE Metro Area",1033,880,104,49,0,0
310M200US24300,24300,"Grand Junction, CO Metro Area",3984,3055,513,180,171,65
310M200US24340,24340,"Grand Rapids-Wyoming, MI Metro Area",28380,21520,4660,1629,468,103
310M200US24420,24420,"Grants Pass, OR Metro Area",2673,2182,321,95,38,37
310M200US24500,24500,"Great Falls, MT Metro Area",3071,2358,540,41,132,0
310M200US24540,24540,"Greeley, CO Metro Area",7405,5863,778,304,401,59
310M200US24580,24580,"Green Bay, WI Metro Area",7994,6239,1404,253,90,8
310M200US24660,24660,"Greensboro-High Point, NC Metro Area",15026,12089,1720,646,507,64
310M200US24780,24780,"Greenville, NC Metro Area",3786,2811,438,432,90,15
310M200US24860,24860,"Greenville-Anderson-Mauldin, SC Metro Area",14289,11349,1612,799,408,121
310M200US25060,25060,"Gulfport-Biloxi-Pascagoula, MS Metro Area",8595,6800,1041,189,485,80
310M200US25180,25180,"Hagerstown-Martinsburg, MD-WV Metro Area",7798,6015,1161,279,331,12
310M200US25220,25220,"Hammond, LA Metro Area",2149,1735,73,232,109,0
310M200US25260,25260,"Hanford-Corcoran, CA Metro Area",6642,4870,918,726,107,21
310M200US25420,25420,"Harrisburg-Carlisle, PA Metro Area",14595,11083,2182,914,281,135
310M200US25500,25500,"Harrisonburg, VA Metro Area",2412,1891,179,203,98,41
310M200US25540,25540,"Hartford-West Hartford-East Hartford, CT Metro Area",34617,28596,3731,970,1112,208
310M200US25620,25620,"Hattiesburg, MS Metro Area",2073,1480,207,221,122,43
310M200US25860,25860,"Hickory-Lenoir-Morganton, NC Metro Area",5625,4203,1047,191,146,38
310M200US25940,25940,"Hilton Head Island-Bluffton-Beaufort, SC Metro Area",4264,3049,414,186,600,15
310M200US25980,25980,"Hinesville, GA Metro Area",3243,2432,158,226,297,130
310M200US26140,26140,"Homosassa Springs, FL Metro Area",2017,1636,187,89,45,60
310M200US26300,26300,"Hot Springs, AR Metro Area",2065,1543,401,77,44,0
310M200US26380,26380,"Houma-Thibodaux, LA Metro Area",5249,4166,764,256,56,7
310M200US26420,26420,"Houston-The Woodlands-Sugar Land, TX Metro Area",143464,115382,17705,4615,3930,1832
310M200US26580,26580,"Huntington-Ashland, WV-KY-OH Metro Area",5939,4808,651,226,254,0
310M200US26620,26620,"Huntsville, AL Metro Area",11598,9775,1135,267,314,107
310M200US26820,26820,"Idaho Falls, ID Metro Area",3431,2493,632,174,122,10
310M200US26900,26900,"Indianapolis-Carmel-Anderson, IN Metro Area",43780,35223,5840,1515,857,345
310M200US26980,26980,"Iowa City, IA Metro Area",3241,2498,375,160,162,46
310M200US27060,27060,"Ithaca, NY Metro Area",3362,2322,468,128,360,84
310M200US27100,27100,"Jackson, MI Metro Area",3520,2751,479,235,55,0
310M200US27140,27140,"Jackson, MS Metro Area",4838,3954,420,183,269,12
310M200US27180,27180,"Jackson, TN Metro Area",1706,1503,131,49,21,2
310M200US27260,27260,"Jacksonville, FL Metro Area",41004,31840,5396,1950,1552,266
310M200US27340,27340,"Jacksonville, NC Metro Area",8479,6346,1294,36,674,129
310M200US27500,27500,"Janesville-Beloit, WI Metro Area",5887,4406,1142,110,223,6
310M200US27620,27620,"Jefferson City, MO Metro Area",2690,2157,364,154,15,0
310M200US27740,27740,"Johnson City, TN Metro Area",3071,2157,537,193,178,6
310M200US27780,27780,"Johnstown, PA Metro Area",2425,1774,480,61,87,23
310M200US27860,27860,"Jonesboro, AR Metro Area",2076,1418,420,159,79,0
310M200US27900,27900,"Joplin, MO Metro Area",5353,4375,748,89,129,12
310M200US27980,27980,"Kahului-Wailuku-Lahaina, HI Metro Area",40441,34001,5412,442,520,66
310M200US28020,28020,"Kalamazoo-Portage, MI Metro Area",12512,9818,1886,756,40,12
310M200US28100,28100,"Kankakee, IL Metro Area",2074,1834,143,67,17,13
310M200US28140,28140,"Kansas City, MO-KS Metro Area",58917,45646,7763,2019,3193,296
310M200US28420,28420,"Kennewick-Richland, WA Metro Area",9764,7560,1379,635,120,70
310M200US28660,28660,"Killeen-Temple, TX Metro Area",20899,16609,2430,676,1049,135
310M200US28700,28700,"Kingsport-Bristol-Bristol, TN-VA Metro Area",4404,3315,653,208,228,0
310M200US28740,28740,"Kingston, NY Metro Area",6599,4939,882,649,36,93
310M200US28940,28940,"Knoxville, TN Metro Area",14938,11792,1690,809,647,0
310M200US29020,29020,"Kokomo, IN Metro Area",1936,1339,367,172,52,6
310M200US29100,29100,"La Crosse-Onalaska, WI-MN Metro Area",2117,1625,362,84,37,9
310M200US29180,29180,"Lafayette, LA Metro Area",9586,7344,968,878,396,0
310M200US29200,29200,"Lafayette-West Lafayette, IN Metro Area",4246,2916,672,289,254,115
310M200US29340,29340,"Lake Charles, LA Metro Area",3944,3046,588,86,179,45
310M200US29420,29420,"Lake Havasu City-Kingman, AZ Metro Area",6844,5171,908,160,605,0
310M200US29460,29460,"Lakeland-Winter Haven, FL Metro Area",14484,11747,1702,456,429,150
310M200US29540,29540,"Lancaster, PA Metro Area",10287,8714,1048,141,304,80
310M200US29620,29620,"Lansing-East Lansing, MI Metro Area",19782,13763,3413,1831,532,243
310M200US29700,29700,"Laredo, TX Metro Area",1523,1331,138,18,18,18
310M200US29740,29740,"Las Cruces, NM Metro Area",4392,3832,364,47,149,0
310M200US29820,29820,"Las Vegas-Henderson-Paradise, NV Metro Area",94013,69012,18521,225,5651,604
310M200US29940,29940,"Lawrence, KS Metro Area",4857,2781,1236,426,414,0
310M200US30020,30020,"Lawton, OK Metro Area",10829,7218,2331,293,879,108
310M200US30140,30140,"Lebanon, PA Metro Area",2913,2603,244,19,29,18
310M200US30300,30300,"Lewiston, ID-WA Metro Area",1762,1178,306,70,205,3
310M200US30340,30340,"Lewiston-Auburn, ME Metro Area",5091,3553,984,296,238,20
310M200US30460,30460,"Lexington-Fayette, KY Metro Area",11643,8364,2049,402,657,171
310M200US30620,30620,"Lima, OH Metro Area",2866,1955,701,81,129,0
310M200US30700,30700,"Lincoln, NE Metro Area",7998,5906,1260,331,433,68
310M200US30780,30780,"Little Rock-North Little Rock-Conway, AR Metro Area",13944,11522,1189,468,622,143
310M200US30860,30860,"Logan, UT-ID Metro Area",2649,2211,312,62,52,12
310M200US30980,30980,"Longview, TX Metro Area",3740,2697,749,225,69,0
310M200US31020,31020,"Longview, WA Metro Area",4555,3252,846,330,127,0
310M200US31080,31080,"Los Angeles-Long Beach-Anaheim, CA Metro Area",489529,407358,59529,11805,6830,4007
310M200US31140,31140,"Louisville/Jefferson County, KY-IN Metro Area",30970,25433,3750,880,690,217
310M200US31180,31180,"Lubbock, TX Metro Area",9244,6331,1812,751,258,92
310M200US31340,31340,"Lynchburg, VA Metro Area",5370,4473,360,381,153,3
310M200US31420,31420,"Macon, GA Metro Area",3346,2582,372,260,94,38
310M200US31460,31460,"Madera, CA Metro Area",4688,3860,364,399,31,34
310M200US31540,31540,"Madison, WI Metro Area",15336,11276,2756,546,640,118
310M200US31700,31700,"Manchester-Nashua, NH Metro Area",8490,6943,1010,109,393,35
310M200US31740,31740,"Manhattan, KS Metro Area",3361,2431,294,225,322,89
310M200US31860,31860,"Mankato-North Mankato, MN Metro Area",1649,1138,231,226,54,0
310M200US31900,31900,"Mansfield, OH Metro Area",4907,3351,976,557,18,5
310M200US32580,32580,"McAllen-Edinburg-Mission, TX Metro Area",6545,5748,483,97,134,83
310M200US32780,32780,"Medford, OR Metro Area",8161,6049,1398,221,486,7
310M200US32820,32820,"Memphis, TN-MS-AR Metro Area",21701,16225,4013,566,817,80
310M200US32900,32900,"Merced, CA Metro Area",11077,9286,1271,451,49,20
310M200US33100,33100,"Miami-Fort Lauderdale-West Palm Beach, FL Metro Area",114656,92024,14361,2832,3516,1923
310M200US33140,33140,"Michigan City-La Porte, IN Metro Area",2802,2249,275,158,120,0
310M200US33220,33220,"Midland, MI Metro Area",1205,897,193,85,30,0
310M200US33260,33260,"Midland, TX Metro Area",3147,2597,178,196,160,16
310M200US33340,33340,"Milwaukee-Waukesha-West Allis, WI Metro Area",38563,30209,5820,1255,1018,261
310M200US33460,33460,"Minneapolis-St. Paul-Bloomington, MN-WI Metro Area",103472,81566,12808,6156,2296,646
310M200US33540,33540,"Missoula, MT Metro Area",3409,2578,473,220,138,0
310M200US33660,33660,"Mobile, AL Metro Area",6634,5389,926,120,132,67
310M200US33700,33700,"Modesto, CA Metro Area",22395,17999,3423,803,142,28
310M200US33740,33740,"Monroe, LA Metro Area",1707,1396,130,91,78,12
310M200US33780,33780,"Monroe, MI Metro Area",2162,1823,232,64,43,0
310M200US33860,33860,"Montgomery, AL Metro Area",5579,4362,486,215,369,147
310M200US34060,34060,"Morgantown, WV Metro Area",2580,2054,340,62,121,3
310M200US34100,34100,"Morristown, TN Metro Area",2353,2149,71,112,21,0
310M200US34580,34580,"Mount Vernon-Anacortes, WA Metro Area",4084,3273,482,277,52,0
310M200US34620,34620,"Muncie, IN Metro Area",4007,2151,1156,444,232,24
310M200US34740,34740,"Muskegon, MI Metro Area",6020,4824,887,245,60,4
310M200US34820,34820,"Myrtle Beach-Conway-North Myrtle Beach, SC-NC Metro Area",7395,5317,1431,331,303,13
310M200US34900,34900,"Napa, CA Metro Area",4947,4367,395,118,42,25
310M200US34940,34940,"Naples-Immokalee-Marco Island, FL Metro Area",4087,3104,644,130,209,0
310M200US34980,34980,"Nashville-Davidson--Murfreesboro--Franklin, TN Metro Area",34734,27110,4504,1306,1230,584
310M200US35100,35100,"New Bern, NC Metro Area",2965,2169,182,135,462,17
310M200US35300,35300,"New Haven-Milford, CT Metro Area",20674,16702,2377,476,662,457
310M200US35380,35380,"New Orleans-Metairie, LA Metro Area",21619,17325,2354,699,1038,203
310M200US35620,35620,"New York-Newark-Jersey City, NY-NJ-PA Metro Area",549220,485960,36029,12665,8503,6063
310M200US35660,35660,"Niles-Benton Harbor, MI Metro Area",4185,3154,758,72,149,52
310M200US35840,35840,"North Port-Sarasota-Bradenton, FL Metro Area",10924,9055,969,259,489,152
310M200US35980,35980,"Norwich-New London, CT Metro Area",13226,10042,1736,466,974,8
310M200US36100,36100,"Ocala, FL Metro Area",7174,6023,782,263,72,34
310M200US36140,36140,"Ocean City, NJ Metro Area",1393,1202,96,0,95,0
310M200US36220,36220,"Odessa, TX Metro Area",4477,3211,802,188,193,83
310M200US36260,36260,"Ogden-Clearfield, UT Metro Area",17333,13490,2606,660,512,65
310M200US36420,36420,"Oklahoma City, OK Metro Area",82522,63847,11459,4816,2121,279
310M200US36500,36500,"Olympia-Tumwater, WA Metro Area",13070,9972,1377,885,688,148
310M200US36540,36540,"Omaha-Council Bluffs, NE-IA Metro Area",22619,17254,3413,797,1027,128
310M200US36740,36740,"Orlando-Kissimmee-Sanford, FL Metro Area",65344,51464,7928,2900,2140,912
310M200US36780,36780,"Oshkosh-Neenah, WI Metro Area",2528,2104,264,136,24,0
310M200US36980,36980,"Owensboro, KY Metro Area",2432,2009,251,170,2,0
310M200US37100,37100,"Oxnard-Thousand Oaks-Ventura, CA Metro Area",34544,28953,3777,914,716,184
310M200US37340,37340,"Palm Bay-Melbourne-Titusville, FL Metro Area",14433,11281,1886,375,608,283
310M200US37460,37460,"Panama City, FL Metro Area",6693,5175,774,140,534,70
310M200US37620,37620,"Parkersburg-Vienna, WV Metro Area",1403,1100,168,10,120,5
310M200US37860,37860,"Pensacola-Ferry Pass-Brent, FL Metro Area",20973,14402,3904,872,1630,165
310M200US37900,37900,"Peoria, IL Metro Area",7836,5884,1527,371,45,9
310M200US37980,37980,"Philadelphia-Camden-Wilmington, PA-NJ-DE-MD Metro Area",142528,120752,12845,3649,4157,1125
310M200US38060,38060,"Phoenix-Mesa-Scottsdale, AZ Metro Area",132645,102464,20754,2835,5704,888
310M200US38220,38220,"Pine Bluff, AR Metro Area",1059,904,63,54,38,0
310M200US38300,38300,"Pittsburgh, PA Metro Area",46121,36858,6073,1296,1457,437
310M200US38340,38340,"Pittsfield, MA Metro Area",2929,2386,322,37,172,12
310M200US38540,38540,"Pocatello, ID Metro Area",2328,1779,276,106,115,52
310M200US38860,38860,"Portland-South Portland, ME Metro Area",9984,8230,1017,490,176,71
310M200US38900,38900,"Portland-Vancouver-Hillsboro, OR-WA Metro Area",98347,76979,11621,4358,4959,430
310M200US38940,38940,"Port St. Lucie, FL Metro Area",9218,7595,499,599,512,13
310M200US39140,39140,"Prescott, AZ Metro Area",4926,4039,361,147,369,10
310M200US39300,39300,"Providence-Warwick, RI-MA Metro Area",43687,34890,5683,1292,1300,522
310M200US39340,39340,"Provo-Orem, UT Metro Area",13673,10150,2199,507,498,319
310M200US39380,39380,"Pueblo, CO Metro Area",7048,5502,1120,264,162,0
310M200US39460,39460,"Punta Gorda, FL Metro Area",2917,2410,285,130,85,7
310M200US39540,39540,"Racine, WI Metro Area",5448,4572,656,118,102,0
310M200US39580,39580,"Raleigh, NC Metro Area",28086,22684,3167,829,1063,343
310M200US39660,39660,"Rapid City, SD Metro Area",6703,5054,1216,310,92,31
310M200US39740,39740,"Reading, PA Metro Area",16831,14012,1915,355,309,240
310M200US39820,39820,"Redding, CA Metro Area",7922,6346,945,339,273,19
310M200US39900,39900,"Reno, NV Metro Area",16291,12336,2413,601,852,89
310M200US40060,40060,"Richmond, VA Metro Area",31887,24828,2973,2666,1092,328
310M200US40140,40140,"Riverside-San Bernardino-Ontario, CA Metro Area",184049,148423,21836,8947,3892,951
310M200US40220,40220,"Roanoke, VA Metro Area",7347,5637,959,571,171,9
310M200US40340,40340,"Rochester, MN Metro Area",4189,3071,785,159,124,50
310M200US40380,40380,"Rochester, NY Metro Area",25095,20197,3568,694,489,147
310M200US40420,40420,"Rockford, IL Metro Area",9141,7070,1620,180,220,51
310M200US40580,40580,"Rocky Mount, NC Metro Area",3258,2542,198,400,118,0
310M200US40660,40660,"Rome, GA Metro Area",1510,1190,253,53,14,0
310M200US40900,40900,"Sacramento--Roseville--Arden-Arcade, CA Metro Area",129226,102604,19289,5066,1394,873
310M200US40980,40980,"Saginaw, MI Metro Area",6007,4681,953,216,121,36
310M200US41060,41060,"St. Cloud, MN Metro Area",3197,2113,442,461,167,14
310M200US41100,41100,"St. George, UT Metro Area",3223,2461,306,52,404,0
310M200US41140,41140,"St. Joseph, MO-KS Metro Area",3908,2635,807,352,106,8
310M200US41180,41180,"St. Louis, MO-IL Metro Area",59868,48913,5670,2531,2022,732
310M200US41420,41420,"Salem, OR Metro Area",20420,15073,3193,1289,817,48
310M200US41500,41500,"Salinas, CA Metro Area",15961,13017,1424,964,429,127
310M200US41540,41540,"Salisbury, MD-DE Metro Area",8380,6973,748,181,454,24
310M200US41620,41620,"Salt Lake City, UT Metro Area",29921,24052,3750,482,1310,327
310M200US41660,41660,"San Angelo, TX Metro Area",2531,1799,444,65,223,0
310M200US41700,41700,"San Antonio-New Braunfels, TX Metro Area",68171,54561,7492,2711,2580,827
310M200US41740,41740,"San Diego-Carlsbad, CA Metro Area",150523,122618,19640,2866,4035,1364
310M200US41860,41860,"San Francisco-Oakland-Hayward, CA Metro Area",243432,203764,21688,12467,3889,1624
310M200US41940,41940,"San Jose-Sunnyvale-Santa Clara, CA Metro Area",86616,72340,8973,2895,1331,1077
310M200US42020,42020,"San Luis Obispo-Paso Robles-Arroyo Grande, CA Metro Area",9137,6601,1555,771,131,79
310M200US42100,42100,"Santa Cruz-Watsonville, CA Metro Area",11557,9155,1141,1021,179,61
310M200US42140,42140,"Santa Fe, NM Metro Area",3797,3250,274,72,186,15
310M200US42200,42200,"Santa Maria-Santa Barbara, CA Metro Area",17640,12647,3125,1137,512,219
310M200US42220,42220,"Santa Rosa, CA Metro Area",23274,19771,2258,876,258,111
310M200US42340,42340,"Savannah, GA Metro Area",8948,6629,1137,324,665,193
310M200US42540,42540,"Scranton--Wilkes-Barre--Hazleton, PA Metro Area",8326,6651,954,328,314,79
310M200US42660,42660,"Seattle-Tacoma-Bellevue, WA Metro Area",212439,164892,30929,6833,8229,1556
310M200US42680,42680,"Sebastian-Vero Beach, FL Metro Area",2280,1762,370,50,98,0
310M200US42700,42700,"Sebring, FL Metro Area",1737,1187,510,26,14,0
310M200US43100,43100,"Sheboygan, WI Metro Area",2164,1649,228,225,42,20
310M200US43300,43300,"Sherman-Denison, TX Metro Area",3354,2319,621,207,135,72
310M200US43340,43340,"Shreveport-Bossier City, LA Metro Area",7472,6125,816,282,186,63
310M200US43420,43420,"Sierra Vista-Douglas, AZ Metro Area",7200,5420,772,387,575,46
310M200US43580,43580,"Sioux City, IA-NE-SD Metro Area",3776,3145,366,42,196,27
310M200US43620,43620,"Sioux Falls, SD Metro Area",5254,4182,809,121,64,78
310M200US43780,43780,"South Bend-Mishawaka, IN-MI Metro Area",9639,7720,1332,240,254,93
310M200US43900,43900,"Spartanburg, SC Metro Area",5462,4282,717,227,35,201
310M200US44060,44060,"Spokane-Spokane Valley, WA Metro Area",20624,16024,2861,858,761,120
310M200US44100,44100,"Springfield, IL Metro Area",4397,3213,1056,78,22,28
310M200US44140,44140,"Springfield, MA Metro Area",14592,11898,1844,369,293,188
310M200US44180,44180,"Springfield, MO Metro Area",10701,8291,1569,390,424,27
310M200US44220,44220,"Springfield, OH Metro Area",4061,2837,968,164,92,0
310M200US44300,44300,"State College, PA Metro Area",2353,1312,227,300,203,311
310M200US44420,44420,"Staunton-Waynesboro, VA Metro Area",2126,1801,143,117,60,5
310M200US44700,44700,"Stockton-Lodi, CA Metro Area",56733,44828,8553,2684,524,144
310M200US44940,44940,"Sumter, SC Metro Area",2386,1802,387,74,107,16
310M200US45060,45060,"Syracuse, NY Metro Area",17616,13860,2545,553,463,195
310M200US45220,45220,"Tallahassee, FL Metro Area",7432,4890,1549,576,371,46
310M200US45300,45300,"Tampa-St. Petersburg-Clearwater, FL Metro Area",77536,62001,9554,2834,2213,934
310M200US45460,45460,"Terre Haute, IN Metro Area",4353,3125,636,311,281,0
310M200US45500,45500,"Texarkana, TX-AR Metro Area",3239,2517,270,323,119,10
310M200US45540,45540,"The Villages, FL Metro Area",1201,815,98,142,121,25
310M200US45780,45780,"Toledo, OH Metro Area",20607,15864,3523,470,639,111
310M200US45820,45820,"Topeka, KS Metro Area",10894,8114,1960,510,267,43
310M200US45940,45940,"Trenton, NJ Metro Area",6697,5774,341,276,278,28
310M200US46060,46060,"Tucson, AZ Metro Area",36321,27358,6131,727,1861,244
310M200US46140,46140,"Tulsa, OK Metro Area",76587,60906,9879,3916,1720,166
310M200US46220,46220,"Tuscaloosa, AL Metro Area",2082,1754,170,80,78,0
310M200US46340,46340,"Tyler, TX Metro Area",3074,2272,424,275,91,12
310M200US46520,46520,"Urban Honolulu, HI Metro Area",218067,186726,24172,980,5396,793
310M200US46540,46540,"Utica-Rome, NY Metro Area",6535,4826,1303,265,137,4
310M200US46660,46660,"Valdosta, GA Metro Area",3269,2185,507,166,397,14
310M200US46700,46700,"Vallejo-Fairfield, CA Metro Area",29350,24260,3481,1091,387,131
310M200US47020,47020,"Victoria, TX Metro Area",2752,2054,484,153,61,0
310M200US47220,47220,"Vineland-Bridgeton, NJ Metro Area",6243,5264,693,165,102,19
310M200US47260,47260,"Virginia Beach-Norfolk-Newport News, VA-NC Metro Area",60455,45905,6779,4045,3097,629
310M200US47300,47300,"Visalia-Porterville, CA Metro Area",14971,12164,2350,208,233,16
310M200US47380,47380,"Waco, TX Metro Area",5793,4549,699,487,28,30
310M200US47460,47460,"Walla Walla, WA Metro Area",2378,1493,385,336,138,26
310M200US47580,47580,"Warner Robins, GA Metro Area",4766,3995,452,119,162,38
310M200US47900,47900,"Washington-Arlington-Alexandria, DC-VA-MD-WV Metro Area",218154,178806,17209,8624,9529,3986
310M200US47940,47940,"Waterloo-Cedar Falls, IA Metro Area",3015,2452,288,156,111,8
310M200US48060,48060,"Watertown-Fort Drum, NY Metro Area",4853,2650,957,281,714,251
310M200US48140,48140,"Wausau, WI Metro Area",2289,1355,779,89,54,12
310M200US48260,48260,"Weirton-Steubenville, WV-OH Metro Area",2089,1638,235,111,105,0
310M200US48300,48300,"Wenatchee, WA Metro Area",2755,2207,393,128,27,0
310M200US48540,48540,"Wheeling, WV-OH Metro Area",1939,1375,389,96,68,11
310M200US48620,48620,"Wichita, KS Metro Area",21684,18357,2407,490,263,167
310M200US48660,48660,"Wichita Falls, TX Metro Area",4784,3663,744,76,248,53
310M200US48700,48700,"Williamsport, PA Metro Area",1985,1492,382,82,27,2
310M200US48900,48900,"Wilmington, NC Metro Area",4899,3687,635,341,198,38
310M200US49020,49020,"Winchester, VA-WV Metro Area",2602,2022,208,243,123,6
310M200US49180,49180,"Winston-Salem, NC Metro Area",9278,7587,982,474,230,5
310M200US49340,49340,"Worcester, MA-CT Metro Area",24981,20581,3102,663,467,168
310M200US49420,49420,"Yakima, WA Metro Area",7537,6217,931,224,165,0
310M200US49620,49620,"York-Hanover, PA Metro Area",9442,7552,1350,267,242,31
310M200US49660,49660,"Youngstown-Warren-Boardman, OH-PA Metro Area",11526,9098,1574,415,439,0
310M200US49700,49700,"Yuba City, CA Metro Area",10996,8480,1588,603,185,140
310M200US49740,49740,"Yuma, AZ Metro Area",4499,3468,461,182,267,121
