GEO.id,GEO.id2,GEO.display-label,HD01_VD01,HD01_VD02,HD01_VD03,HD01_VD04,HD01_VD05,HD01_VD06
Id,Id2,Geography,Estimate; Total:,Estimate; Total: - Same house 1 year ago,Estimate; Total: - Moved within same county,Estimate; Total: - Moved from different county within same state,Estimate; Total: - Moved from different state,Estimate; Total: - Moved from abroad
310M200US10180,10180,"Abilene, TX Metro Area",109655,86702,12788,7180,2648,337
310M200US10420,10420,"Akron, OH Metro Area",567156,501603,38481,18555,7355,1162
310M200US10500,10500,"Albany, GA Metro Area",65463,56703,3332,3754,1650,24
310M200US10540,10540,"Albany, OR Metro Area",101874,84849,10252,4462,2040,271
310M200US10580,10580,"Albany-Schenectady-Troy, NY Metro Area",709035,628134,42144,26401,10190,2166
310M200US10740,10740,"Albuquerque, NM Metro Area",366014,312160,29193,9149,13633,1879
310M200US10780,10780,"Alexandria, LA Metro Area",97430,88173,4901,3064,1230,62
310M200US10900,10900,"Allentown-Bethlehem-Easton, PA-NJ Metro Area",625971,566714,32866,14819,10242,1330
310M200US11020,11020,"Altoona, PA Metro Area",119173,106648,9055,2380,956,134
310M200US11100,11100,"Amarillo, TX Metro Area",158871,134847,11586,9650,2505,283
310M200US11180,11180,"Ames, IA Metro Area",79307,55115,12723,7072,3936,461
310M200US11260,11260,"Anchorage, AK Metro Area",255177,210982,25777,5774,11333,1311
310M200US11460,11460,"Ann Arbor, MI Metro Area",249249,196958,26513,14513,9566,1699
310M200US11500,11500,"Anniston-Oxford-Jacksonville, AL Metro Area",84239,71984,6219,3612,2294,130
310M200US11540,11540,"Appleton, WI Metro Area",203262,183459,9796,7880,1686,441
310M200US11700,11700,"Asheville, NC Metro Area",371412,318572,26939,12230,13103,568
310M200US12020,12020,"Athens-Clarke County, GA Metro Area",131328,105334,10702,11202,3544,546
310M200US12060,12060,"Atlanta-Sandy Springs-Roswell, GA Metro Area",2707078,2346691,166625,120886,63845,9031
310M200US12100,12100,"Atlantic City-Hammonton, NJ Metro Area",156186,141714,8045,3535,2568,324
310M200US12220,12220,"Auburn-Opelika, AL Metro Area",102055,78100,12150,5863,5427,515
310M200US12260,12260,"Augusta-Richmond County, GA-SC Metro Area",319793,278415,18688,9126,12332,1232
310M200US12420,12420,"Austin-Round Rock, TX Metro Area",1002393,803888,98024,60908,34744,4829
310M200US12540,12540,"Bakersfield, CA Metro Area",313825,258806,39724,9643,4866,786
310M200US12580,12580,"Baltimore-Columbia-Towson, MD Metro Area",1604304,1432687,84248,43720,37862,5787
310M200US12620,12620,"Bangor, ME Metro Area",143265,121141,12907,5864,3121,232
310M200US12700,12700,"Barnstable Town, MA Metro Area",194405,177531,8948,3804,3572,550
310M200US12940,12940,"Baton Rouge, LA Metro Area",463971,404606,31542,17170,10008,645
310M200US12980,12980,"Battle Creek, MI Metro Area",105610,89762,9690,4247,1804,107
310M200US13020,13020,"Bay City, MI Metro Area",95895,85062,7323,2499,877,134
310M200US13140,13140,"Beaumont-Port Arthur, TX Metro Area",232858,203658,14624,9739,4515,322
310M200US13220,13220,"Beckley, WV Metro Area",109480,98399,6193,3440,1383,65
310M200US13380,13380,"Bellingham, WA Metro Area",164797,136644,18678,5688,3011,776
310M200US13460,13460,"Bend-Redmond, OR Metro Area",145204,119566,17352,3506,4551,229
310M200US13740,13740,"Billings, MT Metro Area",143312,122096,12368,3980,4562,306
310M200US13780,13780,"Binghamton, NY Metro Area",214273,189276,16316,5433,2899,349
310M200US13820,13820,"Birmingham-Hoover, AL Metro Area",724743,631167,50077,28136,14150,1213
310M200US13900,13900,"Bismarck, ND Metro Area",107868,93000,7170,4553,2972,173
310M200US13980,13980,"Blacksburg-Christiansburg-Radford, VA Metro Area",156200,123506,14565,11593,5671,865
310M200US14010,14010,"Bloomington, IL Metro Area",153298,126440,15558,8261,2837,202
310M200US14020,14020,"Bloomington, IN Metro Area",139869,100462,21485,11631,5208,1083
310M200US14100,14100,"Bloomsburg-Berwick, PA Metro Area",79181,70566,3938,3551,1023,103
310M200US14260,14260,"Boise City, ID Metro Area",522692,435468,50191,16680,19331,1022
310M200US14460,14460,"Boston-Cambridge-Newton, MA-NH Metro Area",3397444,2991225,211315,96128,79794,18982
310M200US14500,14500,"Boulder, CO Metro Area",241332,185384,28573,12412,13220,1743
310M200US14540,14540,"Bowling Green, KY Metro Area",137735,111049,14626,7612,4020,428
310M200US14740,14740,"Bremerton-Silverdale, WA Metro Area",196426,161130,20143,5049,8875,1229
310M200US14860,14860,"Bridgeport-Stamford-Norwalk, CT Metro Area",597831,541639,32136,4377,16123,3556
310M200US15180,15180,"Brownsville-Harlingen, TX Metro Area",41794,37443,2326,818,850,357
310M200US15260,15260,"Brunswick, GA Metro Area",77261,64148,6827,3570,2678,38
310M200US15380,15380,"Buffalo-Cheektowaga-Niagara Falls, NY Metro Area",883388,797131,61810,15588,7413,1446
310M200US15500,15500,"Burlington, NC Metro Area",101683,88916,7170,2971,2334,292
310M200US15540,15540,"Burlington-South Burlington, VT Metro Area",194058,163190,18456,4084,7410,918
310M200US15680,15680,"California-Lexington Park, MD Metro Area",82106,72673,4993,1920,2150,370
310M200US15940,15940,"Canton-Massillon, OH Metro Area",350903,312339,24942,9446,3643,533
310M200US15980,15980,"Cape Coral-Fort Myers, FL Metro Area",458742,386314,39746,8707,21641,2334
310M200US16020,16020,"Cape Girardeau, MO-IL Metro Area",83201,70303,7075,3840,1781,202
310M200US16060,16060,"Carbondale-Marion, IL Metro Area",104565,88684,8068,5647,1923,243
310M200US16180,16180,"Carson City, NV Metro Area",37278,29431,3826,2378,1605,38
310M200US16220,16220,"Casper, WY Metro Area",69170,57281,7301,1919,2557,112
310M200US16300,16300,"Cedar Rapids, IA Metro Area",232998,203761,17793,7163,3863,418
310M200US16540,16540,"Chambersburg-Waynesboro, PA Metro Area",134334,121267,7601,2630,2444,392
310M200US16580,16580,"Champaign-Urbana, IL Metro Area",170048,135055,18493,10792,4680,1028
310M200US16620,16620,"Charleston, WV Metro Area",198793,176012,15067,4406,3111,197
310M200US16700,16700,"Charleston-North Charleston, SC Metro Area",449542,369550,38513,16271,24009,1199
310M200US16740,16740,"Charlotte-Concord-Gastonia, NC-SC Metro Area",1460778,1270009,101169,40715,45579,3306
310M200US16820,16820,"Charlottesville, VA Metro Area",167382,140361,9188,11454,5314,1065
310M200US16860,16860,"Chattanooga, TN-GA Metro Area",421830,368051,28972,10126,14080,601
310M200US16940,16940,"Cheyenne, WY Metro Area",74867,62487,6956,1005,3973,446
310M200US16980,16980,"Chicago-Naperville-Elgin, IL-IN-WI Metro Area",5095764,4528753,336300,110701,100508,19502
310M200US17020,17020,"Chico, CA Metro Area",162660,132016,21733,6427,2009,475
310M200US17140,17140,"Cincinnati, OH-KY-IN Metro Area",1707310,1478982,127675,57760,39589,3304
310M200US17300,17300,"Clarksville, TN-KY Metro Area",181704,142937,17329,4078,15428,1932
310M200US17420,17420,"Cleveland, TN Metro Area",103897,89626,8613,2311,3209,138
310M200US17460,17460,"Cleveland-Elyria, OH Metro Area",1452285,1292178,103866,35421,16665,4155
310M200US17660,17660,"Coeur d'Alene, ID Metro Area",130697,108116,13883,2556,5953,189
310M200US17780,17780,"College Station-Bryan, TX Metro Area",137992,98186,18005,17484,3318,999
310M200US17820,17820,"Colorado Springs, CO Metro Area",477852,380873,52247,8918,31309,4505
310M200US17860,17860,"Columbia, MO Metro Area",135082,104389,17448,7634,5313,298
310M200US17900,17900,"Columbia, SC Metro Area",451792,379885,33408,17835,19067,1597
310M200US17980,17980,"Columbus, GA-AL Metro Area",149505,117915,10532,6471,13404,1183
310M200US18020,18020,"Columbus, IN Metro Area",66727,58580,4841,2067,1040,199
310M200US18140,18140,"Columbus, OH Metro Area",1468079,1239899,135984,63241,25014,3941
310M200US18580,18580,"Corpus Christi, TX Metro Area",151895,121216,13498,10101,6748,332
310M200US18700,18700,"Corvallis, OR Metro Area",70654,55473,7153,4824,2815,389
310M200US18880,18880,"Crestview-Fort Walton Beach-Destin, FL Metro Area",192541,158748,16412,6554,9721,1106
310M200US19060,19060,"Cumberland, MD-WV Metro Area",89693,80020,6500,1490,1597,86
310M200US19100,19100,"Dallas-Fort Worth-Arlington, TX Metro Area",3302524,2799079,273758,147170,72510,10007
310M200US19140,19140,"Dalton, GA Metro Area",94598,83382,6569,2849,1663,135
310M200US19180,19180,"Danville, IL Metro Area",63089,56016,4992,1039,951,91
310M200US19300,19300,"Daphne-Fairhope-Foley, AL Metro Area",160360,137700,13197,3604,5407,452
310M200US19340,19340,"Davenport-Moline-Rock Island, IA-IL Metro Area",305203,270642,20850,5387,7878,446
310M200US19380,19380,"Dayton, OH Metro Area",613369,514549,60448,22711,13965,1696
310M200US19460,19460,"Decatur, AL Metro Area",116584,102550,9077,3698,1130,129
310M200US19500,19500,"Decatur, IL Metro Area",83607,71285,8631,2408,1122,161
310M200US19660,19660,"Deltona-Daytona Beach-Ormond Beach, FL Metro Area",444828,384169,30701,11757,16863,1338
310M200US19740,19740,"Denver-Aurora-Lakewood, CO Metro Area",1740782,1439874,125203,99935,68898,6872
310M200US19780,19780,"Des Moines-West Des Moines, IA Metro Area",489113,413329,44211,20985,9740,848
310M200US19820,19820,"Detroit-Warren-Dearborn, MI Metro Area",2862392,2539080,206890,76492,29016,10914
310M200US20020,20020,"Dothan, AL Metro Area",103145,91058,7413,2211,2357,106
310M200US20100,20100,"Dover, DE Metro Area",106925,93333,7848,2146,3228,370
310M200US20220,20220,"Dubuque, IA Metro Area",87354,75833,6974,1628,2737,182
310M200US20260,20260,"Duluth, MN-WI Metro Area",253181,217125,22296,8258,4975,527
310M200US20500,20500,"Durham-Chapel Hill, NC Metro Area",289676,237231,21749,16333,12353,2010
310M200US20700,20700,"East Stroudsburg, PA Metro Area",114293,103910,5291,2460,2395,237
310M200US20740,20740,"Eau Claire, WI Metro Area",150144,125796,13715,7787,2585,261
310M200US20940,20940,"El Centro, CA Metro Area",22171,19179,1460,735,699,98
310M200US21060,21060,"Elizabethtown-Fort Knox, KY Metro Area",119678,97738,11090,4961,4996,893
310M200US21140,21140,"Elkhart-Goshen, IN Metro Area",150383,132707,12840,2758,1842,236
310M200US21300,21300,"Elmira, NY Metro Area",75635,65865,6460,1942,1237,131
310M200US21340,21340,"El Paso, TX Metro Area",109817,86027,10305,1962,8969,2554
310M200US21500,21500,"Erie, PA Metro Area",237001,205002,22422,4696,4534,347
310M200US21660,21660,"Eugene, OR Metro Area",295272,235617,40699,7612,10140,1204
310M200US21780,21780,"Evansville, IN-KY Metro Area",272478,237009,21033,8875,5237,324
310M200US21820,21820,"Fairbanks, AK Metro Area",70598,53831,8893,1720,5443,711
310M200US22020,22020,"Fargo, ND-MN Metro Area",196393,157284,20413,5865,12278,553
310M200US22140,22140,"Farmington, NM Metro Area",50746,44685,3849,434,1646,132
310M200US22180,22180,"Fayetteville, NC Metro Area",166122,132171,14757,4781,11909,2504
310M200US22220,22220,"Fayetteville-Springdale-Rogers, AR-MO Metro Area",363906,299092,39481,11952,12464,917
310M200US22380,22380,"Flagstaff, AZ Metro Area",74032,55937,8386,4849,4574,286
310M200US22420,22420,"Flint, MI Metro Area",298910,259750,27518,7892,3203,547
310M200US22500,22500,"Florence, SC Metro Area",109739,98575,6849,2492,1774,49
310M200US22520,22520,"Florence-Muscle Shoals, AL Metro Area",120603,104179,9654,4319,2301,150
310M200US22540,22540,"Fond du Lac, WI Metro Area",91951,82185,6188,2622,826,130
310M200US22660,22660,"Fort Collins, CO Metro Area",263344,209906,29784,11248,11309,1097
310M200US22900,22900,"Fort Smith, AR-OK Metro Area",204532,175150,17311,6091,5758,222
310M200US23060,23060,"Fort Wayne, IN Metro Area",328078,288280,27309,6728,5390,371
310M200US23420,23420,"Fresno, CA Metro Area",295592,251937,31930,7699,2770,1256
310M200US23460,23460,"Gadsden, AL Metro Area",80670,70117,7346,2393,715,99
310M200US23540,23540,"Gainesville, FL Metro Area",172829,134875,19705,11981,5438,830
310M200US23580,23580,"Gainesville, GA Metro Area",115936,100923,7527,5661,1673,152
310M200US23900,23900,"Gettysburg, PA Metro Area",90634,80083,6386,1963,2027,175
310M200US24020,24020,"Glens Falls, NY Metro Area",119012,104895,7557,4642,1773,145
310M200US24140,24140,"Goldsboro, NC Metro Area",67177,57468,5475,2296,1765,173
310M200US24220,24220,"Grand Forks, ND-MN Metro Area",86565,69597,7962,2904,5643,459
310M200US24260,24260,"Grand Island, NE Metro Area",63749,55273,4451,2700,1144,181
310M200US24300,24300,"Grand Junction, CO Metro Area",120001,97187,14217,3664,4588,345
310M200US24340,24340,"Grand Rapids-Wyoming, MI Metro Area",803664,689794,66899,33945,10979,2047
310M200US24420,24420,"Grants Pass, OR Metro Area",72538,61860,6673,1456,2462,87
310M200US24500,24500,"Great Falls, MT Metro Area",69904,59669,6452,1516,2022,245
310M200US24540,24540,"Greeley, CO Metro Area",179109,146891,14346,11263,6082,527
310M200US24580,24580,"Green Bay, WI Metro Area",262484,232050,20139,7045,2794,456
310M200US24660,24660,"Greensboro-High Point, NC Metro Area",444024,395123,27995,12296,7772,838
310M200US24780,24780,"Greenville, NC Metro Area",96601,77083,9491,7376,2470,181
310M200US24860,24860,"Greenville-Anderson-Mauldin, SC Metro Area",622020,535451,45540,19416,19213,2400
310M200US25060,25060,"Gulfport-Biloxi-Pascagoula, MS Metro Area",260802,219213,23705,6732,10367,785
310M200US25180,25180,"Hagerstown-Martinsburg, MD-WV Metro Area",212141,184649,15828,4807,6621,236
310M200US25220,25220,"Hammond, LA Metro Area",79625,68245,5942,3582,1678,178
310M200US25260,25260,"Hanford-Corcoran, CA Metro Area",50888,40963,5277,2733,1802,113
310M200US25420,25420,"Harrisburg-Carlisle, PA Metro Area",437218,384039,28268,16171,7182,1558
310M200US25500,25500,"Harrisonburg, VA Metro Area",104863,85344,7251,9062,2615,591
310M200US25540,25540,"Hartford-West Hartford-East Hartford, CT Metro Area",837882,754957,45456,21843,13854,1772
310M200US25620,25620,"Hattiesburg, MS Metro Area",96156,77419,7051,8406,2995,285
310M200US25860,25860,"Hickory-Lenoir-Morganton, NC Metro Area",294979,261503,19769,9799,3653,255
310M200US25940,25940,"Hilton Head Island-Bluffton-Beaufort, SC Metro Area",124236,101711,8656,2479,10815,575
310M200US25980,25980,"Hinesville, GA Metro Area",36148,25995,2538,2488,4109,1018
310M200US26140,26140,"Homosassa Springs, FL Metro Area",123532,106952,9814,3502,3153,111
310M200US26300,26300,"Hot Springs, AR Metro Area",79804,67492,7213,2235,2778,86
310M200US26380,26380,"Houma-Thibodaux, LA Metro Area",150279,133422,10074,5067,1533,183
310M200US26420,26420,"Houston-The Woodlands-Sugar Land, TX Metro Area",2396755,2044256,192974,88641,55619,15265
310M200US26580,26580,"Huntington-Ashland, WV-KY-OH Metro Area",339275,298708,22816,9475,7972,304
310M200US26620,26620,"Huntsville, AL Metro Area",293246,256247,22064,6728,7710,497
310M200US26820,26820,"Idaho Falls, ID Metro Area",114693,97952,9358,3614,3308,461
310M200US26900,26900,"Indianapolis-Carmel-Anderson, IN Metro Area",1432355,1230674,112774,62260,24027,2620
310M200US26980,26980,"Iowa City, IA Metro Area",131742,102831,16095,6614,5707,495
310M200US27060,27060,"Ithaca, NY Metro Area",80481,63921,7658,3521,4779,602
310M200US27100,27100,"Jackson, MI Metro Area",135039,115280,13138,5159,1307,155
310M200US27140,27140,"Jackson, MS Metro Area",269386,236029,16181,11694,5121,361
310M200US27180,27180,"Jackson, TN Metro Area",81082,72438,4424,2869,1257,94
310M200US27260,27260,"Jacksonville, FL Metro Area",897534,753175,78358,33496,29243,3262
310M200US27340,27340,"Jacksonville, NC Metro Area",121024,89937,13108,3466,12165,2348
310M200US27500,27500,"Janesville-Beloit, WI Metro Area",133247,115209,12468,2388,3053,129
310M200US27620,27620,"Jefferson City, MO Metro Area",129115,111539,7634,7789,1987,166
310M200US27740,27740,"Johnson City, TN Metro Area",181854,156271,14619,6824,3796,344
310M200US27780,27780,"Johnstown, PA Metro Area",128552,115877,7781,3553,1226,115
310M200US27860,27860,"Jonesboro, AR Metro Area",99545,79454,13381,4584,2022,104
310M200US27900,27900,"Joplin, MO Metro Area",149240,126516,13507,5164,3962,91
310M200US27980,27980,"Kahului-Wailuku-Lahaina, HI Metro Area",50203,40010,5632,413,3573,575
310M200US28020,28020,"Kalamazoo-Portage, MI Metro Area",261380,215766,27472,12809,4599,734
310M200US28100,28100,"Kankakee, IL Metro Area",80835,72754,4656,2176,1017,232
310M200US28140,28140,"Kansas City, MO-KS Metro Area",1493275,1285627,112738,44715,47053,3142
310M200US28420,28420,"Kennewick-Richland, WA Metro Area",168883,144122,13500,7160,3632,469
310M200US28660,28660,"Killeen-Temple, TX Metro Area",217136,170153,19713,9807,14628,2835
310M200US28700,28700,"Kingsport-Bristol-Bristol, TN-VA Metro Area",288376,250501,21187,8415,7913,360
310M200US28740,28740,"Kingston, NY Metro Area",144716,130960,8236,3996,1313,211
310M200US28940,28940,"Knoxville, TN Metro Area",738293,639861,54294,26028,16649,1461
310M200US29020,29020,"Kokomo, IN Metro Area",70752,60738,7295,1781,816,122
310M200US29100,29100,"La Crosse-Onalaska, WI-MN Metro Area",123014,100991,13162,5175,3440,246
310M200US29180,29180,"Lafayette, LA Metro Area",323879,279972,24951,11786,6231,939
310M200US29200,29200,"Lafayette-West Lafayette, IN Metro Area",166871,128264,22957,10305,4638,707
310M200US29340,29340,"Lake Charles, LA Metro Area",139164,118701,14328,2809,3130,196
310M200US29420,29420,"Lake Havasu City-Kingman, AZ Metro Area",158168,125884,17431,2425,11774,654
310M200US29460,29460,"Lakeland-Winter Haven, FL Metro Area",387706,329047,36575,9781,10887,1416
310M200US29540,29540,"Lancaster, PA Metro Area",437098,394559,29135,7677,4868,859
310M200US29620,29620,"Lansing-East Lansing, MI Metro Area",358607,293015,31229,27312,6254,797
310M200US29700,29700,"Laredo, TX Metro Area",9396,8034,748,247,272,95
310M200US29740,29740,"Las Cruces, NM Metro Area",61560,50517,5996,1890,2630,527
310M200US29820,29820,"Las Vegas-Henderson-Paradise, NV Metro Area",924998,750394,123453,2462,45289,3400
310M200US29940,29940,"Lawrence, KS Metro Area",91225,68116,13737,5143,3479,750
310M200US30020,30020,"Lawton, OK Metro Area",76053,57767,7648,1905,7605,1128
310M200US30140,30140,"Lebanon, PA Metro Area",113797,102097,6575,3952,1047,126
310M200US30300,30300,"Lewiston, ID-WA Metro Area",54540,46081,4943,997,2500,19
310M200US30340,30340,"Lewiston-Auburn, ME Metro Area",97259,83679,9106,3005,1325,144
310M200US30460,30460,"Lexington-Fayette, KY Metro Area",379369,304758,42001,19531,11806,1273
310M200US30620,30620,"Lima, OH Metro Area",85032,72342,7826,2920,1890,54
310M200US30700,30700,"Lincoln, NE Metro Area",260479,209430,34362,9640,6186,861
310M200US30780,30780,"Little Rock-North Little Rock-Conway, AR Metro Area",490774,424887,35920,17835,10647,1485
310M200US30860,30860,"Logan, UT-ID Metro Area",108698,87526,11614,4650,4079,829
310M200US30980,30980,"Longview, TX Metro Area",138565,113985,11962,9960,2297,361
310M200US31020,31020,"Longview, WA Metro Area",85836,71259,11039,1912,1504,122
310M200US31080,31080,"Los Angeles-Long Beach-Anaheim, CA Metro Area",3992183,3439743,374905,76934,74544,26057
310M200US31140,31140,"Louisville/Jefferson County, KY-IN Metro Area",970374,851695,70521,26957,19638,1563
310M200US31180,31180,"Lubbock, TX Metro Area",165402,126928,22198,11851,3789,636
310M200US31340,31340,"Lynchburg, VA Metro Area",195203,169259,9201,10854,5299,590
310M200US31420,31420,"Macon, GA Metro Area",116012,101183,6533,6414,1744,138
310M200US31460,31460,"Madera, CA Metro Area",54965,49800,2390,2400,282,93
310M200US31540,31540,"Madison, WI Metro Area",518443,429007,56745,17383,13653,1655
310M200US31700,31700,"Manchester-Nashua, NH Metro Area",346013,303670,26492,5357,9755,739
310M200US31740,31740,"Manhattan, KS Metro Area",77572,60802,6510,5619,4003,638
310M200US31860,31860,"Mankato-North Mankato, MN Metro Area",87395,72602,5846,7011,1680,256
310M200US31900,31900,"Mansfield, OH Metro Area",104441,89400,9783,4038,1112,108
310M200US32580,32580,"McAllen-Edinburg-Mission, TX Metro Area",59244,51029,3283,1369,2856,707
310M200US32780,32780,"Medford, OR Metro Area",170340,139894,19365,4189,6493,399
310M200US32820,32820,"Memphis, TN-MS-AR Metro Area",598778,521465,43255,12711,19575,1772
310M200US32900,32900,"Merced, CA Metro Area",78282,67103,7617,2822,647,93
310M200US33100,33100,"Miami-Fort Lauderdale-West Palm Beach, FL Metro Area",1923629,1651899,156862,39706,55251,19911
310M200US33140,33140,"Michigan City-La Porte, IN Metro Area",88699,76227,6684,3828,1883,77
310M200US33220,33220,"Midland, MI Metro Area",76239,66384,4949,2922,1696,288
310M200US33260,33260,"Midland, TX Metro Area",77003,64231,6473,4176,1834,289
310M200US33340,33340,"Milwaukee-Waukesha-West Allis, WI Metro Area",1056312,928913,74188,33994,17084,2133
310M200US33460,33460,"Minneapolis-St. Paul-Bloomington, MN-WI Metro Area",2650030,2310124,165636,116942,49528,7800
310M200US33540,33540,"Missoula, MT Metro Area",100048,79035,12817,3511,4103,582
310M200US33660,33660,"Mobile, AL Metro Area",238054,206843,23542,2845,4440,384
310M200US33700,33700,"Modesto, CA Metro Area",233352,198805,25059,6247,2596,645
310M200US33740,33740,"Monroe, LA Metro Area",105816,94896,6708,2654,1471,87
310M200US33780,33780,"Monroe, MI Metro Area",136717,122329,8169,3828,2240,151
310M200US33860,33860,"Montgomery, AL Metro Area",186054,159743,10442,9400,5664,805
310M200US34060,34060,"Morgantown, WV Metro Area",120765,100847,9239,4075,6265,339
310M200US34100,34100,"Morristown, TN Metro Area",99563,85765,6544,4810,2230,214
310M200US34580,34580,"Mount Vernon-Anacortes, WA Metro Area",89603,75706,7777,3551,2190,379
310M200US34620,34620,"Muncie, IN Metro Area",101780,77673,14061,8057,1866,123
310M200US34740,34740,"Muskegon, MI Metro Area",130688,112304,12239,4909,1091,145
310M200US34820,34820,"Myrtle Beach-Conway-North Myrtle Beach, SC-NC Metro Area",315743,263785,27856,6723,16435,944
310M200US34900,34900,"Napa, CA Metro Area",75499,65199,6157,3010,951,182
310M200US34940,34940,"Naples-Immokalee-Marco Island, FL Metro Area",218855,186892,14699,4813,11005,1446
310M200US34980,34980,"Nashville-Davidson--Murfreesboro--Franklin, TN Metro Area",1279260,1074481,104589,52590,43670,3930
310M200US35100,35100,"New Bern, NC Metro Area",84178,68714,6936,3179,4674,675
310M200US35300,35300,"New Haven-Milford, CT Metro Area",559595,508158,33004,8578,8486,1369
310M200US35380,35380,"New Orleans-Metairie, LA Metro Area",644456,566798,40648,17358,17472,2180
310M200US35620,35620,"New York-Newark-Jersey City, NY-NJ-PA Metro Area",9483946,8678643,428115,179883,146021,51284
310M200US35660,35660,"Niles-Benton Harbor, MI Metro Area",116146,102424,8860,1583,2956,323
310M200US35840,35840,"North Port-Sarasota-Bradenton, FL Metro Area",573697,481014,46931,17120,24932,3700
310M200US35980,35980,"Norwich-New London, CT Metro Area",208105,183118,13680,3890,7010,407
310M200US36100,36100,"Ocala, FL Metro Area",242085,208229,18261,7872,7417,306
310M200US36140,36140,"Ocean City, NJ Metro Area",81750,73720,4166,1379,2075,410
310M200US36220,36220,"Odessa, TX Metro Area",54574,45104,5772,2414,1137,147
310M200US36260,36260,"Ogden-Clearfield, UT Metro Area",505575,435807,36238,20040,11820,1670
310M200US36420,36420,"Oklahoma City, OK Metro Area",860526,713269,80917,42208,21807,2325
310M200US36500,36500,"Olympia-Tumwater, WA Metro Area",199822,163382,19831,9176,6206,1227
310M200US36540,36540,"Omaha-Council Bluffs, NE-IA Metro Area",687027,588161,56359,21030,19589,1888
310M200US36740,36740,"Orlando-Kissimmee-Sanford, FL Metro Area",1139134,959611,91765,48204,34116,5438
310M200US36780,36780,"Oshkosh-Neenah, WI Metro Area",150107,128689,11375,8103,1697,243
310M200US36980,36980,"Owensboro, KY Metro Area",104157,90838,8988,2775,1402,154
310M200US37100,37100,"Oxnard-Thousand Oaks-Ventura, CA Metro Area",392126,343968,28940,11553,6436,1229
310M200US37340,37340,"Palm Bay-Melbourne-Titusville, FL Metro Area",418129,358287,35664,7849,15152,1177
310M200US37460,37460,"Panama City, FL Metro Area",146720,119409,17083,3889,5874,465
310M200US37620,37620,"Parkersburg-Vienna, WV Metro Area",87368,78967,4953,1121,2160,167
310M200US37860,37860,"Pensacola-Ferry Pass-Brent, FL Metro Area",331153,273965,26098,10210,19929,951
310M200US37900,37900,"Peoria, IL Metro Area",312623,274072,22791,11215,3938,607
310M200US37980,37980,"Philadelphia-Camden-Wilmington, PA-NJ-DE-MD Metro Area",3795417,3425907,202141,80191,76531,10647
310M200US38060,38060,"Phoenix-Mesa-Scottsdale, AZ Metro Area",2506136,2070517,288289,34012,101127,12191
310M200US38220,38220,"Pine Bluff, AR Metro Area",45938,41659,2066,1559,641,13
310M200US38300,38300,"Pittsburgh, PA Metro Area",2016745,1807028,131873,45170,28630,4044
310M200US38340,38340,"Pittsfield, MA Metro Area",115137,102890,8184,1442,2471,150
310M200US38540,38540,"Pocatello, ID Metro Area",70454,56998,8365,2512,2348,231
310M200US38860,38860,"Portland-South Portland, ME Metro Area",479316,411138,38436,13028,15154,1560
310M200US38900,38900,"Portland-Vancouver-Hillsboro, OR-WA Metro Area",1725820,1437091,163092,59403,59293,6941
310M200US38940,38940,"Port St. Lucie, FL Metro Area",290538,248018,19042,12146,10348,984
310M200US39140,39140,"Prescott, AZ Metro Area",174139,143508,17800,5355,7162,314
310M200US39300,39300,"Providence-Warwick, RI-MA Metro Area",1240720,1107818,77206,22747,29633,3316
310M200US39340,39340,"Provo-Orem, UT Metro Area",460459,365621,56862,13398,19548,5030
310M200US39380,39380,"Pueblo, CO Metro Area",85037,72182,7363,2677,2534,281
310M200US39460,39460,"Punta Gorda, FL Metro Area",139992,117609,9844,5339,6562,638
310M200US39540,39540,"Racine, WI Metro Area",141463,128827,7196,3757,1532,151
310M200US39580,39580,"Raleigh, NC Metro Area",751240,644303,58774,23950,22044,2169
310M200US39660,39660,"Rapid City, SD Metro Area",115099,96527,9225,3928,5008,411
310M200US39740,39740,"Reading, PA Metro Area",306622,277578,18696,7347,2582,419
310M200US39820,39820,"Redding, CA Metro Area",144069,120662,14791,4787,3309,520
310M200US39900,39900,"Reno, NV Metro Area",281851,225654,37518,4502,13215,962
310M200US40060,40060,"Richmond, VA Metro Area",721538,629144,37877,36695,15843,1979
310M200US40140,40140,"Riverside-San Bernardino-Ontario, CA Metro Area",1508282,1286194,133495,53971,27571,7051
310M200US40220,40220,"Roanoke, VA Metro Area",245339,212253,14336,13209,5028,513
310M200US40340,40340,"Rochester, MN Metro Area",179270,157817,11253,6174,3546,480
310M200US40380,40380,"Rochester, NY Metro Area",831570,730022,62212,25717,11274,2345
310M200US40420,40420,"Rockford, IL Metro Area",244697,217178,18924,5407,2876,312
310M200US40580,40580,"Rocky Mount, NC Metro Area",69347,62976,3632,2103,548,88
310M200US40660,40660,"Rome, GA Metro Area",68786,57701,7402,2323,1250,110
310M200US40900,40900,"Sacramento--Roseville--Arden-Arcade, CA Metro Area",1193244,1005610,116968,48519,17346,4801
310M200US40980,40980,"Saginaw, MI Metro Area",136327,120819,9205,4339,1668,296
310M200US41060,41060,"St. Cloud, MN Metro Area",171037,140736,13828,13480,2558,435
310M200US41100,41100,"St. George, UT Metro Area",124573,100176,13565,4542,5815,475
310M200US41140,41140,"St. Joseph, MO-KS Metro Area",108498,91940,8753,4999,2643,163
310M200US41180,41180,"St. Louis, MO-IL Metro Area",2065044,1820541,137347,64216,38700,4240
310M200US41420,41420,"Salem, OR Metro Area",275753,229215,27440,11939,6377,782
310M200US41500,41500,"Salinas, CA Metro Area",133963,111263,9877,5465,6343,1015
310M200US41540,41540,"Salisbury, MD-DE Metro Area",273420,238902,17926,6842,9204,546
310M200US41620,41620,"Salt Lake City, UT Metro Area",825003,699585,81304,18907,21752,3455
310M200US41660,41660,"San Angelo, TX Metro Area",64729,49997,6771,3725,3967,269
310M200US41700,41700,"San Antonio-New Braunfels, TX Metro Area",794888,668399,66527,31365,25083,3514
310M200US41740,41740,"San Diego-Carlsbad, CA Metro Area",1500726,1256642,159631,26021,45537,12895
310M200US41860,41860,"San Francisco-Oakland-Hayward, CA Metro Area",1848188,1584860,130078,78059,38731,16460
310M200US41940,41940,"San Jose-Sunnyvale-Santa Clara, CA Metro Area",643123,554943,49915,17879,13919,6467
310M200US42020,42020,"San Luis Obispo-Paso Robles-Arroyo Grande, CA Metro Area",191520,154278,22227,10540,3802,673
310M200US42100,42100,"Santa Cruz-Watsonville, CA Metro Area",156030,132616,13200,7573,2159,482
310M200US42140,42140,"Santa Fe, NM Metro Area",63167,54193,3792,1363,3550,269
310M200US42200,42200,"Santa Maria-Santa Barbara, CA Metro Area",200574,159509,25336,8660,5102,1967
310M200US42220,42220,"Santa Rosa, CA Metro Area",318424,274798,27898,10372,4642,714
310M200US42340,42340,"Savannah, GA Metro Area",205128,168987,16108,7235,11374,1424
310M200US42540,42540,"Scranton--Wilkes-Barre--Hazleton, PA Metro Area",485478,436165,32850,9805,5913,745
310M200US42660,42660,"Seattle-Tacoma-Bellevue, WA Metro Area",2368569,1981269,240299,61409,71971,13621
310M200US42680,42680,"Sebastian-Vero Beach, FL Metro Area",108703,93790,6697,4028,3881,307
310M200US42700,42700,"Sebring, FL Metro Area",67687,58047,5004,1692,2622,322
310M200US43100,43100,"Sheboygan, WI Metro Area",98078,87204,7438,2332,925,179
310M200US43300,43300,"Sherman-Denison, TX Metro Area",93702,77720,9880,4118,1905,79
310M200US43340,43340,"Shreveport-Bossier City, LA Metro Area",241317,209127,15399,9086,7034,671
310M200US43420,43420,"Sierra Vista-Douglas, AZ Metro Area",73160,60698,4895,2379,4667,521
310M200US43580,43580,"Sioux City, IA-NE-SD Metro Area",129370,112102,9804,3169,4127,168
310M200US43620,43620,"Sioux Falls, SD Metro Area",208797,176731,17491,9206,5078,291
310M200US43780,43780,"South Bend-Mishawaka, IN-MI Metro Area",241642,211468,16851,5313,7302,708
310M200US43900,43900,"Spartanburg, SC Metro Area",217382,189309,18196,5526,3850,501
310M200US44060,44060,"Spokane-Spokane Valley, WA Metro Area",457346,382232,48334,12235,13202,1343
310M200US44100,44100,"Springfield, IL Metro Area",172340,149147,16015,4679,2209,290
310M200US44140,44140,"Springfield, MA Metro Area",439744,387678,29329,12507,8911,1319
310M200US44180,44180,"Springfield, MO Metro Area",402590,326739,41720,23995,9373,763
310M200US44220,44220,"Springfield, OH Metro Area",114889,97158,12422,3531,1591,187
310M200US44300,44300,"State College, PA Metro Area",135553,104045,15291,9939,5244,1034
310M200US44420,44420,"Staunton-Waynesboro, VA Metro Area",103026,91005,5081,5672,1190,78
310M200US44700,44700,"Stockton-Lodi, CA Metro Area",240725,204910,22458,9148,3407,802
310M200US44940,44940,"Sumter, SC Metro Area",49236,42193,3741,1005,1922,375
310M200US45060,45060,"Syracuse, NY Metro Area",542135,476252,40850,15198,8410,1425
310M200US45220,45220,"Tallahassee, FL Metro Area",209485,163625,25638,14251,5268,703
310M200US45300,45300,"Tampa-St. Petersburg-Clearwater, FL Metro Area",1876476,1601960,158030,50467,57614,8405
310M200US45460,45460,"Terre Haute, IN Metro Area",152119,128697,14076,6232,2770,344
310M200US45500,45500,"Texarkana, TX-AR Metro Area",99236,86196,7294,2324,3303,119
310M200US45540,45540,"The Villages, FL Metro Area",90985,79329,3193,2835,5349,279
310M200US45780,45780,"Toledo, OH Metro Area",454379,385532,43707,16993,7109,1038
310M200US45820,45820,"Topeka, KS Metro Area",182999,158011,16006,5512,3143,327
310M200US45940,45940,"Trenton, NJ Metro Area",192350,171925,8785,6165,4090,1385
310M200US46060,46060,"Tucson, AZ Metro Area",531753,430492,67346,8737,22715,2463
310M200US46140,46140,"Tulsa, OK Metro Area",635966,542878,53387,23763,14679,1259
310M200US46220,46220,"Tuscaloosa, AL Metro Area",142731,117334,13175,6204,5633,385
310M200US46340,46340,"Tyler, TX Metro Area",131386,109411,12082,6469,3111,313
310M200US46520,46520,"Urban Honolulu, HI Metro Area",189109,139682,20005,624,24567,4231
310M200US46540,46540,"Utica-Rome, NY Metro Area",253011,226195,16594,7133,2614,475
310M200US46660,46660,"Valdosta, GA Metro Area",79901,64561,8413,3826,2520,581
310M200US46700,46700,"Vallejo-Fairfield, CA Metro Area",167961,140340,15635,7525,3435,1026
310M200US47020,47020,"Victoria, TX Metro Area",45734,39286,3164,1921,1260,103
310M200US47220,47220,"Vineland-Bridgeton, NJ Metro Area",75435,69094,3624,1880,723,114
310M200US47260,47260,"Virginia Beach-Norfolk-Newport News, VA-NC Metro Area",952345,799032,61117,43525,43131,5540
310M200US47300,47300,"Visalia-Porterville, CA Metro Area",138582,119295,13268,3134,2640,245
310M200US47380,47380,"Waco, TX Metro Area",146874,119845,15791,7920,2955,363
310M200US47460,47460,"Walla Walla, WA Metro Area",46644,38489,4312,2131,1601,111
310M200US47580,47580,"Warner Robins, GA Metro Area",104356,90393,7011,3708,2669,575
310M200US47900,47900,"Washington-Arlington-Alexandria, DC-VA-MD-WV Metro Area",2782003,2386873,160245,79496,128389,27000
310M200US47940,47940,"Waterloo-Cedar Falls, IA Metro Area",144032,122415,12226,6735,2135,521
310M200US48060,48060,"Watertown-Fort Drum, NY Metro Area",96924,76958,10583,1909,5658,1816
310M200US48140,48140,"Wausau, WI Metro Area",119772,106756,7903,3153,1733,227
310M200US48260,48260,"Weirton-Steubenville, WV-OH Metro Area",112128,99380,6533,2374,3777,64
310M200US48300,48300,"Wenatchee, WA Metro Area",76764,68029,4098,3468,949,220
310M200US48540,48540,"Wheeling, WV-OH Metro Area",135761,121748,7878,2913,3080,142
310M200US48620,48620,"Wichita, KS Metro Area",461879,395158,44690,12333,8738,960
310M200US48660,48660,"Wichita Falls, TX Metro Area",104714,86730,8514,4255,4741,474
310M200US48700,48700,"Williamsport, PA Metro Area",105054,92066,8474,2996,1424,94
310M200US48900,48900,"Wilmington, NC Metro Area",202749,166633,18195,11506,5954,461
310M200US49020,49020,"Winchester, VA-WV Metro Area",109154,95618,6237,4971,2152,176
310M200US49180,49180,"Winston-Salem, NC Metro Area",448932,398420,26981,14132,8689,710
310M200US49340,49340,"Worcester, MA-CT Metro Area",733627,658734,48105,14192,10554,2042
310M200US49420,49420,"Yakima, WA Metro Area",111529,97019,10645,1945,1722,198
310M200US49620,49620,"York-Hanover, PA Metro Area",370199,330172,26633,6952,5926,516
310M200US49660,49660,"Youngstown-Warren-Boardman, OH-PA Metro Area",462014,415344,29764,9504,6761,641
310M200US49700,49700,"Yuba City, CA Metro Area",86796,69710,9077,5999,1653,357
310M200US49740,49740,"Yuma, AZ Metro Area",67429,54370,5967,1733,4623,736
