GEO.id,GEO.id2,GEO.display-label,HD01_VD01,HD01_VD02,HD01_VD03,HD01_VD04,HD01_VD05,HD01_VD06
Id,Id2,Geography,Estimate; Total:,Estimate; Total: - Same house 1 year ago,Estimate; Total: - Moved within same county,Estimate; Total: - Moved from different county within same state,Estimate; Total: - Moved from different state,Estimate; Total: - Moved from abroad
310M300US10180,10180,"Abilene, TX Metro Area",49,46,0,3,0,0
310M300US10420,10420,"Akron, OH Metro Area",175,156,9,10,0,0
310M300US10500,10500,"Albany, GA Metro Area",37,27,0,10,0,0
310M300US10540,10540,"Albany, OR Metro Area",116,90,11,10,5,0
310M300US10580,10580,"Albany-Schenectady-Troy, NY Metro Area",258,224,26,8,0,0
310M300US10740,10740,"Albuquerque, NM Metro Area",711,610,45,26,30,0
310M300US10780,10780,"Alexandria, LA Metro Area",52,52,0,0,0,0
310M300US10900,10900,"Allentown-Bethlehem-Easton, PA-NJ Metro Area",201,56,126,15,4,0
310M300US11020,11020,"Altoona, PA Metro Area",48,48,0,0,0,0
310M300US11100,11100,"Amarillo, TX Metro Area",180,111,29,27,3,10
310M300US11180,11180,"Ames, IA Metro Area",29,29,0,0,0,0
310M300US11260,11260,"Anchorage, AK Metro Area",6859,5082,1422,129,194,32
310M300US11460,11460,"Ann Arbor, MI Metro Area",151,98,44,0,0,9
310M300US11500,11500,"Anniston-Oxford-Jacksonville, AL Metro Area",6,6,0,0,0,0
310M300US11540,11540,"Appleton, WI Metro Area",30,16,14,0,0,0
310M300US11700,11700,"Asheville, NC Metro Area",360,237,86,0,37,0
310M300US12020,12020,"Athens-Clarke County, GA Metro Area",43,43,0,0,0,0
310M300US12060,12060,"Atlanta-Sandy Springs-Roswell, GA Metro Area",1959,1385,195,119,184,76
310M300US12100,12100,"Atlantic City-Hammonton, NJ Metro Area",66,40,0,21,5,0
310M300US12220,12220,"Auburn-Opelika, AL Metro Area",27,16,11,0,0,0
310M300US12260,12260,"Augusta-Richmond County, GA-SC Metro Area",647,411,63,0,173,0
310M300US12420,12420,"Austin-Round Rock, TX Metro Area",1210,928,120,78,52,32
310M300US12540,12540,"Bakersfield, CA Metro Area",1617,1156,277,160,4,20
310M300US12580,12580,"Baltimore-Columbia-Towson, MD Metro Area",1324,1024,175,36,3,86
310M300US12620,12620,"Bangor, ME Metro Area",28,28,0,0,0,0
310M300US12700,12700,"Barnstable Town, MA Metro Area",184,171,0,13,0,0
310M300US12940,12940,"Baton Rouge, LA Metro Area",97,80,17,0,0,0
310M300US12980,12980,"Battle Creek, MI Metro Area",32,21,11,0,0,0
310M300US13020,13020,"Bay City, MI Metro Area",11,11,0,0,0,0
310M300US13140,13140,"Beaumont-Port Arthur, TX Metro Area",137,45,55,20,17,0
310M300US13220,13220,"Beckley, WV Metro Area",71,11,25,0,35,0
310M300US13380,13380,"Bellingham, WA Metro Area",608,468,101,34,5,0
310M300US13460,13460,"Bend-Redmond, OR Metro Area",177,111,14,0,52,0
310M300US13740,13740,"Billings, MT Metro Area",61,41,20,0,0,0
310M300US13780,13780,"Binghamton, NY Metro Area",87,42,23,22,0,0
310M300US13820,13820,"Birmingham-Hoover, AL Metro Area",265,175,50,0,0,40
310M300US13900,13900,"Bismarck, ND Metro Area",53,34,0,0,19,0
310M300US13980,13980,"Blacksburg-Christiansburg-Radford, VA Metro Area",53,12,5,0,0,36
310M300US14010,14010,"Bloomington, IL Metro Area",47,47,0,0,0,0
310M300US14020,14020,"Bloomington, IN Metro Area",61,48,0,0,0,13
310M300US14100,14100,"Bloomsburg-Berwick, PA Metro Area",22,22,0,0,0,0
310M300US14260,14260,"Boise City, ID Metro Area",1037,886,58,68,25,0
310M300US14460,14460,"Boston-Cambridge-Newton, MA-NH Metro Area",1009,758,76,15,109,51
310M300US14500,14500,"Boulder, CO Metro Area",235,150,47,30,8,0
310M300US14540,14540,"Bowling Green, KY Metro Area",219,71,0,0,135,13
310M300US14740,14740,"Bremerton-Silverdale, WA Metro Area",2026,1386,552,60,28,0
310M300US14860,14860,"Bridgeport-Stamford-Norwalk, CT Metro Area",392,355,0,18,19,0
310M300US15180,15180,"Brownsville-Harlingen, TX Metro Area",65,51,0,0,14,0
310M300US15260,15260,"Brunswick, GA Metro Area",162,155,0,7,0,0
310M300US15380,15380,"Buffalo-Cheektowaga-Niagara Falls, NY Metro Area",386,266,107,6,0,7
310M300US15500,15500,"Burlington, NC Metro Area",282,73,0,209,0,0
310M300US15540,15540,"Burlington-South Burlington, VT Metro Area",65,51,6,0,8,0
310M300US15680,15680,"California-Lexington Park, MD Metro Area",31,31,0,0,0,0
310M300US15940,15940,"Canton-Massillon, OH Metro Area",91,91,0,0,0,0
310M300US15980,15980,"Cape Coral-Fort Myers, FL Metro Area",234,204,5,21,4,0
310M300US16020,16020,"Cape Girardeau, MO-IL Metro Area",17,10,7,0,0,0
310M300US16060,16060,"Carbondale-Marion, IL Metro Area",36,36,0,0,0,0
310M300US16180,16180,"Carson City, NV Metro Area",139,79,60,0,0,0
310M300US16220,16220,"Casper, WY Metro Area",6,6,0,0,0,0
310M300US16300,16300,"Cedar Rapids, IA Metro Area",60,60,0,0,0,0
310M300US16540,16540,"Chambersburg-Waynesboro, PA Metro Area",47,47,0,0,0,0
310M300US16580,16580,"Champaign-Urbana, IL Metro Area",82,82,0,0,0,0
310M300US16620,16620,"Charleston, WV Metro Area",16,16,0,0,0,0
310M300US16700,16700,"Charleston-North Charleston, SC Metro Area",379,312,5,23,14,25
310M300US16740,16740,"Charlotte-Concord-Gastonia, NC-SC Metro Area",1140,1051,7,53,18,11
310M300US16820,16820,"Charlottesville, VA Metro Area",149,149,0,0,0,0
310M300US16860,16860,"Chattanooga, TN-GA Metro Area",245,126,0,0,112,7
310M300US16940,16940,"Cheyenne, WY Metro Area",165,132,23,0,10,0
310M300US16980,16980,"Chicago-Naperville-Elgin, IL-IN-WI Metro Area",3204,2473,471,92,120,48
310M300US17020,17020,"Chico, CA Metro Area",457,411,28,6,12,0
310M300US17140,17140,"Cincinnati, OH-KY-IN Metro Area",816,637,73,98,8,0
310M300US17300,17300,"Clarksville, TN-KY Metro Area",1056,917,13,19,82,25
310M300US17420,17420,"Cleveland, TN Metro Area",7,0,0,7,0,0
310M300US17460,17460,"Cleveland-Elyria, OH Metro Area",417,309,67,0,41,0
310M300US17660,17660,"Coeur d'Alene, ID Metro Area",83,64,19,0,0,0
310M300US17780,17780,"College Station-Bryan, TX Metro Area",97,69,19,0,0,9
310M300US17820,17820,"Colorado Springs, CO Metro Area",2298,1942,102,89,109,56
310M300US17860,17860,"Columbia, MO Metro Area",153,110,26,0,0,17
310M300US17900,17900,"Columbia, SC Metro Area",612,421,18,82,57,34
310M300US17980,17980,"Columbus, GA-AL Metro Area",600,408,0,0,138,54
310M300US18020,18020,"Columbus, IN Metro Area",103,103,0,0,0,0
310M300US18140,18140,"Columbus, OH Metro Area",654,478,61,9,39,67
310M300US18580,18580,"Corpus Christi, TX Metro Area",244,212,32,0,0,0
310M300US18700,18700,"Corvallis, OR Metro Area",249,188,45,0,16,0
310M300US18880,18880,"Crestview-Fort Walton Beach-Destin, FL Metro Area",432,321,88,1,10,12
310M300US19060,19060,"Cumberland, MD-WV Metro Area",34,23,0,0,0,11
310M300US19100,19100,"Dallas-Fort Worth-Arlington, TX Metro Area",6749,4808,1339,247,276,79
310M300US19140,19140,"Dalton, GA Metro Area",0,0,0,0,0,0
310M300US19180,19180,"Danville, IL Metro Area",27,3,0,24,0,0
310M300US19300,19300,"Daphne-Fairhope-Foley, AL Metro Area",0,0,0,0,0,0
310M300US19340,19340,"Davenport-Moline-Rock Island, IA-IL Metro Area",74,54,10,0,6,4
310M300US19380,19380,"Dayton, OH Metro Area",266,227,0,39,0,0
310M300US19460,19460,"Decatur, AL Metro Area",5,5,0,0,0,0
310M300US19500,19500,"Decatur, IL Metro Area",2,2,0,0,0,0
310M300US19660,19660,"Deltona-Daytona Beach-Ormond Beach, FL Metro Area",250,198,7,15,30,0
310M300US19740,19740,"Denver-Aurora-Lakewood, CO Metro Area",2989,2416,214,196,92,71
310M300US19780,19780,"Des Moines-West Des Moines, IA Metro Area",505,356,104,3,42,0
310M300US19820,19820,"Detroit-Warren-Dearborn, MI Metro Area",863,756,75,32,0,0
310M300US20020,20020,"Dothan, AL Metro Area",27,27,0,0,0,0
310M300US20100,20100,"Dover, DE Metro Area",104,72,25,0,7,0
310M300US20220,20220,"Dubuque, IA Metro Area",338,164,174,0,0,0
310M300US20260,20260,"Duluth, MN-WI Metro Area",87,80,7,0,0,0
310M300US20500,20500,"Durham-Chapel Hill, NC Metro Area",222,102,9,14,31,66
310M300US20700,20700,"East Stroudsburg, PA Metro Area",84,77,0,7,0,0
310M300US20740,20740,"Eau Claire, WI Metro Area",129,123,0,6,0,0
310M300US20940,20940,"El Centro, CA Metro Area",254,130,110,14,0,0
310M300US21060,21060,"Elizabethtown-Fort Knox, KY Metro Area",401,252,0,31,118,0
310M300US21140,21140,"Elkhart-Goshen, IN Metro Area",100,93,0,3,4,0
310M300US21300,21300,"Elmira, NY Metro Area",10,8,2,0,0,0
310M300US21340,21340,"El Paso, TX Metro Area",1272,1011,164,49,35,13
310M300US21420,21420,"Enid, OK Metro Area",1458,1360,0,35,8,55
310M300US21500,21500,"Erie, PA Metro Area",102,65,35,0,2,0
310M300US21660,21660,"Eugene, OR Metro Area",881,680,108,30,50,13
310M300US21780,21780,"Evansville, IN-KY Metro Area",234,129,57,0,48,0
310M300US21820,21820,"Fairbanks, AK Metro Area",594,446,15,0,106,27
310M300US22020,22020,"Fargo, ND-MN Metro Area",33,22,0,0,11,0
310M300US22140,22140,"Farmington, NM Metro Area",66,66,0,0,0,0
310M300US22180,22180,"Fayetteville, NC Metro Area",815,626,44,19,75,51
310M300US22220,22220,"Fayetteville-Springdale-Rogers, AR-MO Metro Area",6016,4916,574,477,0,49
310M300US22380,22380,"Flagstaff, AZ Metro Area",178,130,14,24,10,0
310M300US22420,22420,"Flint, MI Metro Area",103,103,0,0,0,0
310M300US22500,22500,"Florence, SC Metro Area",57,57,0,0,0,0
310M300US22520,22520,"Florence-Muscle Shoals, AL Metro Area",46,13,33,0,0,0
310M300US22540,22540,"Fond du Lac, WI Metro Area",13,13,0,0,0,0
310M300US22660,22660,"Fort Collins, CO Metro Area",301,209,11,18,59,4
310M300US22900,22900,"Fort Smith, AR-OK Metro Area",162,120,42,0,0,0
310M300US23060,23060,"Fort Wayne, IN Metro Area",281,277,4,0,0,0
310M300US23420,23420,"Fresno, CA Metro Area",1854,1330,292,92,66,74
310M300US23460,23460,"Gadsden, AL Metro Area",67,57,10,0,0,0
310M300US23540,23540,"Gainesville, FL Metro Area",485,291,122,23,4,45
310M300US23580,23580,"Gainesville, GA Metro Area",27,27,0,0,0,0
310M300US23900,23900,"Gettysburg, PA Metro Area",0,0,0,0,0,0
310M300US24020,24020,"Glens Falls, NY Metro Area",57,20,0,37,0,0
310M300US24140,24140,"Goldsboro, NC Metro Area",14,14,0,0,0,0
310M300US24220,24220,"Grand Forks, ND-MN Metro Area",64,38,25,1,0,0
310M300US24260,24260,"Grand Island, NE Metro Area",116,116,0,0,0,0
310M300US24300,24300,"Grand Junction, CO Metro Area",229,103,75,0,51,0
310M300US24340,24340,"Grand Rapids-Wyoming, MI Metro Area",145,119,7,19,0,0
310M300US24420,24420,"Grants Pass, OR Metro Area",5,1,0,0,4,0
310M300US24500,24500,"Great Falls, MT Metro Area",93,41,39,13,0,0
310M300US24540,24540,"Greeley, CO Metro Area",159,68,0,27,64,0
310M300US24580,24580,"Green Bay, WI Metro Area",23,23,0,0,0,0
310M300US24660,24660,"Greensboro-High Point, NC Metro Area",408,352,56,0,0,0
310M300US24780,24780,"Greenville, NC Metro Area",36,0,0,36,0,0
310M300US24860,24860,"Greenville-Anderson-Mauldin, SC Metro Area",513,426,40,47,0,0
310M300US25060,25060,"Gulfport-Biloxi-Pascagoula, MS Metro Area",17,12,0,0,5,0
310M300US25180,25180,"Hagerstown-Martinsburg, MD-WV Metro Area",184,88,78,0,18,0
310M300US25220,25220,"Hammond, LA Metro Area",17,0,0,17,0,0
310M300US25260,25260,"Hanford-Corcoran, CA Metro Area",374,247,79,44,4,0
310M300US25420,25420,"Harrisburg-Carlisle, PA Metro Area",76,70,0,6,0,0
310M300US25500,25500,"Harrisonburg, VA Metro Area",69,35,34,0,0,0
310M300US25540,25540,"Hartford-West Hartford-East Hartford, CT Metro Area",387,372,3,0,12,0
310M300US25620,25620,"Hattiesburg, MS Metro Area",3,0,0,3,0,0
310M300US25860,25860,"Hickory-Lenoir-Morganton, NC Metro Area",83,80,3,0,0,0
310M300US25940,25940,"Hilton Head Island-Bluffton-Beaufort, SC Metro Area",64,36,15,0,13,0
310M300US25980,25980,"Hinesville, GA Metro Area",346,255,18,51,17,5
310M300US26140,26140,"Homosassa Springs, FL Metro Area",0,0,0,0,0,0
310M300US26300,26300,"Hot Springs, AR Metro Area",9,0,0,9,0,0
310M300US26380,26380,"Houma-Thibodaux, LA Metro Area",84,52,0,32,0,0
310M300US26420,26420,"Houston-The Woodlands-Sugar Land, TX Metro Area",3883,2928,388,77,490,0
310M300US26580,26580,"Huntington-Ashland, WV-KY-OH Metro Area",44,44,0,0,0,0
310M300US26620,26620,"Huntsville, AL Metro Area",426,396,18,12,0,0
310M300US26820,26820,"Idaho Falls, ID Metro Area",128,73,19,0,36,0
310M300US26900,26900,"Indianapolis-Carmel-Anderson, IN Metro Area",506,478,28,0,0,0
310M300US26980,26980,"Iowa City, IA Metro Area",162,162,0,0,0,0
310M300US27060,27060,"Ithaca, NY Metro Area",1,0,1,0,0,0
310M300US27100,27100,"Jackson, MI Metro Area",107,75,32,0,0,0
310M300US27140,27140,"Jackson, MS Metro Area",155,155,0,0,0,0
310M300US27180,27180,"Jackson, TN Metro Area",0,0,0,0,0,0
310M300US27260,27260,"Jacksonville, FL Metro Area",1347,1054,139,75,45,34
310M300US27340,27340,"Jacksonville, NC Metro Area",423,327,28,0,49,19
310M300US27500,27500,"Janesville-Beloit, WI Metro Area",0,0,0,0,0,0
310M300US27620,27620,"Jefferson City, MO Metro Area",65,36,0,29,0,0
310M300US27740,27740,"Johnson City, TN Metro Area",13,13,0,0,0,0
310M300US27780,27780,"Johnstown, PA Metro Area",58,58,0,0,0,0
310M300US27860,27860,"Jonesboro, AR Metro Area",80,80,0,0,0,0
310M300US27900,27900,"Joplin, MO Metro Area",822,802,2,0,18,0
310M300US27980,27980,"Kahului-Wailuku-Lahaina, HI Metro Area",17442,15522,1489,167,40,224
310M300US28020,28020,"Kalamazoo-Portage, MI Metro Area",64,19,34,11,0,0
310M300US28100,28100,"Kankakee, IL Metro Area",37,37,0,0,0,0
310M300US28140,28140,"Kansas City, MO-KS Metro Area",2752,2327,174,125,119,7
310M300US28420,28420,"Kennewick-Richland, WA Metro Area",305,240,0,41,24,0
310M300US28660,28660,"Killeen-Temple, TX Metro Area",3137,2213,434,159,289,42
310M300US28700,28700,"Kingsport-Bristol-Bristol, TN-VA Metro Area",92,76,12,4,0,0
310M300US28740,28740,"Kingston, NY Metro Area",46,42,0,4,0,0
310M300US28940,28940,"Knoxville, TN Metro Area",286,228,0,47,11,0
310M300US29020,29020,"Kokomo, IN Metro Area",98,85,13,0,0,0
310M300US29100,29100,"La Crosse-Onalaska, WI-MN Metro Area",34,7,26,1,0,0
310M300US29180,29180,"Lafayette, LA Metro Area",36,15,17,4,0,0
310M300US29200,29200,"Lafayette-West Lafayette, IN Metro Area",57,27,30,0,0,0
310M300US29340,29340,"Lake Charles, LA Metro Area",11,11,0,0,0,0
310M300US29420,29420,"Lake Havasu City-Kingman, AZ Metro Area",279,225,10,2,42,0
310M300US29460,29460,"Lakeland-Winter Haven, FL Metro Area",271,225,0,0,30,16
310M300US29540,29540,"Lancaster, PA Metro Area",24,24,0,0,0,0
310M300US29620,29620,"Lansing-East Lansing, MI Metro Area",157,47,75,35,0,0
310M300US29700,29700,"Laredo, TX Metro Area",22,11,11,0,0,0
310M300US29740,29740,"Las Cruces, NM Metro Area",23,18,0,0,5,0
310M300US29820,29820,"Las Vegas-Henderson-Paradise, NV Metro Area",14662,10312,3384,58,775,133
310M300US29940,29940,"Lawrence, KS Metro Area",37,0,19,5,13,0
310M300US30020,30020,"Lawton, OK Metro Area",630,189,85,55,255,46
310M300US30140,30140,"Lebanon, PA Metro Area",42,42,0,0,0,0
310M300US30300,30300,"Lewiston, ID-WA Metro Area",29,20,9,0,0,0
310M300US30340,30340,"Lewiston-Auburn, ME Metro Area",2,2,0,0,0,0
310M300US30460,30460,"Lexington-Fayette, KY Metro Area",159,146,13,0,0,0
310M300US30620,30620,"Lima, OH Metro Area",0,0,0,0,0,0
310M300US30700,30700,"Lincoln, NE Metro Area",212,162,0,11,39,0
310M300US30780,30780,"Little Rock-North Little Rock-Conway, AR Metro Area",417,417,0,0,0,0
310M300US30860,30860,"Logan, UT-ID Metro Area",423,354,30,2,28,9
310M300US30980,30980,"Longview, TX Metro Area",204,8,196,0,0,0
310M300US31020,31020,"Longview, WA Metro Area",294,274,0,0,0,20
310M300US31080,31080,"Los Angeles-Long Beach-Anaheim, CA Metro Area",35844,30823,3895,561,279,286
310M300US31140,31140,"Louisville/Jefferson County, KY-IN Metro Area",525,413,35,0,77,0
310M300US31180,31180,"Lubbock, TX Metro Area",233,229,4,0,0,0
310M300US31340,31340,"Lynchburg, VA Metro Area",96,81,0,15,0,0
310M300US31420,31420,"Macon-Bibb County, GA Metro Area",71,59,0,0,12,0
310M300US31460,31460,"Madera, CA Metro Area",179,156,9,14,0,0
310M300US31540,31540,"Madison, WI Metro Area",200,115,85,0,0,0
310M300US31700,31700,"Manchester-Nashua, NH Metro Area",73,73,0,0,0,0
310M300US31740,31740,"Manhattan, KS Metro Area",200,79,31,0,34,56
310M300US31860,31860,"Mankato-North Mankato, MN Metro Area",8,8,0,0,0,0
310M300US31900,31900,"Mansfield, OH Metro Area",35,13,22,0,0,0
310M300US32580,32580,"McAllen-Edinburg-Mission, TX Metro Area",109,97,10,0,2,0
310M300US32780,32780,"Medford, OR Metro Area",636,541,12,0,83,0
310M300US32820,32820,"Memphis, TN-MS-AR Metro Area",516,455,24,0,0,37
310M300US32900,32900,"Merced, CA Metro Area",537,330,204,0,3,0
310M300US33100,33100,"Miami-Fort Lauderdale-West Palm Beach, FL Metro Area",2286,1720,373,24,135,34
310M300US33140,33140,"Michigan City-La Porte, IN Metro Area",35,35,0,0,0,0
310M300US33220,33220,"Midland, MI Metro Area",65,37,0,28,0,0
310M300US33260,33260,"Midland, TX Metro Area",60,60,0,0,0,0
310M300US33340,33340,"Milwaukee-Waukesha-West Allis, WI Metro Area",406,305,70,13,0,18
310M300US33460,33460,"Minneapolis-St. Paul-Bloomington, MN-WI Metro Area",1206,877,153,165,4,7
310M300US33540,33540,"Missoula, MT Metro Area",188,156,24,8,0,0
310M300US33660,33660,"Mobile, AL Metro Area",49,33,16,0,0,0
310M300US33700,33700,"Modesto, CA Metro Area",3733,3109,461,108,4,51
310M300US33740,33740,"Monroe, LA Metro Area",57,43,14,0,0,0
310M300US33780,33780,"Monroe, MI Metro Area",6,0,6,0,0,0
310M300US33860,33860,"Montgomery, AL Metro Area",75,64,0,7,4,0
310M300US34060,34060,"Morgantown, WV Metro Area",27,8,0,19,0,0
310M300US34100,34100,"Morristown, TN Metro Area",26,26,0,0,0,0
310M300US34580,34580,"Mount Vernon-Anacortes, WA Metro Area",357,201,149,2,0,5
310M300US34620,34620,"Muncie, IN Metro Area",94,79,7,8,0,0
310M300US34740,34740,"Muskegon, MI Metro Area",58,58,0,0,0,0
310M300US34820,34820,"Myrtle Beach-Conway-North Myrtle Beach, SC-NC Metro Area",765,736,7,0,22,0
310M300US34900,34900,"Napa, CA Metro Area",267,246,0,21,0,0
310M300US34940,34940,"Naples-Immokalee-Marco Island, FL Metro Area",0,0,0,0,0,0
310M300US34980,34980,"Nashville-Davidson--Murfreesboro--Franklin, TN Metro Area",1032,856,114,15,47,0
310M300US35100,35100,"New Bern, NC Metro Area",173,139,0,0,20,14
310M300US35300,35300,"New Haven-Milford, CT Metro Area",163,119,21,23,0,0
310M300US35380,35380,"New Orleans-Metairie, LA Metro Area",420,380,40,0,0,0
310M300US35620,35620,"New York-Newark-Jersey City, NY-NJ-PA Metro Area",7414,6058,650,348,142,216
310M300US35660,35660,"Niles-Benton Harbor, MI Metro Area",68,48,20,0,0,0
310M300US35840,35840,"North Port-Sarasota-Bradenton, FL Metro Area",258,209,29,0,20,0
310M300US35980,35980,"Norwich-New London, CT Metro Area",57,57,0,0,0,0
310M300US36100,36100,"Ocala, FL Metro Area",113,60,0,0,53,0
310M300US36140,36140,"Ocean City, NJ Metro Area",98,70,18,0,10,0
310M300US36220,36220,"Odessa, TX Metro Area",2,2,0,0,0,0
310M300US36260,36260,"Ogden-Clearfield, UT Metro Area",2705,2318,159,149,79,0
310M300US36420,36420,"Oklahoma City, OK Metro Area",835,478,102,27,81,147
310M300US36500,36500,"Olympia-Tumwater, WA Metro Area",2314,1928,225,52,47,62
310M300US36540,36540,"Omaha-Council Bluffs, NE-IA Metro Area",466,413,17,21,15,0
310M300US36740,36740,"Orlando-Kissimmee-Sanford, FL Metro Area",1629,1353,65,23,162,26
310M300US36780,36780,"Oshkosh-Neenah, WI Metro Area",36,36,0,0,0,0
310M300US36980,36980,"Owensboro, KY Metro Area",0,0,0,0,0,0
310M300US37100,37100,"Oxnard-Thousand Oaks-Ventura, CA Metro Area",1530,1223,154,60,66,27
310M300US37340,37340,"Palm Bay-Melbourne-Titusville, FL Metro Area",447,286,161,0,0,0
310M300US37460,37460,"Panama City, FL Metro Area",128,80,11,10,27,0
310M300US37620,37620,"Parkersburg-Vienna, WV Metro Area",128,124,4,0,0,0
310M300US37860,37860,"Pensacola-Ferry Pass-Brent, FL Metro Area",399,321,45,0,33,0
310M300US37900,37900,"Peoria, IL Metro Area",60,55,0,5,0,0
310M300US37980,37980,"Philadelphia-Camden-Wilmington, PA-NJ-DE-MD Metro Area",2696,2302,124,94,142,34
310M300US38060,38060,"Phoenix-Mesa-Scottsdale, AZ Metro Area",9633,7075,1661,275,502,120
310M300US38220,38220,"Pine Bluff, AR Metro Area",0,0,0,0,0,0
310M300US38300,38300,"Pittsburgh, PA Metro Area",772,648,47,13,56,8
310M300US38340,38340,"Pittsfield, MA Metro Area",50,41,9,0,0,0
310M300US38540,38540,"Pocatello, ID Metro Area",144,50,51,18,25,0
310M300US38860,38860,"Portland-South Portland, ME Metro Area",28,24,0,0,4,0
310M300US38900,38900,"Portland-Vancouver-Hillsboro, OR-WA Metro Area",12058,9826,1258,472,310,192
310M300US38940,38940,"Port St. Lucie, FL Metro Area",125,61,64,0,0,0
310M300US39140,39140,"Prescott, AZ Metro Area",80,21,38,21,0,0
310M300US39300,39300,"Providence-Warwick, RI-MA Metro Area",886,781,22,0,83,0
310M300US39340,39340,"Provo-Orem, UT Metro Area",4159,2982,743,143,241,50
310M300US39380,39380,"Pueblo, CO Metro Area",96,75,21,0,0,0
310M300US39460,39460,"Punta Gorda, FL Metro Area",88,13,75,0,0,0
310M300US39540,39540,"Racine, WI Metro Area",65,55,10,0,0,0
310M300US39580,39580,"Raleigh, NC Metro Area",478,394,63,21,0,0
310M300US39660,39660,"Rapid City, SD Metro Area",62,45,4,0,0,13
310M300US39740,39740,"Reading, PA Metro Area",160,105,17,9,0,29
310M300US39820,39820,"Redding, CA Metro Area",71,71,0,0,0,0
310M300US39900,39900,"Reno, NV Metro Area",2651,1614,423,216,360,38
310M300US40060,40060,"Richmond, VA Metro Area",544,446,48,22,15,13
310M300US40140,40140,"Riverside-San Bernardino-Ontario, CA Metro Area",13652,10977,1403,490,669,113
310M300US40220,40220,"Roanoke, VA Metro Area",174,34,73,0,0,67
310M300US40340,40340,"Rochester, MN Metro Area",16,14,0,0,2,0
310M300US40380,40380,"Rochester, NY Metro Area",415,340,67,8,0,0
310M300US40420,40420,"Rockford, IL Metro Area",64,45,19,0,0,0
310M300US40580,40580,"Rocky Mount, NC Metro Area",83,83,0,0,0,0
310M300US40660,40660,"Rome, GA Metro Area",0,0,0,0,0,0
310M300US40900,40900,"Sacramento--Roseville--Arden-Arcade, CA Metro Area",17112,14074,2013,505,115,405
310M300US40980,40980,"Saginaw, MI Metro Area",43,43,0,0,0,0
310M300US41060,41060,"St. Cloud, MN Metro Area",22,22,0,0,0,0
310M300US41100,41100,"St. George, UT Metro Area",1240,842,228,44,126,0
310M300US41140,41140,"St. Joseph, MO-KS Metro Area",176,74,98,0,4,0
310M300US41180,41180,"St. Louis, MO-IL Metro Area",911,643,85,81,96,6
310M300US41420,41420,"Salem, OR Metro Area",2799,1971,450,335,0,43
310M300US41500,41500,"Salinas, CA Metro Area",2033,1642,227,89,40,35
310M300US41540,41540,"Salisbury, MD-DE Metro Area",266,266,0,0,0,0
310M300US41620,41620,"Salt Lake City, UT Metro Area",16865,13361,2343,121,934,106
310M300US41660,41660,"San Angelo, TX Metro Area",38,0,0,0,12,26
310M300US41700,41700,"San Antonio-New Braunfels, TX Metro Area",1594,1209,312,14,23,36
310M300US41740,41740,"San Diego-Carlsbad, CA Metro Area",14599,12440,1470,261,297,131
310M300US41860,41860,"San Francisco-Oakland-Hayward, CA Metro Area",33346,28404,2561,1570,217,594
310M300US41940,41940,"San Jose-Sunnyvale-Santa Clara, CA Metro Area",7900,6449,1096,274,50,31
310M300US42020,42020,"San Luis Obispo-Paso Robles-Arroyo Grande, CA Metro Area",256,246,0,10,0,0
310M300US42100,42100,"Santa Cruz-Watsonville, CA Metro Area",322,263,15,44,0,0
310M300US42140,42140,"Santa Fe, NM Metro Area",88,80,0,8,0,0
310M300US42200,42200,"Santa Maria-Santa Barbara, CA Metro Area",768,515,74,60,99,20
310M300US42220,42220,"Santa Rosa, CA Metro Area",1602,1211,285,77,3,26
310M300US42340,42340,"Savannah, GA Metro Area",364,290,0,20,54,0
310M300US42540,42540,"Scranton--Wilkes-Barre--Hazleton, PA Metro Area",99,88,11,0,0,0
310M300US42660,42660,"Seattle-Tacoma-Bellevue, WA Metro Area",31048,24154,4951,651,923,369
310M300US42680,42680,"Sebastian-Vero Beach, FL Metro Area",0,0,0,0,0,0
310M300US42700,42700,"Sebring, FL Metro Area",34,19,15,0,0,0
310M300US43100,43100,"Sheboygan, WI Metro Area",7,7,0,0,0,0
310M300US43300,43300,"Sherman-Denison, TX Metro Area",76,63,0,13,0,0
310M300US43340,43340,"Shreveport-Bossier City, LA Metro Area",319,261,26,15,17,0
310M300US43420,43420,"Sierra Vista-Douglas, AZ Metro Area",399,349,0,7,0,43
310M300US43580,43580,"Sioux City, IA-NE-SD Metro Area",223,223,0,0,0,0
310M300US43620,43620,"Sioux Falls, SD Metro Area",72,20,12,26,0,14
310M300US43780,43780,"South Bend-Mishawaka, IN-MI Metro Area",291,257,32,0,2,0
310M300US43900,43900,"Spartanburg, SC Metro Area",97,52,0,0,45,0
310M300US44060,44060,"Spokane-Spokane Valley, WA Metro Area",2182,1681,332,42,101,26
310M300US44100,44100,"Springfield, IL Metro Area",108,81,0,0,27,0
310M300US44140,44140,"Springfield, MA Metro Area",228,204,24,0,0,0
310M300US44180,44180,"Springfield, MO Metro Area",488,233,163,11,81,0
310M300US44220,44220,"Springfield, OH Metro Area",96,91,0,5,0,0
310M300US44300,44300,"State College, PA Metro Area",70,70,0,0,0,0
310M300US44420,44420,"Staunton-Waynesboro, VA Metro Area",112,112,0,0,0,0
310M300US44700,44700,"Stockton-Lodi, CA Metro Area",3978,2957,461,549,11,0
310M300US44940,44940,"Sumter, SC Metro Area",5,0,5,0,0,0
310M300US45060,45060,"Syracuse, NY Metro Area",171,104,40,0,5,22
310M300US45220,45220,"Tallahassee, FL Metro Area",77,25,12,13,27,0
310M300US45300,45300,"Tampa-St. Petersburg-Clearwater, FL Metro Area",1923,1558,134,38,76,117
310M300US45460,45460,"Terre Haute, IN Metro Area",39,39,0,0,0,0
310M300US45500,45500,"Texarkana, TX-AR Metro Area",64,39,25,0,0,0
310M300US45540,45540,"The Villages, FL Metro Area",49,41,0,0,8,0
310M300US45780,45780,"Toledo, OH Metro Area",142,88,9,4,25,16
310M300US45820,45820,"Topeka, KS Metro Area",171,101,16,54,0,0
310M300US45940,45940,"Trenton, NJ Metro Area",118,113,0,0,5,0
310M300US46060,46060,"Tucson, AZ Metro Area",1464,857,490,0,86,31
310M300US46140,46140,"Tulsa, OK Metro Area",603,440,37,112,14,0
310M300US46220,46220,"Tuscaloosa, AL Metro Area",47,47,0,0,0,0
310M300US46340,46340,"Tyler, TX Metro Area",240,209,0,31,0,0
310M300US46520,46520,"Urban Honolulu, HI Metro Area",91733,77068,11098,853,1404,1310
310M300US46540,46540,"Utica-Rome, NY Metro Area",200,119,81,0,0,0
310M300US46660,46660,"Valdosta, GA Metro Area",52,41,0,11,0,0
310M300US46700,46700,"Vallejo-Fairfield, CA Metro Area",3568,2651,519,176,130,92
310M300US47020,47020,"Victoria, TX Metro Area",47,47,0,0,0,0
310M300US47220,47220,"Vineland-Bridgeton, NJ Metro Area",0,0,0,0,0,0
310M300US47260,47260,"Virginia Beach-Norfolk-Newport News, VA-NC Metro Area",1648,1193,75,63,275,42
310M300US47300,47300,"Visalia-Porterville, CA Metro Area",703,556,147,0,0,0
310M300US47380,47380,"Waco, TX Metro Area",97,97,0,0,0,0
310M300US47460,47460,"Walla Walla, WA Metro Area",105,51,25,29,0,0
310M300US47580,47580,"Warner Robins, GA Metro Area",99,99,0,0,0,0
310M300US47900,47900,"Washington-Arlington-Alexandria, DC-VA-MD-WV Metro Area",3626,2733,229,225,271,168
310M300US47940,47940,"Waterloo-Cedar Falls, IA Metro Area",338,293,45,0,0,0
310M300US48060,48060,"Watertown-Fort Drum, NY Metro Area",306,59,6,16,218,7
310M300US48140,48140,"Wausau, WI Metro Area",26,20,6,0,0,0
310M300US48260,48260,"Weirton-Steubenville, WV-OH Metro Area",22,3,0,0,19,0
310M300US48300,48300,"Wenatchee, WA Metro Area",152,102,0,16,34,0
310M300US48540,48540,"Wheeling, WV-OH Metro Area",23,23,0,0,0,0
310M300US48620,48620,"Wichita, KS Metro Area",182,182,0,0,0,0
310M300US48660,48660,"Wichita Falls, TX Metro Area",49,27,0,6,0,16
310M300US48700,48700,"Williamsport, PA Metro Area",9,9,0,0,0,0
310M300US48900,48900,"Wilmington, NC Metro Area",151,134,17,0,0,0
310M300US49020,49020,"Winchester, VA-WV Metro Area",54,54,0,0,0,0
310M300US49180,49180,"Winston-Salem, NC Metro Area",372,363,9,0,0,0
310M300US49340,49340,"Worcester, MA-CT Metro Area",187,187,0,0,0,0
310M300US49420,49420,"Yakima, WA Metro Area",189,165,7,0,17,0
310M300US49620,49620,"York-Hanover, PA Metro Area",97,82,0,0,15,0
310M300US49660,49660,"Youngstown-Warren-Boardman, OH-PA Metro Area",68,56,0,0,12,0
310M300US49700,49700,"Yuba City, CA Metro Area",678,548,90,32,0,8
310M300US49740,49740,"Yuma, AZ Metro Area",346,235,86,0,25,0
