GEO.id,Id
GEO.id2,Id2
GEO.display-label,Geography
HC04_EST_VC01,Unemployment rate; Estimate; Population 16 years and over
HC04_EST_VC03,Unemployment rate; Estimate; AGE - 16 to 19 years
HC04_EST_VC04,Unemployment rate; Estimate; AGE - 20 to 24 years
HC04_EST_VC05,Unemployment rate; Estimate; AGE - 25 to 29 years
HC04_EST_VC06,Unemployment rate; Estimate; AGE - 30 to 34 years
HC04_EST_VC07,Unemployment rate; Estimate; AGE - 35 to 44 years
HC04_EST_VC08,Unemployment rate; Estimate; AGE - 45 to 54 years
HC04_EST_VC09,Unemployment rate; Estimate; AGE - 55 to 59 years
HC04_EST_VC10,Unemployment rate; Estimate; AGE - 60 to 64 years
HC04_EST_VC11,Unemployment rate; Estimate; AGE - 65 to 74 years
HC04_EST_VC12,Unemployment rate; Estimate; AGE - 75 years and over
HC04_EST_VC15,Unemployment rate; Estimate; RACE AND HISPANIC OR LATINO ORIGIN - White alone
HC04_EST_VC16,Unemployment rate; Estimate; RACE AND HISPANIC OR LATINO ORIGIN - Black or African American alone
HC04_EST_VC17,Unemployment rate; Estimate; RACE AND HISPANIC OR LATINO ORIGIN - American Indian and Alaska Native alone
HC04_EST_VC18,Unemployment rate; Estimate; RACE AND HISPANIC OR LATINO ORIGIN - Asian alone
HC04_EST_VC19,Unemployment rate; Estimate; RACE AND HISPANIC OR LATINO ORIGIN - Native Hawaiian and Other Pacific Islander alone
HC04_EST_VC20,Unemployment rate; Estimate; RACE AND HISPANIC OR LATINO ORIGIN - Some other race alone
HC04_EST_VC21,Unemployment rate; Estimate; RACE AND HISPANIC OR LATINO ORIGIN - Two or more races
HC04_EST_VC23,Unemployment rate; Estimate; Hispanic or Latino origin (of any race)
HC04_EST_VC24,"Unemployment rate; Estimate; White alone, not Hispanic or Latino"
HC04_EST_VC26,Unemployment rate; Estimate; Population 20 to 64 years
HC04_EST_VC28,Unemployment rate; Estimate; Population 20 to 64 years - SEX - Male
HC04_EST_VC29,Unemployment rate; Estimate; Population 20 to 64 years - SEX - Female
HC04_EST_VC30,Unemployment rate; Estimate; Population 20 to 64 years - SEX - Female - With own children under 18 years
HC04_EST_VC31,Unemployment rate; Estimate; Population 20 to 64 years - SEX - Female - With own children under 18 years - With own children under 6 years only
HC04_EST_VC32,Unemployment rate; Estimate; Population 20 to 64 years - SEX - Female - With own children under 18 years - With own children under 6 years and 6 to 17 years
HC04_EST_VC33,Unemployment rate; Estimate; Population 20 to 64 years - SEX - Female - With own children under 18 years - With own children under 6 to 17 years only
HC04_EST_VC36,Unemployment rate; Estimate; POVERTY STATUS IN THE PAST 12 MONTHS - Below poverty level
HC04_EST_VC37,Unemployment rate; Estimate; POVERTY STATUS IN THE PAST 12 MONTHS - At or above the poverty level
HC04_EST_VC40,Unemployment rate; Estimate; DISABILITY STATUS - With any disability
HC04_EST_VC43,Unemployment rate; Estimate; EDUCATIONAL ATTAINMENT - Population 25 to 64 years
HC04_EST_VC44,Unemployment rate; Estimate; EDUCATIONAL ATTAINMENT - Population 25 to 64 years - Less than high school graduate
HC04_EST_VC45,Unemployment rate; Estimate; EDUCATIONAL ATTAINMENT - Population 25 to 64 years - High school graduate (includes equivalency)
HC04_EST_VC46,Unemployment rate; Estimate; EDUCATIONAL ATTAINMENT - Population 25 to 64 years - Some college or associate's degree
HC04_EST_VC47,Unemployment rate; Estimate; EDUCATIONAL ATTAINMENT - Population 25 to 64 years - Bachelor's degree or higher
