GEO.id,GEO.id2,GEO.display-label,HD01_VD01,HD01_VD02,HD01_VD03,HD01_VD04,HD01_VD05,HD01_VD06
Id,Id2,Geography,Estimate; Total:,Estimate; Total: - Same house 1 year ago,Estimate; Total: - Moved within same county,Estimate; Total: - Moved from different county within same state,Estimate; Total: - Moved from different state,Estimate; Total: - Moved from abroad
310M200US10180,10180,"Abilene, TX Metro Area",2413,1940,274,89,54,56
310M200US10420,10420,"Akron, OH Metro Area",15390,12448,943,612,308,1079
310M200US10500,10500,"Albany, GA Metro Area",1476,1104,75,164,92,41
310M200US10540,10540,"Albany, OR Metro Area",1350,943,168,180,36,23
310M200US10580,10580,"Albany-Schenectady-Troy, NY Metro Area",30910,23943,2030,1697,1563,1677
310M200US10740,10740,"Albuquerque, NM Metro Area",17881,15164,1970,68,335,344
310M200US10780,10780,"Alexandria, LA Metro Area",1856,1597,54,40,1,164
310M200US10900,10900,"Allentown-Bethlehem-Easton, PA-NJ Metro Area",21781,18485,1131,681,1006,478
310M200US11020,11020,"Altoona, PA Metro Area",1016,933,45,0,18,20
310M200US11100,11100,"Amarillo, TX Metro Area",7125,5725,569,257,110,464
310M200US11180,11180,"Ames, IA Metro Area",5640,2857,1296,180,202,1105
310M200US11260,11260,"Anchorage, AK Metro Area",26178,22103,2189,190,1246,450
310M200US11460,11460,"Ann Arbor, MI Metro Area",28553,18894,3784,1733,1409,2733
310M200US11500,11500,"Anniston-Oxford-Jacksonville, AL Metro Area",939,660,6,138,99,36
310M200US11540,11540,"Appleton, WI Metro Area",6441,5569,304,300,178,90
310M200US11700,11700,"Asheville, NC Metro Area",4125,3562,191,94,227,51
310M200US12020,12020,"Athens-Clarke County, GA Metro Area",6644,4927,528,745,142,302
310M200US12060,12060,"Atlanta-Sandy Springs-Roswell, GA Metro Area",277655,225628,20537,10432,9783,11275
310M200US12100,12100,"Atlantic City-Hammonton, NJ Metro Area",22213,19784,1255,247,413,514
310M200US12220,12220,"Auburn-Opelika, AL Metro Area",4490,2687,710,148,447,498
310M200US12260,12260,"Augusta-Richmond County, GA-SC Metro Area",10275,8642,645,165,461,362
310M200US12420,12420,"Austin-Round Rock, TX Metro Area",91310,69340,10012,4284,4105,3569
310M200US12540,12540,"Bakersfield, CA Metro Area",37575,31159,4223,1059,362,772
310M200US12580,12580,"Baltimore-Columbia-Towson, MD Metro Area",133797,110230,9840,4415,5122,4190
310M200US12620,12620,"Bangor, ME Metro Area",1551,1216,164,21,29,121
310M200US12700,12700,"Barnstable Town, MA Metro Area",2771,2443,117,1,129,81
310M200US12940,12940,"Baton Rouge, LA Metro Area",15446,11928,1761,289,644,824
310M200US12980,12980,"Battle Creek, MI Metro Area",2481,1890,302,32,104,153
310M200US13020,13020,"Bay City, MI Metro Area",590,543,0,0,24,23
310M200US13140,13140,"Beaumont-Port Arthur, TX Metro Area",10421,9240,347,314,285,235
310M200US13220,13220,"Beckley, WV Metro Area",899,838,0,0,6,55
310M200US13380,13380,"Bellingham, WA Metro Area",8022,6365,832,525,174,126
310M200US13460,13460,"Bend-Redmond, OR Metro Area",1982,1501,260,198,0,23
310M200US13740,13740,"Billings, MT Metro Area",1205,862,8,69,217,49
310M200US13780,13780,"Binghamton, NY Metro Area",7864,5697,605,517,601,444
310M200US13820,13820,"Birmingham-Hoover, AL Metro Area",14877,11677,940,772,853,635
310M200US13900,13900,"Bismarck, ND Metro Area",576,560,0,8,0,8
310M200US13980,13980,"Blacksburg-Christiansburg-Radford, VA Metro Area",6304,3991,929,739,242,403
310M200US14010,14010,"Bloomington, IL Metro Area",7822,5350,606,345,744,777
310M200US14020,14020,"Bloomington, IN Metro Area",8363,4172,1683,517,744,1247
310M200US14100,14100,"Bloomsburg-Berwick, PA Metro Area",1219,869,150,119,28,53
310M200US14260,14260,"Boise City, ID Metro Area",12739,9172,1994,681,486,406
310M200US14460,14460,"Boston-Cambridge-Newton, MA-NH Metro Area",319612,253181,27355,11465,11895,15716
310M200US14500,14500,"Boulder, CO Metro Area",12618,9500,797,664,745,912
310M200US14540,14540,"Bowling Green, KY Metro Area",3283,2563,360,34,95,231
310M200US14740,14740,"Bremerton-Silverdale, WA Metro Area",12383,10055,753,225,720,630
310M200US14860,14860,"Bridgeport-Stamford-Norwalk, CT Metro Area",44897,36609,3481,527,2123,2157
310M200US15180,15180,"Brownsville-Harlingen, TX Metro Area",2830,2378,312,12,34,94
310M200US15260,15260,"Brunswick, GA Metro Area",1265,1074,130,60,0,1
310M200US15380,15380,"Buffalo-Cheektowaga-Niagara Falls, NY Metro Area",28954,20539,3762,1262,845,2546
310M200US15500,15500,"Burlington, NC Metro Area",2013,1752,13,0,194,54
310M200US15540,15540,"Burlington-South Burlington, VT Metro Area",4874,4170,336,70,160,138
310M200US15680,15680,"California-Lexington Park, MD Metro Area",2664,2200,148,46,135,135
310M200US15940,15940,"Canton-Massillon, OH Metro Area",2811,2369,127,67,151,97
310M200US15980,15980,"Cape Coral-Fort Myers, FL Metro Area",9945,8556,531,431,342,85
310M200US16020,16020,"Cape Girardeau, MO-IL Metro Area",1115,676,179,91,42,127
310M200US16060,16060,"Carbondale-Marion, IL Metro Area",2512,1641,276,191,356,48
310M200US16180,16180,"Carson City, NV Metro Area",1265,1132,43,37,53,0
310M200US16220,16220,"Casper, WY Metro Area",708,505,49,58,31,65
310M200US16300,16300,"Cedar Rapids, IA Metro Area",4182,3080,537,101,192,272
310M200US16540,16540,"Chambersburg-Waynesboro, PA Metro Area",1358,1222,64,23,19,30
310M200US16580,16580,"Champaign-Urbana, IL Metro Area",19548,10634,4310,1139,1173,2292
310M200US16620,16620,"Charleston, WV Metro Area",1953,1684,21,12,53,183
310M200US16700,16700,"Charleston-North Charleston, SC Metro Area",11440,9325,726,358,771,260
310M200US16740,16740,"Charlotte-Concord-Gastonia, NC-SC Metro Area",67283,53306,6603,2090,3051,2233
310M200US16820,16820,"Charlottesville, VA Metro Area",7822,5314,742,989,307,470
310M200US16860,16860,"Chattanooga, TN-GA Metro Area",7849,6665,536,150,437,61
310M200US16940,16940,"Cheyenne, WY Metro Area",1061,597,328,23,64,49
310M200US16980,16980,"Chicago-Naperville-Elgin, IL-IN-WI Metro Area",560971,464931,51003,12373,13230,19434
310M200US17020,17020,"Chico, CA Metro Area",9307,7452,1338,391,63,63
310M200US17140,17140,"Cincinnati, OH-KY-IN Metro Area",43689,33929,3094,1320,2907,2439
310M200US17300,17300,"Clarksville, TN-KY Metro Area",4880,4065,186,51,356,222
310M200US17420,17420,"Cleveland, TN Metro Area",1021,779,111,43,71,17
310M200US17460,17460,"Cleveland-Elyria, OH Metro Area",42259,33750,3863,591,1964,2091
310M200US17660,17660,"Coeur d'Alene, ID Metro Area",1571,1431,104,6,0,30
310M200US17780,17780,"College Station-Bryan, TX Metro Area",11101,6654,1832,694,313,1608
310M200US17820,17820,"Colorado Springs, CO Metro Area",17249,13451,1734,348,1054,662
310M200US17860,17860,"Columbia, MO Metro Area",6696,4203,1073,240,305,875
310M200US17900,17900,"Columbia, SC Metro Area",14221,10994,948,521,912,846
310M200US17980,17980,"Columbus, GA-AL Metro Area",5642,4473,235,93,757,84
310M200US18020,18020,"Columbus, IN Metro Area",3404,2278,347,49,246,484
310M200US18140,18140,"Columbus, OH Metro Area",63112,47980,6886,2086,3609,2551
310M200US18580,18580,"Corpus Christi, TX Metro Area",6813,5658,474,310,193,178
310M200US18700,18700,"Corvallis, OR Metro Area",5128,3462,438,387,132,709
310M200US18880,18880,"Crestview-Fort Walton Beach-Destin, FL Metro Area",6381,5674,352,116,181,58
310M200US19060,19060,"Cumberland, MD-WV Metro Area",664,409,101,61,54,39
310M200US19100,19100,"Dallas-Fort Worth-Arlington, TX Metro Area",376193,307582,29249,13153,12345,13864
310M200US19140,19140,"Dalton, GA Metro Area",1346,1129,0,125,66,26
310M200US19180,19180,"Danville, IL Metro Area",667,636,21,0,10,0
310M200US19300,19300,"Daphne-Fairhope-Foley, AL Metro Area",1256,870,40,54,5,287
310M200US19340,19340,"Davenport-Moline-Rock Island, IA-IL Metro Area",6441,5236,399,43,410,353
310M200US19380,19380,"Dayton, OH Metro Area",16388,13105,1277,222,768,1016
310M200US19460,19460,"Decatur, AL Metro Area",776,726,22,0,28,0
310M200US19500,19500,"Decatur, IL Metro Area",1311,1155,87,46,11,12
310M200US19660,19660,"Deltona-Daytona Beach-Ormond Beach, FL Metro Area",10638,9409,400,71,598,160
310M200US19740,19740,"Denver-Aurora-Lakewood, CO Metro Area",98878,79268,7907,5464,2709,3530
310M200US19780,19780,"Des Moines-West Des Moines, IA Metro Area",19372,14782,1812,949,887,942
310M200US19820,19820,"Detroit-Warren-Dearborn, MI Metro Area",152263,126538,10795,4343,3750,6837
310M200US20020,20020,"Dothan, AL Metro Area",1165,1086,36,31,4,8
310M200US20100,20100,"Dover, DE Metro Area",3424,2933,154,17,229,91
310M200US20220,20220,"Dubuque, IA Metro Area",1287,946,55,7,123,156
310M200US20260,20260,"Duluth, MN-WI Metro Area",2565,1896,221,261,77,110
310M200US20500,20500,"Durham-Chapel Hill, NC Metro Area",22897,15636,2262,1384,1560,2055
310M200US20700,20700,"East Stroudsburg, PA Metro Area",3428,3225,80,67,21,35
310M200US20740,20740,"Eau Claire, WI Metro Area",3918,3109,434,224,93,58
310M200US20940,20940,"El Centro, CA Metro Area",2576,2263,150,85,69,9
310M200US21060,21060,"Elizabethtown-Fort Knox, KY Metro Area",2488,1772,69,178,450,19
310M200US21140,21140,"Elkhart-Goshen, IN Metro Area",2013,1657,11,71,172,102
310M200US21300,21300,"Elmira, NY Metro Area",1323,1143,44,23,55,58
310M200US21340,21340,"El Paso, TX Metro Area",8811,6953,937,151,596,174
310M200US21500,21500,"Erie, PA Metro Area",3713,2518,614,111,249,221
310M200US21660,21660,"Eugene, OR Metro Area",8695,5618,1583,470,416,608
310M200US21780,21780,"Evansville, IN-KY Metro Area",3079,1864,345,314,443,113
310M200US21820,21820,"Fairbanks, AK Metro Area",2625,1849,133,10,308,325
310M200US22020,22020,"Fargo, ND-MN Metro Area",4604,3371,679,51,199,304
310M200US22140,22140,"Farmington, NM Metro Area",470,408,31,5,20,6
310M200US22180,22180,"Fayetteville, NC Metro Area",8218,6319,707,151,585,456
310M200US22220,22220,"Fayetteville-Springdale-Rogers, AR-MO Metro Area",12931,8667,1845,223,926,1270
310M200US22380,22380,"Flagstaff, AZ Metro Area",2120,1320,326,52,218,204
310M200US22420,22420,"Flint, MI Metro Area",3998,3247,234,375,28,114
310M200US22500,22500,"Florence, SC Metro Area",1878,1460,48,121,247,2
310M200US22520,22520,"Florence-Muscle Shoals, AL Metro Area",933,778,135,9,6,5
310M200US22540,22540,"Fond du Lac, WI Metro Area",1232,673,260,81,10,208
310M200US22660,22660,"Fort Collins, CO Metro Area",5768,3719,926,231,574,318
310M200US22900,22900,"Fort Smith, AR-OK Metro Area",6971,5630,838,241,201,61
310M200US23060,23060,"Fort Wayne, IN Metro Area",10959,8693,1262,169,447,388
310M200US23420,23420,"Fresno, CA Metro Area",90831,75369,11479,2023,764,1196
310M200US23460,23460,"Gadsden, AL Metro Area",696,638,31,18,9,0
310M200US23540,23540,"Gainesville, FL Metro Area",13825,8701,1853,947,772,1552
310M200US23580,23580,"Gainesville, GA Metro Area",3178,2700,245,99,52,82
310M200US23900,23900,"Gettysburg, PA Metro Area",699,518,111,0,40,30
310M200US24020,24020,"Glens Falls, NY Metro Area",959,842,49,32,16,20
310M200US24140,24140,"Goldsboro, NC Metro Area",1270,1009,42,37,96,86
310M200US24220,24220,"Grand Forks, ND-MN Metro Area",1720,1143,68,115,99,295
310M200US24260,24260,"Grand Island, NE Metro Area",758,682,16,37,23,0
310M200US24300,24300,"Grand Junction, CO Metro Area",904,727,57,47,64,9
310M200US24340,24340,"Grand Rapids-Wyoming, MI Metro Area",22951,19054,1896,584,635,782
310M200US24420,24420,"Grants Pass, OR Metro Area",502,498,4,0,0,0
310M200US24500,24500,"Great Falls, MT Metro Area",681,346,157,0,135,43
310M200US24540,24540,"Greeley, CO Metro Area",3488,3182,96,123,80,7
310M200US24580,24580,"Green Bay, WI Metro Area",7446,5897,860,146,349,194
310M200US24660,24660,"Greensboro-High Point, NC Metro Area",23077,19406,1573,783,574,741
310M200US24780,24780,"Greenville, NC Metro Area",2831,2103,230,178,213,107
310M200US24860,24860,"Greenville-Anderson-Mauldin, SC Metro Area",13096,10189,1210,803,499,395
310M200US25060,25060,"Gulfport-Biloxi-Pascagoula, MS Metro Area",9065,7847,638,108,288,184
310M200US25180,25180,"Hagerstown-Martinsburg, MD-WV Metro Area",3257,2528,184,119,397,29
310M200US25220,25220,"Hammond, LA Metro Area",872,794,20,50,8,0
310M200US25260,25260,"Hanford-Corcoran, CA Metro Area",5493,4303,709,225,16,240
310M200US25420,25420,"Harrisburg-Carlisle, PA Metro Area",16578,13549,988,450,887,704
310M200US25500,25500,"Harrisonburg, VA Metro Area",2323,1325,418,287,278,15
310M200US25540,25540,"Hartford-West Hartford-East Hartford, CT Metro Area",51120,40730,3735,1583,2582,2490
310M200US25620,25620,"Hattiesburg, MS Metro Area",1537,1072,138,198,67,62
310M200US25860,25860,"Hickory-Lenoir-Morganton, NC Metro Area",8970,7769,766,269,117,49
310M200US25940,25940,"Hilton Head Island-Bluffton-Beaufort, SC Metro Area",2052,1703,194,12,101,42
310M200US25980,25980,"Hinesville, GA Metro Area",1300,967,41,37,169,86
310M200US26140,26140,"Homosassa Springs, FL Metro Area",2149,1848,185,0,76,40
310M200US26300,26300,"Hot Springs, AR Metro Area",838,679,66,0,75,18
310M200US26380,26380,"Houma-Thibodaux, LA Metro Area",1831,1568,67,82,109,5
310M200US26420,26420,"Houston-The Woodlands-Sugar Land, TX Metro Area",424857,359292,31044,10783,10577,13161
310M200US26580,26580,"Huntington-Ashland, WV-KY-OH Metro Area",1989,1575,114,48,158,94
310M200US26620,26620,"Huntsville, AL Metro Area",9370,7672,748,272,370,308
310M200US26820,26820,"Idaho Falls, ID Metro Area",794,584,53,91,26,40
310M200US26900,26900,"Indianapolis-Carmel-Anderson, IN Metro Area",44232,36137,3289,1499,1697,1610
310M200US26980,26980,"Iowa City, IA Metro Area",7832,5122,1353,183,299,875
310M200US27060,27060,"Ithaca, NY Metro Area",10023,4942,2330,311,693,1747
310M200US27100,27100,"Jackson, MI Metro Area",1052,823,56,37,22,114
310M200US27140,27140,"Jackson, MS Metro Area",6150,5161,116,234,342,297
310M200US27180,27180,"Jackson, TN Metro Area",1119,597,51,29,383,59
310M200US27260,27260,"Jacksonville, FL Metro Area",47705,38679,4615,1127,1572,1712
310M200US27340,27340,"Jacksonville, NC Metro Area",3521,2761,274,53,312,121
310M200US27500,27500,"Janesville-Beloit, WI Metro Area",1742,1335,243,74,74,16
310M200US27620,27620,"Jefferson City, MO Metro Area",1203,892,150,22,66,73
310M200US27740,27740,"Johnson City, TN Metro Area",1849,1414,276,23,74,62
310M200US27780,27780,"Johnstown, PA Metro Area",727,566,52,64,28,17
310M200US27860,27860,"Jonesboro, AR Metro Area",1159,905,124,0,39,91
310M200US27900,27900,"Joplin, MO Metro Area",1917,1600,124,38,68,87
310M200US27980,27980,"Kahului-Wailuku-Lahaina, HI Metro Area",42396,38881,2467,441,206,401
310M200US28020,28020,"Kalamazoo-Portage, MI Metro Area",6466,5006,677,554,42,187
310M200US28100,28100,"Kankakee, IL Metro Area",1220,1101,25,48,26,20
310M200US28140,28140,"Kansas City, MO-KS Metro Area",49255,39568,4266,1282,2405,1734
310M200US28420,28420,"Kennewick-Richland, WA Metro Area",6491,5337,307,118,171,558
310M200US28660,28660,"Killeen-Temple, TX Metro Area",10702,8516,933,353,579,321
310M200US28700,28700,"Kingsport-Bristol-Bristol, TN-VA Metro Area",1576,1306,25,60,157,28
310M200US28740,28740,"Kingston, NY Metro Area",3333,3048,121,83,6,75
310M200US28940,28940,"Knoxville, TN Metro Area",11517,9350,724,195,830,418
310M200US29020,29020,"Kokomo, IN Metro Area",1018,840,8,114,56,0
310M200US29100,29100,"La Crosse-Onalaska, WI-MN Metro Area",5091,4440,395,84,59,113
310M200US29180,29180,"Lafayette, LA Metro Area",6887,5692,720,202,211,62
310M200US29200,29200,"Lafayette-West Lafayette, IN Metro Area",12175,6070,2681,467,679,2278
310M200US29340,29340,"Lake Charles, LA Metro Area",2431,1723,486,14,163,45
310M200US29420,29420,"Lake Havasu City-Kingman, AZ Metro Area",2345,2134,107,20,69,15
310M200US29460,29460,"Lakeland-Winter Haven, FL Metro Area",10374,9395,557,244,154,24
310M200US29540,29540,"Lancaster, PA Metro Area",10552,9278,297,267,192,518
310M200US29620,29620,"Lansing-East Lansing, MI Metro Area",18292,11623,2558,920,568,2623
310M200US29700,29700,"Laredo, TX Metro Area",1504,1378,56,8,20,42
310M200US29740,29740,"Las Cruces, NM Metro Area",2393,1741,279,23,228,122
310M200US29820,29820,"Las Vegas-Henderson-Paradise, NV Metro Area",178669,142204,26008,235,6548,3674
310M200US29940,29940,"Lawrence, KS Metro Area",4663,2603,900,254,186,720
310M200US30020,30020,"Lawton, OK Metro Area",2575,1732,368,46,250,179
310M200US30140,30140,"Lebanon, PA Metro Area",1430,1252,39,56,73,10
310M200US30300,30300,"Lewiston, ID-WA Metro Area",576,388,10,19,110,49
310M200US30340,30340,"Lewiston-Auburn, ME Metro Area",855,753,18,15,57,12
310M200US30460,30460,"Lexington-Fayette, KY Metro Area",11840,8232,1726,347,600,935
310M200US30620,30620,"Lima, OH Metro Area",821,630,147,0,6,38
310M200US30700,30700,"Lincoln, NE Metro Area",11398,8746,1214,232,231,975
310M200US30780,30780,"Little Rock-North Little Rock-Conway, AR Metro Area",10927,8387,1264,479,402,395
310M200US30860,30860,"Logan, UT-ID Metro Area",2593,1868,261,39,37,388
310M200US30980,30980,"Longview, TX Metro Area",2184,1559,148,357,80,40
310M200US31020,31020,"Longview, WA Metro Area",1450,1265,160,0,0,25
310M200US31080,31080,"Los Angeles-Long Beach-Anaheim, CA Metro Area",1951057,1666659,190366,37048,16905,40079
310M200US31140,31140,"Louisville/Jefferson County, KY-IN Metro Area",21089,17262,1639,370,814,1004
310M200US31180,31180,"Lubbock, TX Metro Area",5874,3894,825,542,238,375
310M200US31340,31340,"Lynchburg, VA Metro Area",3728,2332,751,287,183,175
310M200US31420,31420,"Macon, GA Metro Area",3003,2322,232,201,25,223
310M200US31460,31460,"Madera, CA Metro Area",3307,2685,121,438,12,51
310M200US31540,31540,"Madison, WI Metro Area",26369,17915,4289,988,1311,1866
310M200US31700,31700,"Manchester-Nashua, NH Metro Area",13891,11272,1208,206,485,720
310M200US31740,31740,"Manhattan, KS Metro Area",3473,2647,293,129,103,301
310M200US31860,31860,"Mankato-North Mankato, MN Metro Area",1632,1330,98,66,105,33
310M200US31900,31900,"Mansfield, OH Metro Area",770,665,0,18,7,80
310M200US32580,32580,"McAllen-Edinburg-Mission, TX Metro Area",8311,7324,527,157,0,303
310M200US32780,32780,"Medford, OR Metro Area",2054,1521,290,69,66,108
310M200US32820,32820,"Memphis, TN-MS-AR Metro Area",25696,21494,2018,397,952,835
310M200US32900,32900,"Merced, CA Metro Area",19558,15748,2398,1077,100,235
310M200US33100,33100,"Miami-Fort Lauderdale-West Palm Beach, FL Metro Area",135382,114356,11388,2793,3218,3627
310M200US33140,33140,"Michigan City-La Porte, IN Metro Area",579,499,17,20,43,0
310M200US33220,33220,"Midland, MI Metro Area",1919,1519,75,55,192,78
310M200US33260,33260,"Midland, TX Metro Area",2159,1907,118,16,93,25
310M200US33340,33340,"Milwaukee-Waukesha-West Allis, WI Metro Area",47742,37904,5339,1148,1639,1712
310M200US33460,33460,"Minneapolis-St. Paul-Bloomington, MN-WI Metro Area",200268,157201,22438,8720,5659,6250
310M200US33540,33540,"Missoula, MT Metro Area",1159,828,128,31,36,136
310M200US33660,33660,"Mobile, AL Metro Area",7815,6503,708,142,173,289
310M200US33700,33700,"Modesto, CA Metro Area",27134,23101,2747,693,209,384
310M200US33740,33740,"Monroe, LA Metro Area",1385,1236,92,11,36,10
310M200US33780,33780,"Monroe, MI Metro Area",859,721,57,22,17,42
310M200US33860,33860,"Montgomery, AL Metro Area",6295,4981,518,59,266,471
310M200US34060,34060,"Morgantown, WV Metro Area",3303,2388,308,60,239,308
310M200US34100,34100,"Morristown, TN Metro Area",531,445,44,15,27,0
310M200US34580,34580,"Mount Vernon-Anacortes, WA Metro Area",2058,1526,363,97,38,34
310M200US34620,34620,"Muncie, IN Metro Area",1379,829,236,52,163,99
310M200US34740,34740,"Muskegon, MI Metro Area",1016,653,212,26,60,65
310M200US34820,34820,"Myrtle Beach-Conway-North Myrtle Beach, SC-NC Metro Area",3908,3283,390,7,194,34
310M200US34900,34900,"Napa, CA Metro Area",10236,8513,710,757,52,204
310M200US34940,34940,"Naples-Immokalee-Marco Island, FL Metro Area",4168,3161,655,223,46,83
310M200US34980,34980,"Nashville-Davidson--Murfreesboro--Franklin, TN Metro Area",39860,31050,3670,1008,2079,2053
310M200US35100,35100,"New Bern, NC Metro Area",2164,1701,73,74,15,301
310M200US35300,35300,"New Haven-Milford, CT Metro Area",31842,26161,2034,454,1408,1785
310M200US35380,35380,"New Orleans-Metairie, LA Metro Area",34401,28989,2386,852,1173,1001
310M200US35620,35620,"New York-Newark-Jersey City, NY-NJ-PA Metro Area",2006648,1755304,122419,42917,38224,47784
310M200US35660,35660,"Niles-Benton Harbor, MI Metro Area",2751,2269,241,8,161,72
310M200US35840,35840,"North Port-Sarasota-Bradenton, FL Metro Area",11529,9615,463,795,401,255
310M200US35980,35980,"Norwich-New London, CT Metro Area",11468,9858,761,191,450,208
310M200US36100,36100,"Ocala, FL Metro Area",4654,3749,349,210,242,104
310M200US36140,36140,"Ocean City, NJ Metro Area",1060,911,25,48,21,55
310M200US36220,36220,"Odessa, TX Metro Area",1175,996,123,15,41,0
310M200US36260,36260,"Ogden-Clearfield, UT Metro Area",9104,7518,556,398,289,343
310M200US36420,36420,"Oklahoma City, OK Metro Area",38528,31052,2781,1053,1931,1711
310M200US36500,36500,"Olympia-Tumwater, WA Metro Area",14743,12944,818,111,275,595
310M200US36540,36540,"Omaha-Council Bluffs, NE-IA Metro Area",19247,15098,1897,417,742,1093
310M200US36740,36740,"Orlando-Kissimmee-Sanford, FL Metro Area",90292,78034,5399,2321,1426,3112
310M200US36780,36780,"Oshkosh-Neenah, WI Metro Area",3799,3504,120,99,68,8
310M200US36980,36980,"Owensboro, KY Metro Area",807,576,139,60,0,32
310M200US37100,37100,"Oxnard-Thousand Oaks-Ventura, CA Metro Area",57904,49747,4225,1426,1149,1357
310M200US37340,37340,"Palm Bay-Melbourne-Titusville, FL Metro Area",12102,10511,514,274,544,259
310M200US37460,37460,"Panama City, FL Metro Area",3650,2713,456,252,113,116
310M200US37620,37620,"Parkersburg-Vienna, WV Metro Area",501,445,6,19,21,10
310M200US37860,37860,"Pensacola-Ferry Pass-Brent, FL Metro Area",11788,9526,870,493,495,404
310M200US37900,37900,"Peoria, IL Metro Area",7821,5646,847,298,558,472
310M200US37980,37980,"Philadelphia-Camden-Wilmington, PA-NJ-DE-MD Metro Area",314019,266805,19562,6108,11230,10314
310M200US38060,38060,"Phoenix-Mesa-Scottsdale, AZ Metro Area",149477,117501,18682,1179,6200,5915
310M200US38220,38220,"Pine Bluff, AR Metro Area",629,583,27,3,4,12
310M200US38300,38300,"Pittsburgh, PA Metro Area",45621,33673,4528,1069,3243,3108
310M200US38340,38340,"Pittsfield, MA Metro Area",1767,1275,233,200,33,26
310M200US38540,38540,"Pocatello, ID Metro Area",1054,863,114,37,24,16
310M200US38860,38860,"Portland-South Portland, ME Metro Area",8581,7341,595,119,247,279
310M200US38900,38900,"Portland-Vancouver-Hillsboro, OR-WA Metro Area",135540,111228,10717,3926,4937,4732
310M200US38940,38940,"Port St. Lucie, FL Metro Area",5897,5055,335,266,205,36
310M200US39140,39140,"Prescott, AZ Metro Area",1783,1480,85,135,83,0
310M200US39300,39300,"Providence-Warwick, RI-MA Metro Area",43550,34576,3832,668,2136,2338
310M200US39340,39340,"Provo-Orem, UT Metro Area",7397,5362,931,182,490,432
310M200US39380,39380,"Pueblo, CO Metro Area",1183,1009,55,27,63,29
310M200US39460,39460,"Punta Gorda, FL Metro Area",2014,1783,9,70,152,0
310M200US39540,39540,"Racine, WI Metro Area",2258,2050,45,3,50,110
310M200US39580,39580,"Raleigh, NC Metro Area",56089,45135,4376,1524,2693,2361
310M200US39660,39660,"Rapid City, SD Metro Area",1361,1072,99,74,49,67
310M200US39740,39740,"Reading, PA Metro Area",5598,4833,322,172,101,170
310M200US39820,39820,"Redding, CA Metro Area",4445,3821,246,237,80,61
310M200US39900,39900,"Reno, NV Metro Area",22252,18033,2861,308,536,514
310M200US40060,40060,"Richmond, VA Metro Area",42058,32246,3542,2258,2131,1881
310M200US40140,40140,"Riverside-San Bernardino-Ontario, CA Metro Area",272501,231105,20187,13282,2848,5079
310M200US40220,40220,"Roanoke, VA Metro Area",5252,3929,521,435,183,184
310M200US40340,40340,"Rochester, MN Metro Area",8413,7172,600,139,270,232
310M200US40380,40380,"Rochester, NY Metro Area",28675,22280,2683,777,1163,1772
310M200US40420,40420,"Rockford, IL Metro Area",7891,6651,503,153,395,189
310M200US40580,40580,"Rocky Mount, NC Metro Area",748,517,167,0,40,24
310M200US40660,40660,"Rome, GA Metro Area",1268,1196,0,10,56,6
310M200US40900,40900,"Sacramento--Roseville--Arden-Arcade, CA Metro Area",269051,218047,32155,12093,2370,4386
310M200US40980,40980,"Saginaw, MI Metro Area",2283,1779,248,76,29,151
310M200US41060,41060,"St. Cloud, MN Metro Area",3347,1662,348,965,88,284
310M200US41100,41100,"St. George, UT Metro Area",1004,890,32,14,21,47
310M200US41140,41140,"St. Joseph, MO-KS Metro Area",931,550,34,78,216,53
310M200US41180,41180,"St. Louis, MO-IL Metro Area",61296,48541,5293,2039,2593,2830
310M200US41420,41420,"Salem, OR Metro Area",7519,6140,476,355,281,267
310M200US41500,41500,"Salinas, CA Metro Area",26152,22669,1930,592,374,587
310M200US41540,41540,"Salisbury, MD-DE Metro Area",6007,5041,308,117,353,188
310M200US41620,41620,"Salt Lake City, UT Metro Area",37673,29986,3884,369,1676,1758
310M200US41660,41660,"San Angelo, TX Metro Area",1342,832,89,129,230,62
310M200US41700,41700,"San Antonio-New Braunfels, TX Metro Area",48619,36814,5835,1584,2132,2254
310M200US41740,41740,"San Diego-Carlsbad, CA Metro Area",354824,295768,39183,6660,4733,8480
310M200US41860,41860,"San Francisco-Oakland-Hayward, CA Metro Area",1061634,912030,74930,40253,12462,21959
310M200US41940,41940,"San Jose-Sunnyvale-Santa Clara, CA Metro Area",605183,507398,56272,12545,10150,18818
310M200US42020,42020,"San Luis Obispo-Paso Robles-Arroyo Grande, CA Metro Area",10173,7014,1656,1270,144,89
310M200US42100,42100,"Santa Cruz-Watsonville, CA Metro Area",11588,8579,1115,1495,216,183
310M200US42140,42140,"Santa Fe, NM Metro Area",1668,1187,127,45,208,101
310M200US42200,42200,"Santa Maria-Santa Barbara, CA Metro Area",21564,15357,3053,2013,343,798
310M200US42220,42220,"Santa Rosa, CA Metro Area",19663,16728,2013,706,100,116
310M200US42340,42340,"Savannah, GA Metro Area",8092,6822,583,166,356,165
310M200US42540,42540,"Scranton--Wilkes-Barre--Hazleton, PA Metro Area",7450,5967,647,138,419,279
310M200US42660,42660,"Seattle-Tacoma-Bellevue, WA Metro Area",419461,340007,44852,7586,11904,15112
310M200US42680,42680,"Sebastian-Vero Beach, FL Metro Area",1641,1328,62,95,139,17
310M200US42700,42700,"Sebring, FL Metro Area",1438,1276,143,0,0,19
310M200US43100,43100,"Sheboygan, WI Metro Area",5344,4129,724,283,169,39
310M200US43300,43300,"Sherman-Denison, TX Metro Area",1180,892,83,49,8,148
310M200US43340,43340,"Shreveport-Bossier City, LA Metro Area",4899,3938,540,98,260,63
310M200US43420,43420,"Sierra Vista-Douglas, AZ Metro Area",2250,1745,207,44,176,78
310M200US43580,43580,"Sioux City, IA-NE-SD Metro Area",3488,3039,92,56,241,60
310M200US43620,43620,"Sioux Falls, SD Metro Area",3672,2894,125,209,224,220
310M200US43780,43780,"South Bend-Mishawaka, IN-MI Metro Area",5578,4048,557,137,434,402
310M200US43900,43900,"Spartanburg, SC Metro Area",6147,5402,488,70,102,85
310M200US44060,44060,"Spokane-Spokane Valley, WA Metro Area",11211,9509,925,233,370,174
310M200US44100,44100,"Springfield, IL Metro Area",3364,2525,179,108,283,269
310M200US44140,44140,"Springfield, MA Metro Area",17686,12963,1490,690,725,1818
310M200US44180,44180,"Springfield, MO Metro Area",5146,4030,312,212,132,460
310M200US44220,44220,"Springfield, OH Metro Area",998,818,135,0,0,45
310M200US44300,44300,"State College, PA Metro Area",8399,4387,1332,556,861,1263
310M200US44420,44420,"Staunton-Waynesboro, VA Metro Area",855,586,29,18,134,88
310M200US44700,44700,"Stockton-Lodi, CA Metro Area",101246,84269,12211,3162,592,1012
310M200US44940,44940,"Sumter, SC Metro Area",1383,1218,71,0,94,0
310M200US45060,45060,"Syracuse, NY Metro Area",17361,12553,2015,490,640,1663
310M200US45220,45220,"Tallahassee, FL Metro Area",9159,6058,1607,277,470,747
310M200US45300,45300,"Tampa-St. Petersburg-Clearwater, FL Metro Area",86290,71979,6627,2530,2453,2701
310M200US45460,45460,"Terre Haute, IN Metro Area",2111,1868,70,7,43,123
310M200US45500,45500,"Texarkana, TX-AR Metro Area",884,727,12,8,81,56
310M200US45540,45540,"The Villages, FL Metro Area",813,607,1,0,102,103
310M200US45780,45780,"Toledo, OH Metro Area",9483,7439,1018,312,254,460
310M200US45820,45820,"Topeka, KS Metro Area",2092,1681,236,59,31,85
310M200US45940,45940,"Trenton, NJ Metro Area",35077,30103,1496,1410,825,1243
310M200US46060,46060,"Tucson, AZ Metro Area",26448,19999,3171,603,1331,1344
310M200US46140,46140,"Tulsa, OK Metro Area",17733,13586,1984,412,1012,739
310M200US46220,46220,"Tuscaloosa, AL Metro Area",2810,2067,294,47,89,313
310M200US46340,46340,"Tyler, TX Metro Area",2885,1967,206,392,284,36
310M200US46520,46520,"Urban Honolulu, HI Metro Area",418515,379668,28056,762,4801,5228
310M200US46540,46540,"Utica-Rome, NY Metro Area",8093,6038,1052,445,181,377
310M200US46660,46660,"Valdosta, GA Metro Area",1914,1593,88,18,52,163
310M200US46700,46700,"Vallejo-Fairfield, CA Metro Area",62816,52812,6732,1887,649,736
310M200US47020,47020,"Victoria, TX Metro Area",1068,791,64,180,0,33
310M200US47220,47220,"Vineland-Bridgeton, NJ Metro Area",2001,1817,26,42,86,30
310M200US47260,47260,"Virginia Beach-Norfolk-Newport News, VA-NC Metro Area",61548,51969,3795,2437,1863,1484
310M200US47300,47300,"Visalia-Porterville, CA Metro Area",14722,12627,1093,481,391,130
310M200US47380,47380,"Waco, TX Metro Area",3420,2237,327,594,204,58
310M200US47460,47460,"Walla Walla, WA Metro Area",1016,813,85,38,34,46
310M200US47580,47580,"Warner Robins, GA Metro Area",4023,3498,199,174,131,21
310M200US47900,47900,"Washington-Arlington-Alexandria, DC-VA-MD-WV Metro Area",551102,461924,39162,13911,18708,17397
310M200US47940,47940,"Waterloo-Cedar Falls, IA Metro Area",2412,1839,283,144,25,121
310M200US48060,48060,"Watertown-Fort Drum, NY Metro Area",1722,785,481,85,260,111
310M200US48140,48140,"Wausau, WI Metro Area",7011,5519,1268,122,68,34
310M200US48260,48260,"Weirton-Steubenville, WV-OH Metro Area",434,341,4,0,89,0
310M200US48300,48300,"Wenatchee, WA Metro Area",976,850,37,48,0,41
310M200US48540,48540,"Wheeling, WV-OH Metro Area",814,697,86,0,31,0
310M200US48620,48620,"Wichita, KS Metro Area",21285,18222,1967,183,474,439
310M200US48660,48660,"Wichita Falls, TX Metro Area",2801,2438,112,43,174,34
310M200US48700,48700,"Williamsport, PA Metro Area",687,683,0,0,4,0
310M200US48900,48900,"Wilmington, NC Metro Area",3137,2297,65,165,81,529
310M200US49020,49020,"Winchester, VA-WV Metro Area",1810,1352,90,307,42,19
310M200US49180,49180,"Winston-Salem, NC Metro Area",9731,7806,861,280,587,197
310M200US49340,49340,"Worcester, MA-CT Metro Area",35863,30861,2068,1180,688,1066
310M200US49420,49420,"Yakima, WA Metro Area",2547,1953,369,126,59,40
310M200US49620,49620,"York-Hanover, PA Metro Area",5922,4766,583,305,194,74
310M200US49660,49660,"Youngstown-Warren-Boardman, OH-PA Metro Area",3669,3371,49,40,112,97
310M200US49700,49700,"Yuba City, CA Metro Area",18679,16430,1371,420,161,297
310M200US49740,49740,"Yuma, AZ Metro Area",2399,1792,136,159,253,59
