GEO.id,GEO.id2,GEO.display-label,HD01_VD01,HD01_VD02,HD01_VD03,HD01_VD04,HD01_VD05,HD01_VD06
Id,Id2,Geography,Estimate; Total:,Estimate; Total: - Same house 1 year ago,Estimate; Total: - Moved within same county,Estimate; Total: - Moved from different county within same state,Estimate; Total: - Moved from different state,Estimate; Total: - Moved from abroad
310M300US10180,10180,"Abilene, TX Metro Area",108885,84906,13156,7474,2953,396
310M300US10420,10420,"Akron, OH Metro Area",562082,496308,37211,19903,7340,1320
310M300US10500,10500,"Albany, GA Metro Area",63518,55660,3668,3047,1113,30
310M300US10540,10540,"Albany, OR Metro Area",102704,85995,9156,4840,2540,173
310M300US10580,10580,"Albany-Schenectady-Troy, NY Metro Area",703683,620811,41044,28612,11338,1878
310M300US10740,10740,"Albuquerque, NM Metro Area",358987,307472,28144,8537,13471,1363
310M300US10780,10780,"Alexandria, LA Metro Area",97015,87179,5489,2903,1363,81
310M300US10900,10900,"Allentown-Bethlehem-Easton, PA-NJ Metro Area",617740,556515,34065,16176,10021,963
310M300US11020,11020,"Altoona, PA Metro Area",117266,105187,8376,2888,713,102
310M300US11100,11100,"Amarillo, TX Metro Area",157319,131904,12335,9960,2848,272
310M300US11180,11180,"Ames, IA Metro Area",80304,55804,12701,7101,4173,525
310M300US11260,11260,"Anchorage, AK Metro Area",254330,210949,25736,5381,10935,1329
310M300US11460,11460,"Ann Arbor, MI Metro Area",253082,200407,26616,13961,10110,1988
310M300US11500,11500,"Anniston-Oxford-Jacksonville, AL Metro Area",83159,70490,6994,3824,1680,171
310M300US11540,11540,"Appleton, WI Metro Area",204611,184617,9785,8255,1563,391
310M300US11700,11700,"Asheville, NC Metro Area",377995,326692,25735,11959,13011,598
310M300US12020,12020,"Athens-Clarke County, GA Metro Area",132573,104548,10760,13244,3546,475
310M300US12060,12060,"Atlanta-Sandy Springs-Roswell, GA Metro Area",2720929,2360746,167041,119586,64501,9055
310M300US12100,12100,"Atlantic City-Hammonton, NJ Metro Area",153057,137334,8214,4303,2933,273
310M300US12220,12220,"Auburn-Opelika, AL Metro Area",104963,82194,10606,5836,5954,373
310M300US12260,12260,"Augusta-Richmond County, GA-SC Metro Area",321582,279679,19551,8209,12652,1491
310M300US12420,12420,"Austin-Round Rock, TX Metro Area",1046853,852386,97404,58284,34128,4651
310M300US12540,12540,"Bakersfield, CA Metro Area",307771,257356,36056,8790,4916,653
310M300US12580,12580,"Baltimore-Columbia-Towson, MD Metro Area",1589573,1413734,90074,43209,36484,6072
310M300US12620,12620,"Bangor, ME Metro Area",141851,121161,11992,5102,3335,261
310M300US12700,12700,"Barnstable Town, MA Metro Area",191730,175328,8675,3867,3259,601
310M300US12940,12940,"Baton Rouge, LA Metro Area",466607,405690,31977,18032,10293,615
310M300US12980,12980,"Battle Creek, MI Metro Area",104053,89328,9732,3426,1437,130
310M300US13020,13020,"Bay City, MI Metro Area",94480,83858,7015,2878,615,114
310M300US13140,13140,"Beaumont-Port Arthur, TX Metro Area",231335,200896,15881,10570,3555,433
310M300US13220,13220,"Beckley, WV Metro Area",107250,97167,5948,3047,1018,70
310M300US13380,13380,"Bellingham, WA Metro Area",167825,137616,19359,6389,3713,748
310M300US13460,13460,"Bend-Redmond, OR Metro Area",152666,126526,15858,3797,5810,675
310M300US13740,13740,"Billings, MT Metro Area",145050,124023,12795,3940,3794,498
310M300US13780,13780,"Binghamton, NY Metro Area",209973,184130,16764,5826,2767,486
310M300US13820,13820,"Birmingham-Hoover, AL Metro Area",723815,632742,49362,26879,13846,986
310M300US13900,13900,"Bismarck, ND Metro Area",111136,96411,7302,5117,2174,132
310M300US13980,13980,"Blacksburg-Christiansburg-Radford, VA Metro Area",156530,126284,13599,10997,5029,621
310M300US14010,14010,"Bloomington, IL Metro Area",151073,126986,13790,7606,2530,161
310M300US14020,14020,"Bloomington, IN Metro Area",140350,101853,20344,11300,5763,1090
310M300US14100,14100,"Bloomsburg-Berwick, PA Metro Area",78619,70225,3894,3539,897,64
310M300US14260,14260,"Boise City, ID Metro Area",541516,451052,51457,16590,20706,1711
310M300US14460,14460,"Boston-Cambridge-Newton, MA-NH Metro Area",3390771,2984746,209646,95264,80719,20396
310M300US14500,14500,"Boulder, CO Metro Area",245693,189703,27215,11648,15425,1702
310M300US14540,14540,"Bowling Green, KY Metro Area",140394,113610,15060,7290,3920,514
310M300US14740,14740,"Bremerton-Silverdale, WA Metro Area",198411,163740,18930,5830,8989,922
310M300US14860,14860,"Bridgeport-Stamford-Norwalk, CT Metro Area",591076,534074,32935,4652,16456,2959
310M300US15180,15180,"Brownsville-Harlingen, TX Metro Area",38829,35138,1579,1049,732,331
310M300US15260,15260,"Brunswick, GA Metro Area",78087,65079,6443,4202,2317,46
310M300US15380,15380,"Buffalo-Cheektowaga-Niagara Falls, NY Metro Area",876694,791352,60519,14676,8564,1583
310M300US15500,15500,"Burlington, NC Metro Area",101878,88493,7737,3059,2346,243
310M300US15540,15540,"Burlington-South Burlington, VT Metro Area",194254,162804,18655,4050,7943,802
310M300US15680,15680,"California-Lexington Park, MD Metro Area",82393,73170,4267,2209,2528,219
310M300US15940,15940,"Canton-Massillon, OH Metro Area",348336,308693,26698,9045,3477,423
310M300US15980,15980,"Cape Coral-Fort Myers, FL Metro Area",476324,405078,38663,7863,22225,2495
310M300US16020,16020,"Cape Girardeau, MO-IL Metro Area",82535,68806,7942,4084,1570,133
310M300US16060,16060,"Carbondale-Marion, IL Metro Area",103897,88661,7761,5135,2076,264
310M300US16180,16180,"Carson City, NV Metro Area",36673,29871,3063,2090,1628,21
310M300US16220,16220,"Casper, WY Metro Area",69929,59672,6672,1325,2139,121
310M300US16300,16300,"Cedar Rapids, IA Metro Area",233054,204038,17511,7390,3888,227
310M300US16540,16540,"Chambersburg-Waynesboro, PA Metro Area",134278,121726,7989,2199,2224,140
310M300US16580,16580,"Champaign-Urbana, IL Metro Area",168395,136193,15352,11748,4416,686
310M300US16620,16620,"Charleston, WV Metro Area",194703,172893,14780,4296,2537,197
310M300US16700,16700,"Charleston-North Charleston, SC Metro Area",471305,392064,37353,17971,22596,1321
310M300US16740,16740,"Charlotte-Concord-Gastonia, NC-SC Metro Area",1492422,1286661,106666,43277,52520,3298
310M300US16820,16820,"Charlottesville, VA Metro Area",168966,142037,9957,11061,5077,834
310M300US16860,16860,"Chattanooga, TN-GA Metro Area",425919,374376,27513,9915,13405,710
310M300US16940,16940,"Cheyenne, WY Metro Area",76018,62390,7689,1400,4179,360
310M300US16980,16980,"Chicago-Naperville-Elgin, IL-IN-WI Metro Area",5054444,4480830,345134,112941,95708,19831
310M300US17020,17020,"Chico, CA Metro Area",162921,134009,18877,7300,2405,330
310M300US17140,17140,"Cincinnati, OH-KY-IN Metro Area",1707990,1470547,129528,62109,42181,3625
310M300US17300,17300,"Clarksville, TN-KY Metro Area",181804,144390,16524,4221,15137,1532
310M300US17420,17420,"Cleveland, TN Metro Area",104652,89993,8559,2963,2911,226
310M300US17460,17460,"Cleveland-Elyria, OH Metro Area",1438793,1277208,103991,35890,18005,3699
310M300US17660,17660,"Coeur d'Alene, ID Metro Area",135034,112708,13913,2123,6092,198
310M300US17780,17780,"College Station-Bryan, TX Metro Area",141248,101881,18406,16844,3369,748
310M300US17820,17820,"Colorado Springs, CO Metro Area",487583,387628,53963,10471,32204,3317
310M300US17860,17860,"Columbia, MO Metro Area",137301,106649,17811,7374,5098,369
310M300US17900,17900,"Columbia, SC Metro Area",456069,384796,32017,17752,19809,1695
310M300US17980,17980,"Columbus, GA-AL Metro Area",145046,115308,10061,6391,12424,862
310M300US18020,18020,"Columbus, IN Metro Area",66666,58012,5393,2100,907,254
310M300US18140,18140,"Columbus, OH Metro Area",1483729,1257167,134115,64883,24004,3560
310M300US18580,18580,"Corpus Christi, TX Metro Area",150067,122768,11856,8942,6147,354
310M300US18700,18700,"Corvallis, OR Metro Area",71249,54732,7672,5564,2941,340
310M300US18880,18880,"Crestview-Fort Walton Beach-Destin, FL Metro Area",198305,162830,17365,5934,10942,1234
310M300US19060,19060,"Cumberland, MD-WV Metro Area",88247,78724,6695,1235,1531,62
310M300US19100,19100,"Dallas-Fort Worth-Arlington, TX Metro Area",3347737,2826852,279743,153359,76155,11628
310M300US19140,19140,"Dalton, GA Metro Area",93668,83472,5738,2569,1765,124
310M300US19180,19180,"Danville, IL Metro Area",61683,54787,4984,968,825,119
310M300US19300,19300,"Daphne-Fairhope-Foley, AL Metro Area",167185,147352,10798,3049,5710,276
310M300US19340,19340,"Davenport-Moline-Rock Island, IA-IL Metro Area",301654,268536,20273,4999,7470,376
310M300US19380,19380,"Dayton, OH Metro Area",608890,511232,58853,23623,13419,1763
310M300US19460,19460,"Decatur, AL Metro Area",115199,102360,8063,3596,1035,145
310M300US19500,19500,"Decatur, IL Metro Area",81826,70550,7986,2009,1139,142
310M300US19660,19660,"Deltona-Daytona Beach-Ormond Beach, FL Metro Area",453068,392825,30947,11898,15813,1585
310M300US19740,19740,"Denver-Aurora-Lakewood, CO Metro Area",1790485,1479756,129383,103751,71098,6497
310M300US19780,19780,"Des Moines-West Des Moines, IA Metro Area",501622,419745,49251,21424,10443,759
310M300US19820,19820,"Detroit-Warren-Dearborn, MI Metro Area",2850119,2530911,199172,78232,30220,11584
310M300US20020,20020,"Dothan, AL Metro Area",102879,91473,7059,1965,2313,69
310M300US20100,20100,"Dover, DE Metro Area",107483,93710,7888,2209,3472,204
310M300US20220,20220,"Dubuque, IA Metro Area",87391,75526,7282,1575,2779,229
310M300US20260,20260,"Duluth, MN-WI Metro Area",251923,215439,22428,8219,5364,473
310M300US20500,20500,"Durham-Chapel Hill, NC Metro Area",297020,243692,21927,16420,13246,1735
310M300US20700,20700,"East Stroudsburg, PA Metro Area",112324,102112,4652,2765,2606,189
310M300US20740,20740,"Eau Claire, WI Metro Area",150732,125802,14459,7532,2711,228
310M300US20940,20940,"El Centro, CA Metro Area",20238,17968,1122,601,510,37
310M300US21060,21060,"Elizabethtown-Fort Knox, KY Metro Area",119080,96842,10684,5768,5291,495
310M300US21140,21140,"Elkhart-Goshen, IN Metro Area",150909,134548,11261,3107,1717,276
310M300US21300,21300,"Elmira, NY Metro Area",74472,66026,5724,1887,730,105
310M300US21340,21340,"El Paso, TX Metro Area",102977,82503,8890,1460,8272,1852
310M300US21420,21420,"Enid, OK Metro Area",46695,38398,4834,1567,1800,96
310M300US21500,21500,"Erie, PA Metro Area",233398,200606,23098,4574,4734,386
310M300US21660,21660,"Eugene, OR Metro Area",297801,238934,38776,7861,11132,1098
310M300US21780,21780,"Evansville, IN-KY Metro Area",272480,234995,22639,8985,5587,274
310M300US21820,21820,"Fairbanks, AK Metro Area",70032,55957,7504,1017,5126,428
310M300US22020,22020,"Fargo, ND-MN Metro Area",200807,161042,21930,5710,11671,454
310M300US22140,22140,"Farmington, NM Metro Area",49902,43194,4123,363,2113,109
310M300US22180,22180,"Fayetteville, NC Metro Area",167293,133113,13915,4899,13429,1937
310M300US22220,22220,"Fayetteville-Springdale-Rogers, AR-MO Metro Area",375599,312961,36618,11496,13792,732
310M300US22380,22380,"Flagstaff, AZ Metro Area",74702,54460,8915,5883,5101,343
310M300US22420,22420,"Flint, MI Metro Area",295274,258304,25567,8050,2933,420
310M300US22500,22500,"Florence, SC Metro Area",108529,97603,6366,2892,1600,68
310M300US22520,22520,"Florence-Muscle Shoals, AL Metro Area",120497,103607,9842,4449,2414,185
310M300US22540,22540,"Fond du Lac, WI Metro Area",91469,81963,5857,3089,445,115
310M300US22660,22660,"Fort Collins, CO Metro Area",272927,216878,29847,12709,12280,1213
310M300US22900,22900,"Fort Smith, AR-OK Metro Area",202503,174013,17299,5472,5517,202
310M300US23060,23060,"Fort Wayne, IN Metro Area",329010,286091,28988,7704,5826,401
310M300US23420,23420,"Fresno, CA Metro Area",291163,247781,31944,7606,2464,1368
310M300US23460,23460,"Gadsden, AL Metro Area",80021,68773,7539,2299,1282,128
310M300US23540,23540,"Gainesville, FL Metro Area",174853,137112,20316,11581,5090,754
310M300US23580,23580,"Gainesville, GA Metro Area",117677,102458,7548,5532,1992,147
310M300US23900,23900,"Gettysburg, PA Metro Area",90213,80324,5466,2089,2192,142
310M300US24020,24020,"Glens Falls, NY Metro Area",117636,103114,7655,5129,1502,236
310M300US24140,24140,"Goldsboro, NC Metro Area",66688,57698,4788,2037,1884,281
310M300US24220,24220,"Grand Forks, ND-MN Metro Area",86305,70013,7505,2769,5660,358
310M300US24260,24260,"Grand Island, NE Metro Area",63135,55272,4446,2507,735,175
310M300US24300,24300,"Grand Junction, CO Metro Area",120526,97733,14267,4209,4069,248
310M300US24340,24340,"Grand Rapids-Wyoming, MI Metro Area",814825,695159,69809,35778,11789,2290
310M300US24420,24420,"Grants Pass, OR Metro Area",73239,61531,6677,2129,2801,101
310M300US24500,24500,"Great Falls, MT Metro Area",69297,58388,6230,2051,2294,334
310M300US24540,24540,"Greeley, CO Metro Area",187625,156164,13619,11862,5530,450
310M300US24580,24580,"Green Bay, WI Metro Area",263073,230482,20598,8149,3386,458
310M300US24660,24660,"Greensboro-High Point, NC Metro Area",442877,393246,28122,12580,8229,700
310M300US24780,24780,"Greenville, NC Metro Area",96219,75097,10255,7586,3220,61
310M300US24860,24860,"Greenville-Anderson-Mauldin, SC Metro Area",632080,541738,47319,20687,19721,2615
310M300US25060,25060,"Gulfport-Biloxi-Pascagoula, MS Metro Area",262661,222155,23726,6075,10155,550
310M300US25180,25180,"Hagerstown-Martinsburg, MD-WV Metro Area",212347,186790,14914,3965,6416,262
310M300US25220,25220,"Hammond, LA Metro Area",81218,69431,6242,4246,1243,56
310M300US25260,25260,"Hanford-Corcoran, CA Metro Area",49140,38925,5361,2856,1844,154
310M300US25420,25420,"Harrisburg-Carlisle, PA Metro Area",436708,383551,26394,17186,7788,1789
310M300US25500,25500,"Harrisonburg, VA Metro Area",105188,85272,8020,8677,2671,548
310M300US25540,25540,"Hartford-West Hartford-East Hartford, CT Metro Area",822289,743204,43360,20511,13216,1998
310M300US25620,25620,"Hattiesburg, MS Metro Area",96616,78947,6980,8119,2321,249
310M300US25860,25860,"Hickory-Lenoir-Morganton, NC Metro Area",294080,260029,19486,9863,4413,289
310M300US25940,25940,"Hilton Head Island-Bluffton-Beaufort, SC Metro Area",131139,107448,9460,1997,11563,671
310M300US25980,25980,"Hinesville, GA Metro Area",34780,24392,2731,3249,3761,647
310M300US26140,26140,"Homosassa Springs, FL Metro Area",124672,106139,10274,3800,4283,176
310M300US26300,26300,"Hot Springs, AR Metro Area",80297,69387,6190,2239,2438,43
310M300US26380,26380,"Houma-Thibodaux, LA Metro Area",149898,133119,9698,5021,1884,176
310M300US26420,26420,"Houston-The Woodlands-Sugar Land, TX Metro Area",2441811,2078412,199472,88817,58610,16500
310M300US26580,26580,"Huntington-Ashland, WV-KY-OH Metro Area",336116,296097,22899,9512,7345,263
310M300US26620,26620,"Huntsville, AL Metro Area",297967,259247,22800,7531,7843,546
310M300US26820,26820,"Idaho Falls, ID Metro Area",116791,98121,10283,4001,3984,402
310M300US26900,26900,"Indianapolis-Carmel-Anderson, IN Metro Area",1443317,1242513,109799,64216,24392,2397
310M300US26980,26980,"Iowa City, IA Metro Area",133523,104839,16136,6574,5602,372
310M300US27060,27060,"Ithaca, NY Metro Area",80184,64285,7497,3383,4443,576
310M300US27100,27100,"Jackson, MI Metro Area",134010,115732,11798,4913,1387,180
310M300US27140,27140,"Jackson, MS Metro Area",267524,233875,15069,12085,5984,511
310M300US27180,27180,"Jackson, TN Metro Area",80013,71931,4187,2982,884,29
310M300US27260,27260,"Jacksonville, FL Metro Area",915209,760793,81535,36784,32229,3868
310M300US27340,27340,"Jacksonville, NC Metro Area",126301,92207,13874,3898,14350,1972
310M300US27500,27500,"Janesville-Beloit, WI Metro Area",133177,115674,12117,2519,2730,137
310M300US27620,27620,"Jefferson City, MO Metro Area",129074,111572,7804,8117,1466,115
310M300US27740,27740,"Johnson City, TN Metro Area",181775,156417,14253,6560,4157,388
310M300US27780,27780,"Johnstown, PA Metro Area",125311,111918,8941,3086,1232,134
310M300US27860,27860,"Jonesboro, AR Metro Area",100565,80041,12654,5643,1945,282
310M300US27900,27900,"Joplin, MO Metro Area",149310,129359,11445,4680,3800,26
310M300US27980,27980,"Kahului-Wailuku-Lahaina, HI Metro Area",49751,41492,4220,706,2865,468
310M300US28020,28020,"Kalamazoo-Portage, MI Metro Area",261526,215929,27105,12603,5167,722
310M300US28100,28100,"Kankakee, IL Metro Area",79244,70686,4960,2129,1274,195
310M300US28140,28140,"Kansas City, MO-KS Metro Area",1508710,1292462,118639,45949,48632,3028
310M300US28420,28420,"Kennewick-Richland, WA Metro Area",171042,145577,14078,7399,3605,383
310M300US28660,28660,"Killeen-Temple, TX Metro Area",216044,169041,20744,10561,13382,2316
310M300US28700,28700,"Kingsport-Bristol-Bristol, TN-VA Metro Area",286563,249096,19446,10073,7618,330
310M300US28740,28740,"Kingston, NY Metro Area",142713,129420,8092,3924,1098,179
310M300US28940,28940,"Knoxville, TN Metro Area",744587,643287,55560,26373,17925,1442
310M300US29020,29020,"Kokomo, IN Metro Area",70114,59739,6839,2596,762,178
310M300US29100,29100,"La Crosse-Onalaska, WI-MN Metro Area",122882,101049,12505,5839,3254,235
310M300US29180,29180,"Lafayette, LA Metro Area",326574,284446,24284,11842,5009,993
310M300US29200,29200,"Lafayette-West Lafayette, IN Metro Area",168102,129174,22442,10816,5026,644
310M300US29340,29340,"Lake Charles, LA Metro Area",140098,120935,13271,2854,2876,162
310M300US29420,29420,"Lake Havasu City-Kingman, AZ Metro Area",158620,128326,15787,2126,11801,580
310M300US29460,29460,"Lakeland-Winter Haven, FL Metro Area",393973,335430,33468,10410,12960,1705
310M300US29540,29540,"Lancaster, PA Metro Area",438572,392737,29904,9038,5992,901
310M300US29620,29620,"Lansing-East Lansing, MI Metro Area",358531,293046,31542,26689,6297,957
310M300US29700,29700,"Laredo, TX Metro Area",9228,7957,636,332,176,127
310M300US29740,29740,"Las Cruces, NM Metro Area",59349,50177,4581,1507,2449,635
310M300US29820,29820,"Las Vegas-Henderson-Paradise, NV Metro Area",924500,760061,112194,2356,46299,3590
310M300US29940,29940,"Lawrence, KS Metro Area",92387,69223,13262,5374,4058,470
310M300US30020,30020,"Lawton, OK Metro Area",73560,55729,8039,2082,6888,822
310M300US30140,30140,"Lebanon, PA Metro Area",113448,101775,7139,3413,970,151
310M300US30300,30300,"Lewiston, ID-WA Metro Area",54638,45983,4607,1130,2856,62
310M300US30340,30340,"Lewiston-Auburn, ME Metro Area",96878,83553,8628,3091,1410,196
310M300US30460,30460,"Lexington-Fayette, KY Metro Area",385598,306615,46320,20300,11252,1111
310M300US30620,30620,"Lima, OH Metro Area",83874,71906,7518,2845,1455,150
310M300US30700,30700,"Lincoln, NE Metro Area",264335,213967,32909,9554,7101,804
310M300US30780,30780,"Little Rock-North Little Rock-Conway, AR Metro Area",489870,423275,36503,18367,10299,1426
310M300US30860,30860,"Logan, UT-ID Metro Area",110874,89648,11515,4477,4311,923
310M300US30980,30980,"Longview, TX Metro Area",137394,113994,11169,9651,2299,281
310M300US31020,31020,"Longview, WA Metro Area",86383,70813,11030,2253,2174,113
310M300US31080,31080,"Los Angeles-Long Beach-Anaheim, CA Metro Area",3951430,3430207,347509,73115,73172,27427
310M300US31140,31140,"Louisville/Jefferson County, KY-IN Metro Area",973721,850499,72859,30409,18393,1561
310M300US31180,31180,"Lubbock, TX Metro Area",165692,127241,22907,11533,3631,380
310M300US31340,31340,"Lynchburg, VA Metro Area",196134,168828,10172,10683,5664,787
310M300US31420,31420,"Macon-Bibb County, GA Metro Area",112963,100078,5568,5725,1494,98
310M300US31460,31460,"Madera, CA Metro Area",53654,48027,2805,2375,305,142
310M300US31540,31540,"Madison, WI Metro Area",524203,435198,56141,17143,14029,1692
310M300US31700,31700,"Manchester-Nashua, NH Metro Area",344634,297264,28152,6744,11494,980
310M300US31740,31740,"Manhattan, KS Metro Area",78167,59776,7912,6019,3844,616
310M300US31860,31860,"Mankato-North Mankato, MN Metro Area",87548,72241,6246,6885,1958,218
310M300US31900,31900,"Mansfield, OH Metro Area",103209,87424,10942,3647,1086,110
310M300US32580,32580,"McAllen-Edinburg-Mission, TX Metro Area",55008,46950,3347,1181,3129,401
310M300US32780,32780,"Medford, OR Metro Area",171613,140052,20925,4223,6014,399
310M300US32820,32820,"Memphis, TN-MS-AR Metro Area",588847,512755,43263,13208,18084,1537
310M300US32900,32900,"Merced, CA Metro Area",76268,65719,6739,2819,900,91
310M300US33100,33100,"Miami-Fort Lauderdale-West Palm Beach, FL Metro Area",1878066,1611465,151926,39666,53864,21145
310M300US33140,33140,"Michigan City-La Porte, IN Metro Area",87928,75411,6731,3800,1932,54
310M300US33220,33220,"Midland, MI Metro Area",75891,67107,5245,2302,811,426
310M300US33260,33260,"Midland, TX Metro Area",77607,64321,6728,4343,1926,289
310M300US33340,33340,"Milwaukee-Waukesha-West Allis, WI Metro Area",1049170,921780,73160,35241,16614,2375
310M300US33460,33460,"Minneapolis-St. Paul-Bloomington, MN-WI Metro Area",2669243,2324847,170651,116598,50397,6750
310M300US33540,33540,"Missoula, MT Metro Area",101833,81239,11952,3767,4350,525
310M300US33660,33660,"Mobile, AL Metro Area",235686,206049,22292,2541,4468,336
310M300US33700,33700,"Modesto, CA Metro Area",229695,200668,19369,6105,2595,958
310M300US33740,33740,"Monroe, LA Metro Area",105718,94959,6891,2293,1513,62
310M300US33780,33780,"Monroe, MI Metro Area",135720,122154,7714,3421,2270,161
310M300US33860,33860,"Montgomery, AL Metro Area",181417,155873,10650,8667,5331,896
310M300US34060,34060,"Morgantown, WV Metro Area",121516,100767,10051,4546,5868,284
310M300US34100,34100,"Morristown, TN Metro Area",99966,87533,5895,4111,2183,244
310M300US34580,34580,"Mount Vernon-Anacortes, WA Metro Area",90713,77209,7364,3777,1992,371
310M300US34620,34620,"Muncie, IN Metro Area",100000,78046,13162,7005,1622,165
310M300US34740,34740,"Muskegon, MI Metro Area",131047,112155,12756,5157,884,95
310M300US34820,34820,"Myrtle Beach-Conway-North Myrtle Beach, SC-NC Metro Area",337241,284827,27024,7643,16964,783
310M300US34900,34900,"Napa, CA Metro Area",74552,65086,5105,2988,1164,209
310M300US34940,34940,"Naples-Immokalee-Marco Island, FL Metro Area",225450,189496,17521,4456,12542,1435
310M300US34980,34980,"Nashville-Davidson--Murfreesboro--Franklin, TN Metro Area",1319808,1115106,101847,51843,46829,4183
310M300US35100,35100,"New Bern, NC Metro Area",82930,68054,6550,3039,4902,385
310M300US35300,35300,"New Haven-Milford, CT Metro Area",549126,497559,32761,8528,8623,1655
310M300US35380,35380,"New Orleans-Metairie, LA Metro Area",647144,572486,40517,16686,15683,1772
310M300US35620,35620,"New York-Newark-Jersey City, NY-NJ-PA Metro Area",9400110,8582068,434585,189122,143725,50610
310M300US35660,35660,"Niles-Benton Harbor, MI Metro Area",115432,100530,8869,1993,3711,329
310M300US35840,35840,"North Port-Sarasota-Bradenton, FL Metro Area",596042,504888,44000,17355,26584,3215
310M300US35980,35980,"Norwich-New London, CT Metro Area",204634,179117,14332,4078,6573,534
310M300US36100,36100,"Ocala, FL Metro Area",243491,209116,17359,8764,7956,296
310M300US36140,36140,"Ocean City, NJ Metro Area",80409,72460,3890,1564,2340,155
310M300US36220,36220,"Odessa, TX Metro Area",53040,44682,4869,2461,855,173
310M300US36260,36260,"Ogden-Clearfield, UT Metro Area",518311,442831,38533,22893,12125,1929
310M300US36420,36420,"Oklahoma City, OK Metro Area",871347,727247,78255,40580,23343,1922
310M300US36500,36500,"Olympia-Tumwater, WA Metro Area",202727,165482,20411,8730,7194,910
310M300US36540,36540,"Omaha-Council Bluffs, NE-IA Metro Area",694449,594007,56011,22287,20320,1824
310M300US36740,36740,"Orlando-Kissimmee-Sanford, FL Metro Area",1149860,969354,87856,50013,35856,6781
310M300US36780,36780,"Oshkosh-Neenah, WI Metro Area",149802,126426,12674,8208,2315,179
310M300US36980,36980,"Owensboro, KY Metro Area",104322,90101,9732,2729,1626,134
310M300US37100,37100,"Oxnard-Thousand Oaks-Ventura, CA Metro Area",388175,341777,27014,11629,6713,1042
310M300US37340,37340,"Palm Bay-Melbourne-Titusville, FL Metro Area",424856,363982,35227,7934,16215,1498
310M300US37460,37460,"Panama City, FL Metro Area",149352,122280,17446,3679,5644,303
310M300US37620,37620,"Parkersburg-Vienna, WV Metro Area",86688,77911,5254,1409,2011,103
310M300US37860,37860,"Pensacola-Ferry Pass-Brent, FL Metro Area",335547,278061,25423,10994,20040,1029
310M300US37900,37900,"Peoria, IL Metro Area",308540,272153,21732,10572,3533,550
310M300US37980,37980,"Philadelphia-Camden-Wilmington, PA-NJ-DE-MD Metro Area",3759526,3379829,207328,85546,75668,11155
310M300US38060,38060,"Phoenix-Mesa-Scottsdale, AZ Metro Area",2551065,2117290,280289,33699,107171,12616
310M300US38220,38220,"Pine Bluff, AR Metro Area",44091,39528,1919,1911,718,15
310M300US38300,38300,"Pittsburgh, PA Metro Area",1996567,1786227,132948,45289,27802,4301
310M300US38340,38340,"Pittsfield, MA Metro Area",112831,100464,8234,1478,2419,236
310M300US38540,38540,"Pocatello, ID Metro Area",70226,57890,7521,2115,2387,313
310M300US38860,38860,"Portland-South Portland, ME Metro Area",482071,417158,35940,12282,15548,1143
310M300US38900,38900,"Portland-Vancouver-Hillsboro, OR-WA Metro Area",1752153,1461465,161704,57834,63453,7697
310M300US38940,38940,"Port St. Lucie, FL Metro Area",296264,251913,18127,13827,11065,1332
310M300US39140,39140,"Prescott, AZ Metro Area",177813,148740,14659,6378,7531,505
310M300US39300,39300,"Providence-Warwick, RI-MA Metro Area",1225300,1092212,75227,22904,31491,3466
310M300US39340,39340,"Provo-Orem, UT Metro Area",479314,382588,57128,14732,19770,5096
310M300US39380,39380,"Pueblo, CO Metro Area",85069,71973,7329,2867,2591,309
310M300US39460,39460,"Punta Gorda, FL Metro Area",145330,121551,9673,5620,7836,650
310M300US39540,39540,"Racine, WI Metro Area",140418,127268,6858,3981,2164,147
310M300US39580,39580,"Raleigh, NC Metro Area",780915,664015,64369,26067,23677,2787
310M300US39660,39660,"Rapid City, SD Metro Area",117401,98542,8701,4397,5359,402
310M300US39740,39740,"Reading, PA Metro Area",301780,272574,18552,7058,3121,475
310M300US39820,39820,"Redding, CA Metro Area",142523,122947,12296,4144,2503,633
310M300US39900,39900,"Reno, NV Metro Area",284782,230039,35750,4444,13643,906
310M300US40060,40060,"Richmond, VA Metro Area",727464,629029,41098,38939,16209,2189
310M300US40140,40140,"Riverside-San Bernardino-Ontario, CA Metro Area",1481258,1277045,116461,54105,26886,6761
310M300US40220,40220,"Roanoke, VA Metro Area",244875,211933,14693,12860,4854,535
310M300US40340,40340,"Rochester, MN Metro Area",180707,159430,10895,6187,3466,729
310M300US40380,40380,"Rochester, NY Metro Area",824115,722783,62092,25443,12058,1739
310M300US40420,40420,"Rockford, IL Metro Area",239655,211758,17588,6917,3000,392
310M300US40580,40580,"Rocky Mount, NC Metro Area",67089,61445,2725,1836,905,178
310M300US40660,40660,"Rome, GA Metro Area",68280,57990,6953,2096,1159,82
310M300US40900,40900,"Sacramento--Roseville--Arden-Arcade, CA Metro Area",1196448,1014131,106074,52909,18039,5295
310M300US40980,40980,"Saginaw, MI Metro Area",133950,118785,9016,4643,1200,306
310M300US41060,41060,"St. Cloud, MN Metro Area",170569,142576,13081,12071,2573,268
310M300US41100,41100,"St. George, UT Metro Area",130390,105651,12379,5468,6556,336
310M300US41140,41140,"St. Joseph, MO-KS Metro Area",107591,91856,8311,4984,2343,97
310M300US41180,41180,"St. Louis, MO-IL Metro Area",2055887,1808182,138201,65983,38752,4769
310M300US41420,41420,"Salem, OR Metro Area",279364,234012,24207,14089,6324,732
310M300US41500,41500,"Salinas, CA Metro Area",131536,109995,8655,5825,5900,1161
310M300US41540,41540,"Salisbury, MD-DE Metro Area",278915,243694,17770,7077,9732,642
310M300US41620,41620,"Salt Lake City, UT Metro Area",838460,710440,81609,20508,22540,3363
310M300US41660,41660,"San Angelo, TX Metro Area",64144,52647,5267,2866,3246,118
310M300US41700,41700,"San Antonio-New Braunfels, TX Metro Area",807543,675174,66235,34565,27065,4504
310M300US41740,41740,"San Diego-Carlsbad, CA Metro Area",1502291,1250994,164100,25033,48803,13361
310M300US41860,41860,"San Francisco-Oakland-Hayward, CA Metro Area",1857638,1601524,120458,77852,39860,17944
310M300US41940,41940,"San Jose-Sunnyvale-Santa Clara, CA Metro Area",638036,549975,47754,17291,15507,7509
310M300US42020,42020,"San Luis Obispo-Paso Robles-Arroyo Grande, CA Metro Area",193046,158875,20487,9052,3936,696
310M300US42100,42100,"Santa Cruz-Watsonville, CA Metro Area",156736,134576,12388,6861,2406,505
310M300US42140,42140,"Santa Fe, NM Metro Area",63017,54787,3477,1348,3227,178
310M300US42200,42200,"Santa Maria-Santa Barbara, CA Metro Area",199383,157635,25172,9724,4705,2147
310M300US42220,42220,"Santa Rosa, CA Metro Area",317899,276532,24763,11207,4704,693
310M300US42340,42340,"Savannah, GA Metro Area",208222,166999,19140,8976,12005,1102
310M300US42540,42540,"Scranton--Wilkes-Barre--Hazleton, PA Metro Area",473455,427076,31177,9082,5440,680
310M300US42660,42660,"Seattle-Tacoma-Bellevue, WA Metro Area",2401546,2009922,237004,64148,76339,14133
310M300US42680,42680,"Sebastian-Vero Beach, FL Metro Area",111758,96057,6985,3909,4549,258
310M300US42700,42700,"Sebring, FL Metro Area",68229,58061,5197,1875,2581,515
310M300US43100,43100,"Sheboygan, WI Metro Area",97089,85771,7731,2300,1060,227
310M300US43300,43300,"Sherman-Denison, TX Metro Area",95297,79469,8840,5083,1806,99
310M300US43340,43340,"Shreveport-Bossier City, LA Metro Area",237703,209925,13469,7627,5979,703
310M300US43420,43420,"Sierra Vista-Douglas, AZ Metro Area",69957,58392,4642,2313,4211,399
310M300US43580,43580,"Sioux City, IA-NE-SD Metro Area",127377,111797,8601,2712,4047,220
310M300US43620,43620,"Sioux Falls, SD Metro Area",213459,181432,17568,8788,5470,201
310M300US43780,43780,"South Bend-Mishawaka, IN-MI Metro Area",239720,209910,16262,5496,7338,714
310M300US43900,43900,"Spartanburg, SC Metro Area",220702,192839,17197,5753,4633,280
310M300US44060,44060,"Spokane-Spokane Valley, WA Metro Area",463405,384297,49769,13972,13998,1369
310M300US44100,44100,"Springfield, IL Metro Area",170307,148163,16440,3987,1621,96
310M300US44140,44140,"Springfield, MA Metro Area",433497,378959,29990,14799,8726,1023
310M300US44180,44180,"Springfield, MO Metro Area",406411,332049,39584,24304,9695,779
310M300US44220,44220,"Springfield, OH Metro Area",113376,95161,12587,3930,1541,157
310M300US44300,44300,"State College, PA Metro Area",136629,104963,15181,10299,5058,1128
310M300US44420,44420,"Staunton-Waynesboro, VA Metro Area",103438,89990,5451,6469,1456,72
310M300US44700,44700,"Stockton-Lodi, CA Metro Area",237960,205018,20164,8476,3731,571
310M300US44940,44940,"Sumter, SC Metro Area",48203,41292,3619,973,1943,376
310M300US45060,45060,"Syracuse, NY Metro Area",536544,472809,39328,14896,8116,1395
310M300US45220,45220,"Tallahassee, FL Metro Area",209827,164841,24843,14163,5407,573
310M300US45300,45300,"Tampa-St. Petersburg-Clearwater, FL Metro Area",1895754,1609418,160921,53215,63710,8490
310M300US45460,45460,"Terre Haute, IN Metro Area",150643,126728,13867,6783,2905,360
310M300US45500,45500,"Texarkana, TX-AR Metro Area",98908,88223,5478,1931,3183,93
310M300US45540,45540,"The Villages, FL Metro Area",98549,86209,3629,2828,5541,342
310M300US45780,45780,"Toledo, OH Metro Area",448828,381989,41340,17141,7475,883
310M300US45820,45820,"Topeka, KS Metro Area",181538,158633,14030,5721,2867,287
310M300US45940,45940,"Trenton, NJ Metro Area",188606,167321,8301,6894,4572,1518
310M300US46060,46060,"Tucson, AZ Metro Area",525589,424076,65871,7769,24711,3162
310M300US46140,46140,"Tulsa, OK Metro Area",637721,543499,55089,23792,13905,1436
310M300US46220,46220,"Tuscaloosa, AL Metro Area",142845,118719,11713,5574,6503,336
310M300US46340,46340,"Tyler, TX Metro Area",132755,112945,11072,6232,2143,363
310M300US46520,46520,"Urban Honolulu, HI Metro Area",182839,137806,19211,699,22228,2895
310M300US46540,46540,"Utica-Rome, NY Metro Area",249059,224902,15178,6063,2470,446
310M300US46660,46660,"Valdosta, GA Metro Area",79744,66657,6498,3113,2912,564
310M300US46700,46700,"Vallejo-Fairfield, CA Metro Area",168172,142692,13243,7701,3712,824
310M300US47020,47020,"Victoria, TX Metro Area",45510,39523,3390,1755,746,96
310M300US47220,47220,"Vineland-Bridgeton, NJ Metro Area",72903,67370,3047,1684,553,249
310M300US47260,47260,"Virginia Beach-Norfolk-Newport News, VA-NC Metro Area",947537,793443,58615,46650,43311,5518
310M300US47300,47300,"Visalia-Porterville, CA Metro Area",134235,117507,12267,2475,1703,283
310M300US47380,47380,"Waco, TX Metro Area",147008,117876,16649,8410,3668,405
310M300US47460,47460,"Walla Walla, WA Metro Area",46369,37484,4685,2041,2006,153
310M300US47580,47580,"Warner Robins, GA Metro Area",104916,90568,7290,3976,2794,288
310M300US47900,47900,"Washington-Arlington-Alexandria, DC-VA-MD-WV Metro Area",2788758,2387408,161667,83551,127374,28758
310M300US47940,47940,"Waterloo-Cedar Falls, IA Metro Area",143207,120032,13854,6505,2222,594
310M300US48060,48060,"Watertown-Fort Drum, NY Metro Area",94022,77462,8274,1793,5282,1211
310M300US48140,48140,"Wausau, WI Metro Area",119280,106253,7691,3573,1444,319
310M300US48260,48260,"Weirton-Steubenville, WV-OH Metro Area",110369,97503,6459,2564,3705,138
310M300US48300,48300,"Wenatchee, WA Metro Area",77163,68290,3950,3815,915,193
310M300US48540,48540,"Wheeling, WV-OH Metro Area",133776,122095,5740,2626,3139,176
310M300US48620,48620,"Wichita, KS Metro Area",461452,396530,43869,11535,8503,1015
310M300US48660,48660,"Wichita Falls, TX Metro Area",103236,83741,9756,4504,4767,468
310M300US48700,48700,"Williamsport, PA Metro Area",103705,90810,8782,2856,1047,210
310M300US48900,48900,"Wilmington, NC Metro Area",210281,173739,18021,11644,6250,627
310M300US49020,49020,"Winchester, VA-WV Metro Area",110520,97945,5537,4808,2064,166
310M300US49180,49180,"Winston-Salem, NC Metro Area",449419,397091,27709,14491,9478,650
310M300US49340,49340,"Worcester, MA-CT Metro Area",728825,655450,45254,14839,11001,2281
310M300US49420,49420,"Yakima, WA Metro Area",108932,93207,11100,2225,2155,245
310M300US49620,49620,"York-Hanover, PA Metro Area",369037,328549,28041,6140,5772,535
310M300US49660,49660,"Youngstown-Warren-Boardman, OH-PA Metro Area",453295,408002,29512,9583,5601,597
310M300US49700,49700,"Yuba City, CA Metro Area",86238,72089,7262,4978,1677,232
310M300US49740,49740,"Yuma, AZ Metro Area",64498,52068,5359,1416,4485,1170
