GEO.id,GEO.id2,GEO.display-label,HD01_VD01,HD01_VD02,HD01_VD03,HD01_VD04,HD01_VD05,HD01_VD06
Id,Id2,Geography,Estimate; Total:,Estimate; Total: - Same house 1 year ago,Estimate; Total: - Moved within same county,Estimate; Total: - Moved from different county within same state,Estimate; Total: - Moved from different state,Estimate; Total: - Moved from abroad
310M200US10180,10180,"Abilene, TX Metro Area",8365,6793,1013,501,58,0
310M200US10420,10420,"Akron, OH Metro Area",2659,2130,247,164,41,77
310M200US10500,10500,"Albany, GA Metro Area",1208,888,215,30,68,7
310M200US10540,10540,"Albany, OR Metro Area",1910,1407,396,97,10,0
310M200US10580,10580,"Albany-Schenectady-Troy, NY Metro Area",10912,9016,607,886,230,173
310M200US10740,10740,"Albuquerque, NM Metro Area",125336,103953,14574,3830,2310,669
310M200US10780,10780,"Alexandria, LA Metro Area",579,466,16,29,15,53
310M200US10900,10900,"Allentown-Bethlehem-Easton, PA-NJ Metro Area",36053,25839,6443,1272,1185,1314
310M200US11020,11020,"Altoona, PA Metro Area",144,86,6,18,5,29
310M200US11100,11100,"Amarillo, TX Metro Area",6681,5740,518,333,48,42
310M200US11180,11180,"Ames, IA Metro Area",451,223,95,30,62,41
310M200US11260,11260,"Anchorage, AK Metro Area",5212,3958,730,121,322,81
310M200US11460,11460,"Ann Arbor, MI Metro Area",3308,2138,782,80,97,211
310M200US11500,11500,"Anniston-Oxford-Jacksonville, AL Metro Area",1294,851,81,327,19,16
310M200US11540,11540,"Appleton, WI Metro Area",2894,2297,286,113,159,39
310M200US11700,11700,"Asheville, NC Metro Area",4570,3468,319,405,293,85
310M200US12020,12020,"Athens-Clarke County, GA Metro Area",3250,2527,473,230,20,0
310M200US12060,12060,"Atlanta-Sandy Springs-Roswell, GA Metro Area",184113,152176,20814,6150,3433,1540
310M200US12100,12100,"Atlantic City-Hammonton, NJ Metro Area",14249,12184,1312,254,69,430
310M200US12220,12220,"Auburn-Opelika, AL Metro Area",2121,1349,483,71,201,17
310M200US12260,12260,"Augusta-Richmond County, GA-SC Metro Area",7797,5724,1019,118,850,86
310M200US12420,12420,"Austin-Round Rock, TX Metro Area",106751,82869,16703,4822,1076,1281
310M200US12540,12540,"Bakersfield, CA Metro Area",96063,77476,14625,2790,928,244
310M200US12580,12580,"Baltimore-Columbia-Towson, MD Metro Area",40840,34723,3063,1347,769,938
310M200US12620,12620,"Bangor, ME Metro Area",322,214,60,0,48,0
310M200US12700,12700,"Barnstable Town, MA Metro Area",1988,1815,44,23,21,85
310M200US12940,12940,"Baton Rouge, LA Metro Area",5365,4266,552,88,446,13
310M200US12980,12980,"Battle Creek, MI Metro Area",886,830,23,23,10,0
310M200US13020,13020,"Bay City, MI Metro Area",793,730,42,10,11,0
310M200US13140,13140,"Beaumont-Port Arthur, TX Metro Area",9489,8162,581,562,130,54
310M200US13220,13220,"Beckley, WV Metro Area",618,421,97,24,67,9
310M200US13380,13380,"Bellingham, WA Metro Area",4258,3966,219,57,16,0
310M200US13460,13460,"Bend-Redmond, OR Metro Area",3123,2919,64,85,47,8
310M200US13740,13740,"Billings, MT Metro Area",2092,1477,409,85,110,11
310M200US13780,13780,"Binghamton, NY Metro Area",2094,1368,543,118,28,37
310M200US13820,13820,"Birmingham-Hoover, AL Metro Area",21903,16890,3628,837,331,217
310M200US13900,13900,"Bismarck, ND Metro Area",523,310,3,41,169,0
310M200US13980,13980,"Blacksburg-Christiansburg-Radford, VA Metro Area",949,411,273,144,16,105
310M200US14010,14010,"Bloomington, IL Metro Area",2106,1770,100,153,31,52
310M200US14020,14020,"Bloomington, IN Metro Area",1251,914,248,53,29,7
310M200US14100,14100,"Bloomsburg-Berwick, PA Metro Area",369,329,38,1,1,0
310M200US14260,14260,"Boise City, ID Metro Area",12656,10236,1592,494,279,55
310M200US14460,14460,"Boston-Cambridge-Newton, MA-NH Metro Area",185267,148888,24811,5137,3046,3385
310M200US14500,14500,"Boulder, CO Metro Area",10913,7610,2688,358,177,80
310M200US14540,14540,"Bowling Green, KY Metro Area",3731,2363,653,26,556,133
310M200US14740,14740,"Bremerton-Silverdale, WA Metro Area",4385,2941,729,128,490,97
310M200US14860,14860,"Bridgeport-Stamford-Norwalk, CT Metro Area",65635,52783,9647,542,1801,862
310M200US15180,15180,"Brownsville-Harlingen, TX Metro Area",23089,21008,1481,256,227,117
310M200US15260,15260,"Brunswick, GA Metro Area",3107,2478,285,1,69,274
310M200US15380,15380,"Buffalo-Cheektowaga-Niagara Falls, NY Metro Area",18921,14805,2648,805,303,360
310M200US15500,15500,"Burlington, NC Metro Area",10106,8509,873,361,193,170
310M200US15540,15540,"Burlington-South Burlington, VT Metro Area",839,558,34,81,166,0
310M200US15680,15680,"California-Lexington Park, MD Metro Area",629,476,22,100,31,0
310M200US15940,15940,"Canton-Massillon, OH Metro Area",759,640,42,45,14,18
310M200US15980,15980,"Cape Coral-Fort Myers, FL Metro Area",23282,15499,5913,853,635,382
310M200US16020,16020,"Cape Girardeau, MO-IL Metro Area",282,213,59,0,0,10
310M200US16060,16060,"Carbondale-Marion, IL Metro Area",661,522,54,85,0,0
310M200US16180,16180,"Carson City, NV Metro Area",3827,2660,602,293,272,0
310M200US16220,16220,"Casper, WY Metro Area",1028,966,46,8,8,0
310M200US16300,16300,"Cedar Rapids, IA Metro Area",2472,2008,221,115,128,0
310M200US16540,16540,"Chambersburg-Waynesboro, PA Metro Area",1192,1027,44,59,57,5
310M200US16580,16580,"Champaign-Urbana, IL Metro Area",1599,1162,145,111,167,14
310M200US16620,16620,"Charleston, WV Metro Area",412,286,63,16,47,0
310M200US16700,16700,"Charleston-North Charleston, SC Metro Area",8532,6711,858,324,612,27
310M200US16740,16740,"Charlotte-Concord-Gastonia, NC-SC Metro Area",69198,57542,8197,1193,1657,609
310M200US16820,16820,"Charlottesville, VA Metro Area",2078,1504,311,41,167,55
310M200US16860,16860,"Chattanooga, TN-GA Metro Area",5120,3233,1385,106,344,52
310M200US16940,16940,"Cheyenne, WY Metro Area",4126,3210,700,4,212,0
310M200US16980,16980,"Chicago-Naperville-Elgin, IL-IN-WI Metro Area",741709,635106,87500,7513,6989,4601
310M200US17020,17020,"Chico, CA Metro Area",6518,5089,973,392,33,31
310M200US17140,17140,"Cincinnati, OH-KY-IN Metro Area",15680,11989,2346,440,443,462
310M200US17300,17300,"Clarksville, TN-KY Metro Area",3946,2754,509,72,572,39
310M200US17420,17420,"Cleveland, TN Metro Area",607,437,64,0,96,10
310M200US17460,17460,"Cleveland-Elyria, OH Metro Area",21236,16950,3053,414,586,233
310M200US17660,17660,"Coeur d'Alene, ID Metro Area",448,367,31,0,50,0
310M200US17780,17780,"College Station-Bryan, TX Metro Area",13797,11248,1730,591,58,170
310M200US17820,17820,"Colorado Springs, CO Metro Area",26714,19843,4723,681,1093,374
310M200US17860,17860,"Columbia, MO Metro Area",1102,711,220,40,92,39
310M200US17900,17900,"Columbia, SC Metro Area",13855,10688,1564,345,784,474
310M200US17980,17980,"Columbus, GA-AL Metro Area",6353,4819,352,154,956,72
310M200US18020,18020,"Columbus, IN Metro Area",3209,2009,223,119,783,75
310M200US18140,18140,"Columbus, OH Metro Area",22381,16647,3265,799,1142,528
310M200US18580,18580,"Corpus Christi, TX Metro Area",21804,19083,2183,412,64,62
310M200US18700,18700,"Corvallis, OR Metro Area",925,730,83,63,8,41
310M200US18880,18880,"Crestview-Fort Walton Beach-Destin, FL Metro Area",7055,5668,712,215,437,23
310M200US19060,19060,"Cumberland, MD-WV Metro Area",199,153,10,23,13,0
310M200US19100,19100,"Dallas-Fort Worth-Arlington, TX Metro Area",429438,342151,66641,10763,5379,4504
310M200US19140,19140,"Dalton, GA Metro Area",5446,4524,685,197,40,0
310M200US19180,19180,"Danville, IL Metro Area",858,768,23,14,53,0
310M200US19300,19300,"Daphne-Fairhope-Foley, AL Metro Area",1843,1420,275,92,56,0
310M200US19340,19340,"Davenport-Moline-Rock Island, IA-IL Metro Area",7394,6454,623,149,103,65
310M200US19380,19380,"Dayton, OH Metro Area",4503,3781,417,146,143,16
310M200US19460,19460,"Decatur, AL Metro Area",1864,1503,234,120,0,7
310M200US19500,19500,"Decatur, IL Metro Area",411,321,29,41,20,0
310M200US19660,19660,"Deltona-Daytona Beach-Ormond Beach, FL Metro Area",17682,16080,679,628,120,175
310M200US19740,19740,"Denver-Aurora-Lakewood, CO Metro Area",124313,96027,15464,9117,2632,1073
310M200US19780,19780,"Des Moines-West Des Moines, IA Metro Area",9327,6917,1742,265,316,87
310M200US19820,19820,"Detroit-Warren-Dearborn, MI Metro Area",44938,36875,5918,1249,415,481
310M200US20020,20020,"Dothan, AL Metro Area",1462,1085,144,148,85,0
310M200US20100,20100,"Dover, DE Metro Area",1925,1668,141,20,58,38
310M200US20220,20220,"Dubuque, IA Metro Area",83,40,5,33,5,0
310M200US20260,20260,"Duluth, MN-WI Metro Area",571,428,81,24,29,9
310M200US20500,20500,"Durham-Chapel Hill, NC Metro Area",19407,14635,3682,354,491,245
310M200US20700,20700,"East Stroudsburg, PA Metro Area",3925,3619,105,62,139,0
310M200US20740,20740,"Eau Claire, WI Metro Area",472,276,57,92,1,46
310M200US20940,20940,"El Centro, CA Metro Area",36460,30478,4640,842,292,208
310M200US21060,21060,"Elizabethtown-Fort Knox, KY Metro Area",1464,871,138,192,242,21
310M200US21140,21140,"Elkhart-Goshen, IN Metro Area",7973,6284,1384,38,221,46
310M200US21300,21300,"Elmira, NY Metro Area",135,100,1,16,14,4
310M200US21340,21340,"El Paso, TX Metro Area",88650,72212,10513,1093,2333,2499
310M200US21500,21500,"Erie, PA Metro Area",2560,1828,378,156,72,126
310M200US21660,21660,"Eugene, OR Metro Area",7993,5946,1225,424,279,119
310M200US21780,21780,"Evansville, IN-KY Metro Area",2690,1860,525,146,107,52
310M200US21820,21820,"Fairbanks, AK Metro Area",885,511,81,30,152,111
310M200US22020,22020,"Fargo, ND-MN Metro Area",1404,952,279,85,57,31
310M200US22140,22140,"Farmington, NM Metro Area",6947,6364,110,243,136,94
310M200US22180,22180,"Fayetteville, NC Metro Area",9817,6634,1475,302,924,482
310M200US22220,22220,"Fayetteville-Springdale-Rogers, AR-MO Metro Area",27452,22136,3127,881,848,460
310M200US22380,22380,"Flagstaff, AZ Metro Area",5502,4387,696,252,143,24
310M200US22420,22420,"Flint, MI Metro Area",1922,1717,134,17,54,0
310M200US22500,22500,"Florence, SC Metro Area",802,708,66,3,25,0
310M200US22520,22520,"Florence-Muscle Shoals, AL Metro Area",938,859,0,76,3,0
310M200US22540,22540,"Fond du Lac, WI Metro Area",1716,1373,243,45,55,0
310M200US22660,22660,"Fort Collins, CO Metro Area",7996,6211,1146,272,341,26
310M200US22900,22900,"Fort Smith, AR-OK Metro Area",4221,3567,443,87,63,61
310M200US23060,23060,"Fort Wayne, IN Metro Area",8587,7223,986,105,170,103
310M200US23420,23420,"Fresno, CA Metro Area",198131,162853,28601,5615,586,476
310M200US23460,23460,"Gadsden, AL Metro Area",600,562,38,0,0,0
310M200US23540,23540,"Gainesville, FL Metro Area",2506,1463,501,384,88,70
310M200US23580,23580,"Gainesville, GA Metro Area",11347,9383,1576,101,268,19
310M200US23900,23900,"Gettysburg, PA Metro Area",3309,2672,512,64,57,4
310M200US24020,24020,"Glens Falls, NY Metro Area",541,319,62,138,22,0
310M200US24140,24140,"Goldsboro, NC Metro Area",9198,7629,627,400,371,171
310M200US24220,24220,"Grand Forks, ND-MN Metro Area",929,522,346,3,37,21
310M200US24260,24260,"Grand Island, NE Metro Area",1350,1123,120,49,58,0
310M200US24300,24300,"Grand Junction, CO Metro Area",4222,3567,446,18,121,70
310M200US24340,24340,"Grand Rapids-Wyoming, MI Metro Area",22700,18482,3308,511,194,205
310M200US24420,24420,"Grants Pass, OR Metro Area",835,769,3,56,7,0
310M200US24500,24500,"Great Falls, MT Metro Area",374,151,127,35,61,0
310M200US24540,24540,"Greeley, CO Metro Area",18629,13912,3119,914,607,77
310M200US24580,24580,"Green Bay, WI Metro Area",5662,4629,564,408,48,13
310M200US24660,24660,"Greensboro-High Point, NC Metro Area",19192,16551,1318,686,551,86
310M200US24780,24780,"Greenville, NC Metro Area",5313,4466,334,222,291,0
310M200US24860,24860,"Greenville-Anderson-Mauldin, SC Metro Area",9296,7096,1546,422,178,54
310M200US25060,25060,"Gulfport-Biloxi-Pascagoula, MS Metro Area",4212,3292,205,60,484,171
310M200US25180,25180,"Hagerstown-Martinsburg, MD-WV Metro Area",1961,1533,245,102,58,23
310M200US25220,25220,"Hammond, LA Metro Area",456,452,0,4,0,0
310M200US25260,25260,"Hanford-Corcoran, CA Metro Area",20086,15451,2306,2016,135,178
310M200US25420,25420,"Harrisburg-Carlisle, PA Metro Area",9785,7046,1526,464,564,185
310M200US25500,25500,"Harrisonburg, VA Metro Area",1594,1438,58,92,0,6
310M200US25540,25540,"Hartford-West Hartford-East Hartford, CT Metro Area",54284,40108,10753,1422,1337,664
310M200US25620,25620,"Hattiesburg, MS Metro Area",1357,1079,54,79,19,126
310M200US25860,25860,"Hickory-Lenoir-Morganton, NC Metro Area",11569,10403,693,350,122,1
310M200US25940,25940,"Hilton Head Island-Bluffton-Beaufort, SC Metro Area",8786,7169,1058,96,361,102
310M200US25980,25980,"Hinesville, GA Metro Area",3859,2734,477,68,331,249
310M200US26140,26140,"Homosassa Springs, FL Metro Area",821,657,91,53,20,0
310M200US26300,26300,"Hot Springs, AR Metro Area",3215,2395,521,238,61,0
310M200US26380,26380,"Houma-Thibodaux, LA Metro Area",2898,2060,511,12,201,114
310M200US26420,26420,"Houston-The Woodlands-Sugar Land, TX Metro Area",464715,382419,61392,9641,5247,6016
310M200US26580,26580,"Huntington-Ashland, WV-KY-OH Metro Area",589,544,38,7,0,0
310M200US26620,26620,"Huntsville, AL Metro Area",4880,4014,378,216,259,13
310M200US26820,26820,"Idaho Falls, ID Metro Area",5842,5101,532,61,31,117
310M200US26900,26900,"Indianapolis-Carmel-Anderson, IN Metro Area",49317,38456,7065,1092,1901,803
310M200US26980,26980,"Iowa City, IA Metro Area",2732,1595,537,453,85,62
310M200US27060,27060,"Ithaca, NY Metro Area",983,564,142,72,141,64
310M200US27100,27100,"Jackson, MI Metro Area",778,565,98,51,49,15
310M200US27140,27140,"Jackson, MS Metro Area",5408,4295,430,317,249,117
310M200US27180,27180,"Jackson, TN Metro Area",1144,975,132,17,20,0
310M200US27260,27260,"Jacksonville, FL Metro Area",13503,9861,1997,714,633,298
310M200US27340,27340,"Jacksonville, NC Metro Area",4870,3660,335,88,723,64
310M200US27500,27500,"Janesville-Beloit, WI Metro Area",1792,1511,267,14,0,0
310M200US27620,27620,"Jefferson City, MO Metro Area",1946,1629,157,51,109,0
310M200US27740,27740,"Johnson City, TN Metro Area",652,494,92,61,5,0
310M200US27780,27780,"Johnstown, PA Metro Area",489,238,183,7,56,5
310M200US27860,27860,"Jonesboro, AR Metro Area",825,525,138,33,84,45
310M200US27900,27900,"Joplin, MO Metro Area",1797,1470,177,75,75,0
310M200US27980,27980,"Kahului-Wailuku-Lahaina, HI Metro Area",1311,953,303,8,30,17
310M200US28020,28020,"Kalamazoo-Portage, MI Metro Area",4559,4080,223,79,160,17
310M200US28100,28100,"Kankakee, IL Metro Area",2209,1838,246,97,19,9
310M200US28140,28140,"Kansas City, MO-KS Metro Area",47212,38204,5531,1377,1789,311
310M200US28420,28420,"Kennewick-Richland, WA Metro Area",41358,33035,4580,1814,1683,246
310M200US28660,28660,"Killeen-Temple, TX Metro Area",16193,12132,2242,722,846,251
310M200US28700,28700,"Kingsport-Bristol-Bristol, TN-VA Metro Area",2076,1505,184,122,260,5
310M200US28740,28740,"Kingston, NY Metro Area",2698,2422,171,103,2,0
310M200US28940,28940,"Knoxville, TN Metro Area",4962,3780,469,308,349,56
310M200US29020,29020,"Kokomo, IN Metro Area",647,425,30,14,152,26
310M200US29100,29100,"La Crosse-Onalaska, WI-MN Metro Area",654,467,72,38,26,51
310M200US29180,29180,"Lafayette, LA Metro Area",2675,1913,216,109,291,146
310M200US29200,29200,"Lafayette-West Lafayette, IN Metro Area",1699,1326,129,39,123,82
310M200US29340,29340,"Lake Charles, LA Metro Area",837,728,3,45,45,16
310M200US29420,29420,"Lake Havasu City-Kingman, AZ Metro Area",5684,4304,582,535,155,108
310M200US29460,29460,"Lakeland-Winter Haven, FL Metro Area",11995,8855,1478,850,395,417
310M200US29540,29540,"Lancaster, PA Metro Area",15906,13207,1800,570,214,115
310M200US29620,29620,"Lansing-East Lansing, MI Metro Area",6714,5331,743,394,96,150
310M200US29700,29700,"Laredo, TX Metro Area",10703,9601,866,132,54,50
310M200US29740,29740,"Las Cruces, NM Metro Area",10154,9387,593,76,65,33
310M200US29820,29820,"Las Vegas-Henderson-Paradise, NV Metro Area",188184,139368,41066,160,6018,1572
310M200US29940,29940,"Lawrence, KS Metro Area",735,478,208,47,2,0
310M200US30020,30020,"Lawton, OK Metro Area",2740,1925,350,116,303,46
310M200US30140,30140,"Lebanon, PA Metro Area",7886,5285,1590,389,258,364
310M200US30300,30300,"Lewiston, ID-WA Metro Area",402,241,125,11,25,0
310M200US30340,30340,"Lewiston-Auburn, ME Metro Area",191,158,9,0,24,0
310M200US30460,30460,"Lexington-Fayette, KY Metro Area",11526,6963,2440,674,854,595
310M200US30620,30620,"Lima, OH Metro Area",810,470,225,73,0,42
310M200US30700,30700,"Lincoln, NE Metro Area",3085,2484,337,128,50,86
310M200US30780,30780,"Little Rock-North Little Rock-Conway, AR Metro Area",6076,4972,671,42,263,128
310M200US30860,30860,"Logan, UT-ID Metro Area",3867,3028,660,42,79,58
310M200US30980,30980,"Longview, TX Metro Area",4003,3377,353,203,31,39
310M200US31020,31020,"Longview, WA Metro Area",1464,1243,167,17,37,0
310M200US31080,31080,"Los Angeles-Long Beach-Anaheim, CA Metro Area",2301608,1997534,267607,20995,6667,8805
310M200US31140,31140,"Louisville/Jefferson County, KY-IN Metro Area",10668,8957,970,286,301,154
310M200US31180,31180,"Lubbock, TX Metro Area",23495,18382,3547,1246,273,47
310M200US31340,31340,"Lynchburg, VA Metro Area",1498,859,390,201,43,5
310M200US31420,31420,"Macon, GA Metro Area",942,631,139,172,0,0
310M200US31460,31460,"Madera, CA Metro Area",10154,8445,886,784,13,26
310M200US31540,31540,"Madison, WI Metro Area",9089,6667,1560,256,440,166
310M200US31700,31700,"Manchester-Nashua, NH Metro Area",4596,3635,752,72,91,46
310M200US31740,31740,"Manhattan, KS Metro Area",676,502,81,0,28,65
310M200US31860,31860,"Mankato-North Mankato, MN Metro Area",566,485,34,15,20,12
310M200US31900,31900,"Mansfield, OH Metro Area",606,474,102,26,2,2
310M200US32580,32580,"McAllen-Edinburg-Mission, TX Metro Area",48220,42241,4333,814,366,466
310M200US32780,32780,"Medford, OR Metro Area",3202,2696,457,15,14,20
310M200US32820,32820,"Memphis, TN-MS-AR Metro Area",27681,21380,5066,96,940,199
310M200US32900,32900,"Merced, CA Metro Area",50350,40179,7877,1869,259,166
310M200US33100,33100,"Miami-Fort Lauderdale-West Palm Beach, FL Metro Area",146945,117817,20576,4166,2035,2351
310M200US33140,33140,"Michigan City-La Porte, IN Metro Area",1700,1405,183,92,0,20
310M200US33220,33220,"Midland, MI Metro Area",440,245,25,21,99,50
310M200US33260,33260,"Midland, TX Metro Area",10704,8581,684,493,892,54
310M200US33340,33340,"Milwaukee-Waukesha-West Allis, WI Metro Area",42846,36143,5284,555,685,179
310M200US33460,33460,"Minneapolis-St. Paul-Bloomington, MN-WI Metro Area",60137,46252,8377,3113,1165,1230
310M200US33540,33540,"Missoula, MT Metro Area",179,131,33,8,6,1
310M200US33660,33660,"Mobile, AL Metro Area",2389,1612,499,15,258,5
310M200US33700,33700,"Modesto, CA Metro Area",51903,41642,7990,1704,321,246
310M200US33740,33740,"Monroe, LA Metro Area",1089,972,105,11,1,0
310M200US33780,33780,"Monroe, MI Metro Area",997,834,66,89,8,0
310M200US33860,33860,"Montgomery, AL Metro Area",3494,2121,851,298,224,0
310M200US34060,34060,"Morgantown, WV Metro Area",529,256,51,143,66,13
310M200US34100,34100,"Morristown, TN Metro Area",2475,2008,175,202,47,43
310M200US34580,34580,"Mount Vernon-Anacortes, WA Metro Area",6220,5003,1097,83,28,9
310M200US34620,34620,"Muncie, IN Metro Area",675,486,118,50,21,0
310M200US34740,34740,"Muskegon, MI Metro Area",1033,764,206,63,0,0
310M200US34820,34820,"Myrtle Beach-Conway-North Myrtle Beach, SC-NC Metro Area",9318,7501,756,97,577,387
310M200US34900,34900,"Napa, CA Metro Area",12173,10138,1670,170,80,115
310M200US34940,34940,"Naples-Immokalee-Marco Island, FL Metro Area",10979,9361,883,347,101,287
310M200US34980,34980,"Nashville-Davidson--Murfreesboro--Franklin, TN Metro Area",39150,31319,5210,791,951,879
310M200US35100,35100,"New Bern, NC Metro Area",2534,1947,288,136,135,28
310M200US35300,35300,"New Haven-Milford, CT Metro Area",47655,38110,7392,983,903,267
310M200US35380,35380,"New Orleans-Metairie, LA Metro Area",23450,19699,2117,956,437,241
310M200US35620,35620,"New York-Newark-Jersey City, NY-NJ-PA Metro Area",1971769,1734525,157508,41453,16734,21549
310M200US35660,35660,"Niles-Benton Harbor, MI Metro Area",3158,2666,317,50,125,0
310M200US35840,35840,"North Port-Sarasota-Bradenton, FL Metro Area",14279,11553,1923,328,382,93
310M200US35980,35980,"Norwich-New London, CT Metro Area",8060,5586,1469,604,383,18
310M200US36100,36100,"Ocala, FL Metro Area",5541,4224,882,56,315,64
310M200US36140,36140,"Ocean City, NJ Metro Area",1410,963,292,51,51,53
310M200US36220,36220,"Odessa, TX Metro Area",8944,7712,690,237,157,148
310M200US36260,36260,"Ogden-Clearfield, UT Metro Area",25163,20690,2661,1047,652,113
310M200US36420,36420,"Oklahoma City, OK Metro Area",34560,27850,4190,732,1202,586
310M200US36500,36500,"Olympia-Tumwater, WA Metro Area",3491,2712,561,71,129,18
310M200US36540,36540,"Omaha-Council Bluffs, NE-IA Metro Area",19565,15085,3381,352,545,202
310M200US36740,36740,"Orlando-Kissimmee-Sanford, FL Metro Area",97529,75625,12280,4581,2669,2374
310M200US36780,36780,"Oshkosh-Neenah, WI Metro Area",1321,841,469,0,11,0
310M200US36980,36980,"Owensboro, KY Metro Area",611,582,22,0,7,0
310M200US37100,37100,"Oxnard-Thousand Oaks-Ventura, CA Metro Area",69968,58233,8364,2127,877,367
310M200US37340,37340,"Palm Bay-Melbourne-Titusville, FL Metro Area",6972,5660,643,337,188,144
310M200US37460,37460,"Panama City, FL Metro Area",1105,760,177,49,20,99
310M200US37620,37620,"Parkersburg-Vienna, WV Metro Area",223,221,2,0,0,0
310M200US37860,37860,"Pensacola-Ferry Pass-Brent, FL Metro Area",3959,2731,412,196,570,50
310M200US37900,37900,"Peoria, IL Metro Area",3133,2599,285,107,114,28
310M200US37980,37980,"Philadelphia-Camden-Wilmington, PA-NJ-DE-MD Metro Area",182878,149863,20758,4181,4488,3588
310M200US38060,38060,"Phoenix-Mesa-Scottsdale, AZ Metro Area",254075,198150,45616,3338,5172,1799
310M200US38220,38220,"Pine Bluff, AR Metro Area",461,455,0,6,0,0
310M200US38300,38300,"Pittsburgh, PA Metro Area",7150,5468,998,256,345,83
310M200US38340,38340,"Pittsfield, MA Metro Area",1442,841,284,44,119,154
310M200US38540,38540,"Pocatello, ID Metro Area",917,818,47,0,24,28
310M200US38860,38860,"Portland-South Portland, ME Metro Area",1488,1160,124,3,64,137
310M200US38900,38900,"Portland-Vancouver-Hillsboro, OR-WA Metro Area",84510,64439,12411,2325,4556,779
310M200US38940,38940,"Port St. Lucie, FL Metro Area",15018,12066,1766,372,722,92
310M200US39140,39140,"Prescott, AZ Metro Area",5348,4613,302,192,241,0
310M200US39300,39300,"Providence-Warwick, RI-MA Metro Area",80510,65981,10580,1136,1524,1289
310M200US39340,39340,"Provo-Orem, UT Metro Area",13527,10573,2033,116,409,396
310M200US39380,39380,"Pueblo, CO Metro Area",18392,13235,4329,462,331,35
310M200US39460,39460,"Punta Gorda, FL Metro Area",871,669,137,24,31,10
310M200US39540,39540,"Racine, WI Metro Area",7311,6428,517,179,178,9
310M200US39580,39580,"Raleigh, NC Metro Area",33510,27051,4011,584,1319,545
310M200US39660,39660,"Rapid City, SD Metro Area",1045,731,74,142,86,12
310M200US39740,39740,"Reading, PA Metro Area",23952,17299,5220,412,682,339
310M200US39820,39820,"Redding, CA Metro Area",3970,2956,537,395,69,13
310M200US39900,39900,"Reno, NV Metro Area",21018,16968,3153,140,663,94
310M200US40060,40060,"Richmond, VA Metro Area",16067,12401,2038,1096,372,160
310M200US40140,40140,"Riverside-San Bernardino-Ontario, CA Metro Area",707128,582410,88824,29239,3903,2752
310M200US40220,40220,"Roanoke, VA Metro Area",2134,1638,259,180,25,32
310M200US40340,40340,"Rochester, MN Metro Area",1366,1065,232,42,7,20
310M200US40380,40380,"Rochester, NY Metro Area",19363,14729,3292,515,556,271
310M200US40420,40420,"Rockford, IL Metro Area",10407,8707,1161,410,25,104
310M200US40580,40580,"Rocky Mount, NC Metro Area",4395,3904,254,154,72,11
310M200US40660,40660,"Rome, GA Metro Area",3765,3374,344,8,16,23
310M200US40900,40900,"Sacramento--Roseville--Arden-Arcade, CA Metro Area",138662,107663,22651,6839,1027,482
310M200US40980,40980,"Saginaw, MI Metro Area",3170,2582,447,96,45,0
310M200US41060,41060,"St. Cloud, MN Metro Area",1650,1140,125,306,35,44
310M200US41100,41100,"St. George, UT Metro Area",2986,2488,382,0,116,0
310M200US41140,41140,"St. Joseph, MO-KS Metro Area",919,522,219,67,103,8
310M200US41180,41180,"St. Louis, MO-IL Metro Area",15021,12860,1027,374,543,217
310M200US41420,41420,"Salem, OR Metro Area",33027,26183,4614,1061,571,598
310M200US41500,41500,"Salinas, CA Metro Area",44080,37639,4742,1365,168,166
310M200US41540,41540,"Salisbury, MD-DE Metro Area",6247,5256,645,88,216,42
310M200US41620,41620,"Salt Lake City, UT Metro Area",67974,54430,11315,564,1313,352
310M200US41660,41660,"San Angelo, TX Metro Area",6302,4684,858,469,189,102
310M200US41700,41700,"San Antonio-New Braunfels, TX Metro Area",187389,151730,27049,4512,2200,1898
310M200US41740,41740,"San Diego-Carlsbad, CA Metro Area",212561,178034,26946,3112,2532,1937
310M200US41860,41860,"San Francisco-Oakland-Hayward, CA Metro Area",330692,278391,35798,12486,1675,2342
310M200US41940,41940,"San Jose-Sunnyvale-Santa Clara, CA Metro Area",175702,146277,24409,3505,632,879
310M200US42020,42020,"San Luis Obispo-Paso Robles-Arroyo Grande, CA Metro Area",14907,11495,2180,1094,26,112
310M200US42100,42100,"Santa Cruz-Watsonville, CA Metro Area",23760,21121,1574,813,65,187
310M200US42140,42140,"Santa Fe, NM Metro Area",12870,11280,1013,399,114,64
310M200US42200,42200,"Santa Maria-Santa Barbara, CA Metro Area",57562,44085,10119,1991,605,762
310M200US42220,42220,"Santa Rosa, CA Metro Area",48383,41306,5845,942,103,187
310M200US42340,42340,"Savannah, GA Metro Area",4498,3639,380,149,260,70
310M200US42540,42540,"Scranton--Wilkes-Barre--Hazleton, PA Metro Area",9063,7162,1041,269,426,165
310M200US42660,42660,"Seattle-Tacoma-Bellevue, WA Metro Area",86954,64331,15564,2584,3501,974
310M200US42680,42680,"Sebastian-Vero Beach, FL Metro Area",2093,1873,121,73,10,16
310M200US42700,42700,"Sebring, FL Metro Area",2545,2331,94,0,86,34
310M200US43100,43100,"Sheboygan, WI Metro Area",1175,1047,106,22,0,0
310M200US43300,43300,"Sherman-Denison, TX Metro Area",3596,2278,1135,164,15,4
310M200US43340,43340,"Shreveport-Bossier City, LA Metro Area",5552,4131,686,252,377,106
310M200US43420,43420,"Sierra Vista-Douglas, AZ Metro Area",9771,8038,1264,178,166,125
310M200US43580,43580,"Sioux City, IA-NE-SD Metro Area",9539,6971,1873,195,462,38
310M200US43620,43620,"Sioux Falls, SD Metro Area",3694,2619,732,97,166,80
310M200US43780,43780,"South Bend-Mishawaka, IN-MI Metro Area",5908,4656,479,76,639,58
310M200US43900,43900,"Spartanburg, SC Metro Area",5787,4531,434,448,315,59
310M200US44060,44060,"Spokane-Spokane Valley, WA Metro Area",5124,3666,713,260,372,113
310M200US44100,44100,"Springfield, IL Metro Area",1362,1078,164,32,84,4
310M200US44140,44140,"Springfield, MA Metro Area",39751,31286,6410,399,1123,533
310M200US44180,44180,"Springfield, MO Metro Area",2601,2142,150,130,136,43
310M200US44220,44220,"Springfield, OH Metro Area",1866,961,389,133,379,4
310M200US44300,44300,"State College, PA Metro Area",615,378,61,160,6,10
310M200US44420,44420,"Staunton-Waynesboro, VA Metro Area",1296,1215,0,51,30,0
310M200US44700,44700,"Stockton-Lodi, CA Metro Area",79100,63998,11681,2813,199,409
310M200US44940,44940,"Sumter, SC Metro Area",933,833,74,0,9,17
310M200US45060,45060,"Syracuse, NY Metro Area",6299,4200,1182,430,182,305
310M200US45220,45220,"Tallahassee, FL Metro Area",4340,3035,483,744,43,35
310M200US45300,45300,"Tampa-St. Petersburg-Clearwater, FL Metro Area",71219,56729,9090,1699,2622,1079
310M200US45460,45460,"Terre Haute, IN Metro Area",1061,697,208,79,45,32
310M200US45500,45500,"Texarkana, TX-AR Metro Area",2549,2059,313,141,36,0
310M200US45540,45540,"The Villages, FL Metro Area",665,519,69,20,28,29
310M200US45780,45780,"Toledo, OH Metro Area",10809,7553,2357,484,257,158
310M200US45820,45820,"Topeka, KS Metro Area",4846,3853,616,44,290,43
310M200US45940,45940,"Trenton, NJ Metro Area",20579,17182,2001,537,498,361
310M200US46060,46060,"Tucson, AZ Metro Area",79976,59984,16498,1924,1098,472
310M200US46140,46140,"Tulsa, OK Metro Area",23785,18775,3434,550,604,422
310M200US46220,46220,"Tuscaloosa, AL Metro Area",1234,1055,111,53,15,0
310M200US46340,46340,"Tyler, TX Metro Area",4515,3993,249,174,99,0
310M200US46520,46520,"Urban Honolulu, HI Metro Area",9108,6421,1078,70,1169,370
310M200US46540,46540,"Utica-Rome, NY Metro Area",3903,2710,670,420,54,49
310M200US46660,46660,"Valdosta, GA Metro Area",3131,1806,605,469,191,60
310M200US46700,46700,"Vallejo-Fairfield, CA Metro Area",36362,28540,5850,1241,594,137
310M200US47020,47020,"Victoria, TX Metro Area",4809,3889,548,349,17,6
310M200US47220,47220,"Vineland-Bridgeton, NJ Metro Area",18272,15813,1546,632,65,216
310M200US47260,47260,"Virginia Beach-Norfolk-Newport News, VA-NC Metro Area",20243,14898,2242,1112,1477,514
310M200US47300,47300,"Visalia-Porterville, CA Metro Area",39521,34573,3576,847,283,242
310M200US47380,47380,"Waco, TX Metro Area",10216,8651,1133,371,58,3
310M200US47460,47460,"Walla Walla, WA Metro Area",3212,2819,192,119,61,21
310M200US47580,47580,"Warner Robins, GA Metro Area",5908,5145,239,289,235,0
310M200US47900,47900,"Washington-Arlington-Alexandria, DC-VA-MD-WV Metro Area",292970,245422,29416,7941,6803,3388
310M200US47940,47940,"Waterloo-Cedar Falls, IA Metro Area",1295,1196,35,15,49,0
310M200US48060,48060,"Watertown-Fort Drum, NY Metro Area",2423,1076,318,314,553,162
310M200US48140,48140,"Wausau, WI Metro Area",361,301,7,40,0,13
310M200US48260,48260,"Weirton-Steubenville, WV-OH Metro Area",102,68,11,14,9,0
310M200US48300,48300,"Wenatchee, WA Metro Area",11779,9757,755,755,371,141
310M200US48540,48540,"Wheeling, WV-OH Metro Area",297,234,5,43,7,8
310M200US48620,48620,"Wichita, KS Metro Area",13900,11875,1434,397,67,127
310M200US48660,48660,"Wichita Falls, TX Metro Area",3262,2780,285,120,9,68
310M200US48700,48700,"Williamsport, PA Metro Area",587,447,82,12,21,25
310M200US48900,48900,"Wilmington, NC Metro Area",4256,3379,533,255,40,49
310M200US49020,49020,"Winchester, VA-WV Metro Area",1733,1493,92,115,16,17
310M200US49180,49180,"Winston-Salem, NC Metro Area",16054,14324,1429,152,113,36
310M200US49340,49340,"Worcester, MA-CT Metro Area",25084,18872,4509,888,588,227
310M200US49420,49420,"Yakima, WA Metro Area",34893,27783,6131,402,511,66
310M200US49620,49620,"York-Hanover, PA Metro Area",8712,6341,1711,361,184,115
310M200US49660,49660,"Youngstown-Warren-Boardman, OH-PA Metro Area",2923,2317,275,45,236,50
310M200US49700,49700,"Yuba City, CA Metro Area",14422,11013,1913,1265,165,66
310M200US49740,49740,"Yuma, AZ Metro Area",31759,24542,4791,738,1121,567
