GEO.id,GEO.id2,GEO.display-label,HD01_VD01,HD01_VD02,HD01_VD03,HD01_VD04,HD01_VD05,HD01_VD06
Id,Id2,Geography,Estimate; Total:,Estimate; Total: - Same house 1 year ago,Estimate; Total: - Moved within same county,Estimate; Total: - Moved from different county within same state,Estimate; Total: - Moved from different state,Estimate; Total: - Moved from abroad
310M300US10180,10180,"Abilene, TX Metro Area",13354,9236,2143,1510,327,138
310M300US10420,10420,"Akron, OH Metro Area",84040,71230,8768,2758,1037,247
310M300US10500,10500,"Albany, GA Metro Area",80086,65333,9208,4161,1273,111
310M300US10540,10540,"Albany, OR Metro Area",465,412,22,26,5,0
310M300US10580,10580,"Albany-Schenectady-Troy, NY Metro Area",67730,54182,7293,4591,1417,247
310M300US10740,10740,"Albuquerque, NM Metro Area",23176,17865,3639,540,1037,95
310M300US10780,10780,"Alexandria, LA Metro Area",45243,39067,4476,935,736,29
310M300US10900,10900,"Allentown-Bethlehem-Easton, PA-NJ Metro Area",46158,36013,5490,2451,1928,276
310M300US11020,11020,"Altoona, PA Metro Area",1857,1539,106,171,41,0
310M300US11100,11100,"Amarillo, TX Metro Area",15347,11353,2077,1708,184,25
310M300US11180,11180,"Ames, IA Metro Area",1835,1051,227,332,185,40
310M300US11260,11260,"Anchorage, AK Metro Area",17313,13099,2728,323,1010,153
310M300US11460,11460,"Ann Arbor, MI Metro Area",42610,31171,7024,2640,1399,376
310M300US11500,11500,"Anniston-Oxford-Jacksonville, AL Metro Area",23311,17748,4275,796,492,0
310M300US11540,11540,"Appleton, WI Metro Area",2656,2226,172,148,105,5
310M300US11700,11700,"Asheville, NC Metro Area",20620,17696,1261,738,872,53
310M300US12020,12020,"Athens-Clarke County, GA Metro Area",40291,32505,4245,2697,771,73
310M300US12060,12060,"Atlanta-Sandy Springs-Roswell, GA Metro Area",1897170,1546674,174024,109639,58644,8189
310M300US12100,12100,"Atlantic City-Hammonton, NJ Metro Area",40587,33840,4898,938,801,110
310M300US12220,12220,"Auburn-Opelika, AL Metro Area",35737,28899,4071,1256,1408,103
310M300US12260,12260,"Augusta-Richmond County, GA-SC Metro Area",206761,176809,18472,5646,4713,1121
310M300US12420,12420,"Austin-Round Rock, TX Metro Area",143660,112435,15943,9841,4215,1226
310M300US12540,12540,"Bakersfield, CA Metro Area",47551,34906,6744,4344,1097,460
310M300US12580,12580,"Baltimore-Columbia-Towson, MD Metro Area",803815,677808,79024,31297,12248,3438
310M300US12620,12620,"Bangor, ME Metro Area",1182,673,130,68,280,31
310M300US12700,12700,"Barnstable Town, MA Metro Area",5857,4668,893,45,119,132
310M300US12940,12940,"Baton Rouge, LA Metro Area",290247,246560,29355,10677,3414,241
310M300US12980,12980,"Battle Creek, MI Metro Area",14315,11382,2268,474,126,65
310M300US13020,13020,"Bay City, MI Metro Area",1753,1231,223,238,51,10
310M300US13140,13140,"Beaumont-Port Arthur, TX Metro Area",98221,82676,10666,3779,957,143
310M300US13220,13220,"Beckley, WV Metro Area",8266,7308,432,202,302,22
310M300US13380,13380,"Bellingham, WA Metro Area",2122,1409,558,30,107,18
310M300US13460,13460,"Bend-Redmond, OR Metro Area",958,886,6,18,48,0
310M300US13740,13740,"Billings, MT Metro Area",1167,828,203,69,29,38
310M300US13780,13780,"Binghamton, NY Metro Area",11367,8286,1954,769,278,80
310M300US13820,13820,"Birmingham-Hoover, AL Metro Area",323177,265923,43470,8345,4861,578
310M300US13900,13900,"Bismarck, ND Metro Area",1801,841,176,461,301,22
310M300US13980,13980,"Blacksburg-Christiansburg-Radford, VA Metro Area",8438,6499,869,912,132,26
310M300US14010,14010,"Bloomington, IL Metro Area",14039,10864,1776,1110,224,65
310M300US14020,14020,"Bloomington, IN Metro Area",4582,2685,990,451,407,49
310M300US14100,14100,"Bloomsburg-Berwick, PA Metro Area",1539,1152,137,199,51,0
310M300US14260,14260,"Boise City, ID Metro Area",6556,4408,979,51,720,398
310M300US14460,14460,"Boston-Cambridge-Newton, MA-NH Metro Area",378894,320235,33947,12466,6688,5558
310M300US14500,14500,"Boulder, CO Metro Area",2708,1828,410,139,279,52
310M300US14540,14540,"Bowling Green, KY Metro Area",12017,8778,1523,935,701,80
310M300US14740,14740,"Bremerton-Silverdale, WA Metro Area",6463,4559,909,296,668,31
310M300US14860,14860,"Bridgeport-Stamford-Norwalk, CT Metro Area",106129,91752,10113,839,2321,1104
310M300US15180,15180,"Brownsville-Harlingen, TX Metro Area",1929,1445,260,137,53,34
310M300US15260,15260,"Brunswick, GA Metro Area",26814,22186,2919,1201,418,90
310M300US15380,15380,"Buffalo-Cheektowaga-Niagara Falls, NY Metro Area",136971,115032,16898,2923,1392,726
310M300US15500,15500,"Burlington, NC Metro Area",29729,25178,2735,1165,440,211
310M300US15540,15540,"Burlington-South Burlington, VT Metro Area",4423,3036,976,267,130,14
310M300US15680,15680,"California-Lexington Park, MD Metro Area",15672,12083,1888,1105,506,90
310M300US15940,15940,"Canton-Massillon, OH Metro Area",26656,20893,4639,712,401,11
310M300US15980,15980,"Cape Coral-Fort Myers, FL Metro Area",59744,48124,7516,1788,1613,703
310M300US16020,16020,"Cape Girardeau, MO-IL Metro Area",8435,6431,980,777,213,34
310M300US16060,16060,"Carbondale-Marion, IL Metro Area",11316,7267,2046,1340,547,116
310M300US16180,16180,"Carson City, NV Metro Area",931,660,19,225,27,0
310M300US16220,16220,"Casper, WY Metro Area",1067,922,68,12,11,54
310M300US16300,16300,"Cedar Rapids, IA Metro Area",11383,7894,1434,646,1206,203
310M300US16540,16540,"Chambersburg-Waynesboro, PA Metro Area",5933,4412,775,206,540,0
310M300US16580,16580,"Champaign-Urbana, IL Metro Area",27107,20687,3618,1845,560,397
310M300US16620,16620,"Charleston, WV Metro Area",13023,10795,1494,186,524,24
310M300US16700,16700,"Charleston-North Charleston, SC Metro Area",193501,166831,15622,7319,3297,432
310M300US16740,16740,"Charlotte-Concord-Gastonia, NC-SC Metro Area",535588,436564,64441,15147,17404,2032
310M300US16820,16820,"Charlottesville, VA Metro Area",31192,25654,1453,2996,838,251
310M300US16860,16860,"Chattanooga, TN-GA Metro Area",73540,62673,8335,1191,1260,81
310M300US16940,16940,"Cheyenne, WY Metro Area",2603,2079,181,90,203,50
310M300US16980,16980,"Chicago-Naperville-Elgin, IL-IN-WI Metro Area",1580435,1337984,184959,25255,26944,5293
310M300US17020,17020,"Chico, CA Metro Area",3366,2322,577,427,22,18
310M300US17140,17140,"Cincinnati, OH-KY-IN Metro Area",259927,205700,40036,7957,5344,890
310M300US17300,17300,"Clarksville, TN-KY Metro Area",53334,40807,7438,827,3805,457
310M300US17420,17420,"Cleveland, TN Metro Area",5089,3649,899,365,176,0
310M300US17460,17460,"Cleveland-Elyria, OH Metro Area",404946,328270,65392,6487,3988,809
310M300US17660,17660,"Coeur d'Alene, ID Metro Area",639,551,18,17,45,8
310M300US17780,17780,"College Station-Bryan, TX Metro Area",27451,19213,5295,2133,693,117
310M300US17820,17820,"Colorado Springs, CO Metro Area",41106,28675,6863,868,3211,1489
310M300US17860,17860,"Columbia, MO Metro Area",14660,10676,2186,990,638,170
310M300US17900,17900,"Columbia, SC Metro Area",265958,218025,26251,12656,8322,704
310M300US17980,17980,"Columbus, GA-AL Metro Area",124248,98271,15980,3629,5996,372
310M300US18020,18020,"Columbus, IN Metro Area",1542,1175,146,105,97,19
310M300US18140,18140,"Columbus, OH Metro Area",300619,237795,46887,9011,4744,2182
310M300US18580,18580,"Corpus Christi, TX Metro Area",15027,11361,2185,963,448,70
310M300US18700,18700,"Corvallis, OR Metro Area",881,591,145,80,65,0
310M300US18880,18880,"Crestview-Fort Walton Beach-Destin, FL Metro Area",22143,17069,2140,1428,1367,139
310M300US19060,19060,"Cumberland, MD-WV Metro Area",6798,4882,494,1101,310,11
310M300US19100,19100,"Dallas-Fort Worth-Arlington, TX Metro Area",1079278,858691,142145,43613,27778,7051
310M300US19140,19140,"Dalton, GA Metro Area",4411,3752,443,169,39,8
310M300US19180,19180,"Danville, IL Metro Area",10912,8856,1423,465,168,0
310M300US19300,19300,"Daphne-Fairhope-Foley, AL Metro Area",19141,17277,798,618,348,100
310M300US19340,19340,"Davenport-Moline-Rock Island, IA-IL Metro Area",28470,23554,3188,920,725,83
310M300US19380,19380,"Dayton, OH Metro Area",121687,93738,20224,4633,2555,537
310M300US19460,19460,"Decatur, AL Metro Area",18507,14652,2692,990,161,12
310M300US19500,19500,"Decatur, IL Metro Area",14807,10927,3194,571,115,0
310M300US19660,19660,"Deltona-Daytona Beach-Ormond Beach, FL Metro Area",65303,54888,5015,3336,1899,165
310M300US19740,19740,"Denver-Aurora-Lakewood, CO Metro Area",154459,119988,15968,11411,5633,1459
310M300US19780,19780,"Des Moines-West Des Moines, IA Metro Area",31134,21831,5539,1599,1970,195
310M300US19820,19820,"Detroit-Warren-Dearborn, MI Metro Area",946975,783895,119547,33205,8826,1502
310M300US20020,20020,"Dothan, AL Metro Area",34626,29772,3260,992,506,96
310M300US20100,20100,"Dover, DE Metro Area",42507,35189,3759,1094,2307,158
310M300US20220,20220,"Dubuque, IA Metro Area",2692,1348,647,85,576,36
310M300US20260,20260,"Duluth, MN-WI Metro Area",4217,2824,532,513,334,14
310M300US20500,20500,"Durham-Chapel Hill, NC Metro Area",146034,116984,18001,7282,3115,652
310M300US20700,20700,"East Stroudsburg, PA Metro Area",23464,20339,1452,514,1012,147
310M300US20740,20740,"Eau Claire, WI Metro Area",1686,987,270,320,85,24
310M300US20940,20940,"El Centro, CA Metro Area",4785,4157,319,273,28,8
310M300US21060,21060,"Elizabethtown-Fort Knox, KY Metro Area",13755,10156,1581,789,1019,210
310M300US21140,21140,"Elkhart-Goshen, IN Metro Area",10947,8821,1439,617,70,0
310M300US21300,21300,"Elmira, NY Metro Area",5206,3846,734,617,9,0
310M300US21340,21340,"El Paso, TX Metro Area",28446,20334,3529,847,2547,1189
310M300US21420,21420,"Enid, OK Metro Area",1969,1557,203,30,168,11
310M300US21500,21500,"Erie, PA Metro Area",19613,15624,2936,543,377,133
310M300US21660,21660,"Eugene, OR Metro Area",4100,2710,946,111,296,37
310M300US21780,21780,"Evansville, IN-KY Metro Area",21040,16886,3041,581,416,116
310M300US21820,21820,"Fairbanks, AK Metro Area",4209,2653,764,82,626,84
310M300US22020,22020,"Fargo, ND-MN Metro Area",8798,5839,1012,110,1612,225
310M300US22140,22140,"Farmington, NM Metro Area",700,650,0,0,30,20
310M300US22180,22180,"Fayetteville, NC Metro Area",137271,111406,15620,4042,5265,938
310M300US22220,22220,"Fayetteville-Springdale-Rogers, AR-MO Metro Area",12294,7812,2076,1057,1150,199
310M300US22380,22380,"Flagstaff, AZ Metro Area",1966,940,355,282,389,0
310M300US22420,22420,"Flint, MI Metro Area",81072,66188,12039,1437,1268,140
310M300US22500,22500,"Florence, SC Metro Area",85103,72790,8304,3152,810,47
310M300US22520,22520,"Florence-Muscle Shoals, AL Metro Area",17973,14884,1761,799,459,70
310M300US22540,22540,"Fond du Lac, WI Metro Area",1226,597,337,191,81,20
310M300US22660,22660,"Fort Collins, CO Metro Area",2986,2089,450,253,188,6
310M300US22900,22900,"Fort Smith, AR-OK Metro Area",11012,8525,1598,458,385,46
310M300US23060,23060,"Fort Wayne, IN Metro Area",41816,32360,7979,638,774,65
310M300US23420,23420,"Fresno, CA Metro Area",47112,37157,7544,1800,495,116
310M300US23460,23460,"Gadsden, AL Metro Area",15943,12926,2108,604,247,58
310M300US23540,23540,"Gainesville, FL Metro Area",52772,42916,6581,2479,552,244
310M300US23580,23580,"Gainesville, GA Metro Area",14102,11419,1339,847,371,126
310M300US23900,23900,"Gettysburg, PA Metro Area",1457,1289,70,60,38,0
310M300US24020,24020,"Glens Falls, NY Metro Area",2849,1628,208,989,24,0
310M300US24140,24140,"Goldsboro, NC Metro Area",37383,29661,5292,1790,512,128
310M300US24220,24220,"Grand Forks, ND-MN Metro Area",2891,1882,345,53,577,34
310M300US24260,24260,"Grand Island, NE Metro Area",1473,772,320,126,161,94
310M300US24300,24300,"Grand Junction, CO Metro Area",1094,757,148,75,114,0
310M300US24340,24340,"Grand Rapids-Wyoming, MI Metro Area",66330,50046,11508,2990,1127,659
310M300US24420,24420,"Grants Pass, OR Metro Area",334,165,97,3,69,0
310M300US24500,24500,"Great Falls, MT Metro Area",1082,750,117,73,47,95
310M300US24540,24540,"Greeley, CO Metro Area",3152,2146,427,356,214,9
310M300US24580,24580,"Green Bay, WI Metro Area",6044,3913,1103,202,808,18
310M300US24660,24660,"Greensboro-High Point, NC Metro Area",197713,165879,20164,7551,3255,864
310M300US24780,24780,"Greenville, NC Metro Area",60253,46823,8742,3208,1321,159
310M300US24860,24860,"Greenville-Anderson-Mauldin, SC Metro Area",143369,119215,16384,4910,2477,383
310M300US25060,25060,"Gulfport-Biloxi-Pascagoula, MS Metro Area",82812,66676,9352,3522,3153,109
310M300US25180,25180,"Hagerstown-Martinsburg, MD-WV Metro Area",23697,17637,2881,1812,1197,170
310M300US25220,25220,"Hammond, LA Metro Area",37355,31004,4381,1462,479,29
310M300US25260,25260,"Hanford-Corcoran, CA Metro Area",9541,7355,606,1134,389,57
310M300US25420,25420,"Harrisburg-Carlisle, PA Metro Area",59671,44547,8841,3963,1965,355
310M300US25500,25500,"Harrisonburg, VA Metro Area",5638,4015,586,518,442,77
310M300US25540,25540,"Hartford-West Hartford-East Hartford, CT Metro Area",133556,113011,13143,3559,2954,889
310M300US25620,25620,"Hattiesburg, MS Metro Area",41957,33030,4796,3375,741,15
310M300US25860,25860,"Hickory-Lenoir-Morganton, NC Metro Area",23948,19939,1911,1600,416,82
310M300US25940,25940,"Hilton Head Island-Bluffton-Beaufort, SC Metro Area",44660,37343,4094,1364,1780,79
310M300US25980,25980,"Hinesville, GA Metro Area",29227,21049,4122,1692,1830,534
310M300US26140,26140,"Homosassa Springs, FL Metro Area",4132,3531,180,321,70,30
310M300US26300,26300,"Hot Springs, AR Metro Area",7896,5526,1489,609,260,12
310M300US26380,26380,"Houma-Thibodaux, LA Metro Area",34125,30099,2623,1052,282,69
310M300US26420,26420,"Houston-The Woodlands-Sugar Land, TX Metro Area",1127401,908072,150167,36235,24216,8711
310M300US26580,26580,"Huntington-Ashland, WV-KY-OH Metro Area",8303,6306,991,379,601,26
310M300US26620,26620,"Huntsville, AL Metro Area",96158,77035,12635,3242,2808,438
310M300US26820,26820,"Idaho Falls, ID Metro Area",630,469,102,2,47,10
310M300US26900,26900,"Indianapolis-Carmel-Anderson, IN Metro Area",292925,236938,41080,7101,6204,1602
310M300US26980,26980,"Iowa City, IA Metro Area",9292,5973,1652,575,633,459
310M300US27060,27060,"Ithaca, NY Metro Area",4126,2921,286,388,430,101
310M300US27100,27100,"Jackson, MI Metro Area",12856,9667,1702,1377,55,55
310M300US27140,27140,"Jackson, MS Metro Area",281059,236569,28928,11361,3761,440
310M300US27180,27180,"Jackson, TN Metro Area",39401,34345,3286,1038,695,37
310M300US27260,27260,"Jacksonville, FL Metro Area",306929,239563,50207,8258,7685,1216
310M300US27340,27340,"Jacksonville, NC Metro Area",27426,19142,4039,1061,2881,303
310M300US27500,27500,"Janesville-Beloit, WI Metro Area",7040,5419,1316,60,203,42
310M300US27620,27620,"Jefferson City, MO Metro Area",11455,8116,1408,1639,277,15
310M300US27740,27740,"Johnson City, TN Metro Area",5793,4316,819,327,180,151
310M300US27780,27780,"Johnstown, PA Metro Area",4471,3004,462,594,356,55
310M300US27860,27860,"Jonesboro, AR Metro Area",15029,10253,3504,802,359,111
310M300US27900,27900,"Joplin, MO Metro Area",3079,2357,357,200,139,26
310M300US27980,27980,"Kahului-Wailuku-Lahaina, HI Metro Area",933,672,225,33,3,0
310M300US28020,28020,"Kalamazoo-Portage, MI Metro Area",30400,22567,5322,1218,1114,179
310M300US28100,28100,"Kankakee, IL Metro Area",16639,14442,1440,480,267,10
310M300US28140,28140,"Kansas City, MO-KS Metro Area",256665,206205,34265,6500,8791,904
310M300US28420,28420,"Kennewick-Richland, WA Metro Area",4991,3623,446,708,102,112
310M300US28660,28660,"Killeen-Temple, TX Metro Area",86347,62002,13234,3904,5762,1445
310M300US28700,28700,"Kingsport-Bristol-Bristol, TN-VA Metro Area",5974,4155,836,338,578,67
310M300US28740,28740,"Kingston, NY Metro Area",10265,8004,818,1256,102,85
310M300US28940,28940,"Knoxville, TN Metro Area",48722,38368,6411,2313,1387,243
310M300US29020,29020,"Kokomo, IN Metro Area",5931,4651,834,152,262,32
310M300US29100,29100,"La Crosse-Onalaska, WI-MN Metro Area",1714,1286,165,178,81,4
310M300US29180,29180,"Lafayette, LA Metro Area",118300,97987,14185,4982,975,171
310M300US29200,29200,"Lafayette-West Lafayette, IN Metro Area",8953,6006,1796,546,592,13
310M300US29340,29340,"Lake Charles, LA Metro Area",48674,39382,7188,1161,901,42
310M300US29420,29420,"Lake Havasu City-Kingman, AZ Metro Area",2177,1435,146,174,408,14
310M300US29460,29460,"Lakeland-Winter Haven, FL Metro Area",97945,82756,9914,3044,1855,376
310M300US29540,29540,"Lancaster, PA Metro Area",22478,17971,2941,768,508,290
310M300US29620,29620,"Lansing-East Lansing, MI Metro Area",39908,28028,6022,4324,1343,191
310M300US29700,29700,"Laredo, TX Metro Area",1083,881,34,23,123,22
310M300US29740,29740,"Las Cruces, NM Metro Area",3786,2938,422,147,261,18
310M300US29820,29820,"Las Vegas-Henderson-Paradise, NV Metro Area",234176,171730,46338,358,14752,998
310M300US29940,29940,"Lawrence, KS Metro Area",4705,3525,398,528,234,20
310M300US30020,30020,"Lawton, OK Metro Area",21031,13230,3960,1175,2342,324
310M300US30140,30140,"Lebanon, PA Metro Area",2981,2521,320,82,25,33
310M300US30300,30300,"Lewiston, ID-WA Metro Area",261,178,15,15,53,0
310M300US30340,30340,"Lewiston-Auburn, ME Metro Area",1900,1100,451,32,211,106
310M300US30460,30460,"Lexington-Fayette, KY Metro Area",54069,39365,10420,2136,1584,564
310M300US30620,30620,"Lima, OH Metro Area",12125,9688,1971,311,148,7
310M300US30700,30700,"Lincoln, NE Metro Area",12346,8257,2670,732,563,124
310M300US30780,30780,"Little Rock-North Little Rock-Conway, AR Metro Area",165695,134293,24508,4183,2543,168
310M300US30860,30860,"Logan, UT-ID Metro Area",945,598,240,66,39,2
310M300US30980,30980,"Longview, TX Metro Area",37386,28057,5482,3454,359,34
310M300US31020,31020,"Longview, WA Metro Area",809,650,138,6,5,10
310M300US31080,31080,"Los Angeles-Long Beach-Anaheim, CA Metro Area",872897,752446,92714,12999,11660,3078
310M300US31140,31140,"Louisville/Jefferson County, KY-IN Metro Area",178290,147596,24708,2926,2690,370
310M300US31180,31180,"Lubbock, TX Metro Area",21644,14307,4259,2404,487,187
310M300US31340,31340,"Lynchburg, VA Metro Area",43519,37478,3476,1669,775,121
310M300US31420,31420,"Macon-Bibb County, GA Metro Area",101337,83576,12251,4781,609,120
310M300US31460,31460,"Madera, CA Metro Area",4917,4232,141,536,0,8
310M300US31540,31540,"Madison, WI Metro Area",27367,20416,4400,918,1416,217
310M300US31700,31700,"Manchester-Nashua, NH Metro Area",10100,7229,1690,90,893,198
310M300US31740,31740,"Manhattan, KS Metro Area",4896,3398,350,535,437,176
310M300US31860,31860,"Mankato-North Mankato, MN Metro Area",3127,2266,195,431,196,39
310M300US31900,31900,"Mansfield, OH Metro Area",9416,7159,1074,1096,87,0
310M300US32580,32580,"McAllen-Edinburg-Mission, TX Metro Area",4738,3483,343,830,72,10
310M300US32780,32780,"Medford, OR Metro Area",1356,984,212,30,119,11
310M300US32820,32820,"Memphis, TN-MS-AR Metro Area",618180,512347,82609,7920,14294,1010
310M300US32900,32900,"Merced, CA Metro Area",8576,6137,1224,1172,43,0
310M300US33100,33100,"Miami-Fort Lauderdale-West Palm Beach, FL Metro Area",1268935,1074623,141816,24361,14859,13276
310M300US33140,33140,"Michigan City-La Porte, IN Metro Area",12091,8858,1620,1282,318,13
310M300US33220,33220,"Midland, MI Metro Area",1220,776,290,39,115,0
310M300US33260,33260,"Midland, TX Metro Area",9845,7399,1568,509,273,96
310M300US33340,33340,"Milwaukee-Waukesha-West Allis, WI Metro Area",257574,200874,49528,2719,3965,488
310M300US33460,33460,"Minneapolis-St. Paul-Bloomington, MN-WI Metro Area",278110,216748,34216,14763,8618,3765
310M300US33540,33540,"Missoula, MT Metro Area",435,301,106,16,8,4
310M300US33660,33660,"Mobile, AL Metro Area",144471,125132,16259,1033,1876,171
310M300US33700,33700,"Modesto, CA Metro Area",14999,12298,1737,719,215,30
310M300US33740,33740,"Monroe, LA Metro Area",63177,54513,5717,2494,381,72
310M300US33780,33780,"Monroe, MI Metro Area",3361,2475,516,187,152,31
310M300US33860,33860,"Montgomery, AL Metro Area",163713,126435,25715,7607,3605,351
310M300US34060,34060,"Morgantown, WV Metro Area",5332,3791,547,258,564,172
310M300US34100,34100,"Morristown, TN Metro Area",3444,2585,553,131,175,0
310M300US34580,34580,"Mount Vernon-Anacortes, WA Metro Area",998,702,98,107,81,10
310M300US34620,34620,"Muncie, IN Metro Area",8321,5566,1793,747,215,0
310M300US34740,34740,"Muskegon, MI Metro Area",23177,16891,4420,1230,521,115
310M300US34820,34820,"Myrtle Beach-Conway-North Myrtle Beach, SC-NC Metro Area",54753,45198,6433,1429,1515,178
310M300US34900,34900,"Napa, CA Metro Area",2982,2433,228,250,66,5
310M300US34940,34940,"Naples-Immokalee-Marco Island, FL Metro Area",24845,20667,2685,956,270,267
310M300US34980,34980,"Nashville-Davidson--Murfreesboro--Franklin, TN Metro Area",275001,225750,32799,9005,6535,912
310M300US35100,35100,"New Bern, NC Metro Area",27218,22566,2045,1797,758,52
310M300US35300,35300,"New Haven-Milford, CT Metro Area",111276,94052,12200,2437,1997,590
310M300US35380,35380,"New Orleans-Metairie, LA Metro Area",435999,380680,33816,14636,6109,758
310M300US35620,35620,"New York-Newark-Jersey City, NY-NJ-PA Metro Area",3419436,3115683,178652,75394,31369,18338
310M300US35660,35660,"Niles-Benton Harbor, MI Metro Area",22409,17342,3419,534,992,122
310M300US35840,35840,"North Port-Sarasota-Bradenton, FL Metro Area",49731,40125,5691,2464,1361,90
310M300US35980,35980,"Norwich-New London, CT Metro Area",15375,12375,1531,574,771,124
310M300US36100,36100,"Ocala, FL Metro Area",43753,37034,4127,1867,620,105
310M300US36140,36140,"Ocean City, NJ Metro Area",4242,3771,201,166,96,8
310M300US36220,36220,"Odessa, TX Metro Area",6762,4646,782,1104,144,86
310M300US36260,36260,"Ogden-Clearfield, UT Metro Area",7202,5876,680,288,296,62
310M300US36420,36420,"Oklahoma City, OK Metro Area",136455,103376,22069,5720,4731,559
310M300US36500,36500,"Olympia-Tumwater, WA Metro Area",8011,5979,1008,484,343,197
310M300US36540,36540,"Omaha-Council Bluffs, NE-IA Metro Area",68602,54449,10014,1734,1862,543
310M300US36740,36740,"Orlando-Kissimmee-Sanford, FL Metro Area",385647,312230,41859,17721,10105,3732
310M300US36780,36780,"Oshkosh-Neenah, WI Metro Area",3574,2198,595,647,134,0
310M300US36980,36980,"Owensboro, KY Metro Area",4595,3141,1014,252,99,89
310M300US37100,37100,"Oxnard-Thousand Oaks-Ventura, CA Metro Area",14704,11557,1747,855,470,75
310M300US37340,37340,"Palm Bay-Melbourne-Titusville, FL Metro Area",57024,48889,4628,1626,1582,299
310M300US37460,37460,"Panama City, FL Metro Area",22296,16678,3283,1055,1087,193
310M300US37620,37620,"Parkersburg-Vienna, WV Metro Area",1048,859,104,36,45,4
310M300US37860,37860,"Pensacola-Ferry Pass-Brent, FL Metro Area",76174,62871,7569,2870,2638,226
310M300US37900,37900,"Peoria, IL Metro Area",33824,27293,4951,973,543,64
310M300US37980,37980,"Philadelphia-Camden-Wilmington, PA-NJ-DE-MD Metro Area",1255186,1092802,108137,27643,21253,5351
310M300US38060,38060,"Phoenix-Mesa-Scottsdale, AZ Metro Area",237153,178725,39152,3969,13611,1696
310M300US38220,38220,"Pine Bluff, AR Metro Area",45010,39403,3605,1443,468,91
310M300US38300,38300,"Pittsburgh, PA Metro Area",188716,153524,25760,4539,3966,927
310M300US38340,38340,"Pittsfield, MA Metro Area",3471,2663,388,128,199,93
310M300US38540,38540,"Pocatello, ID Metro Area",533,291,96,71,30,45
310M300US38860,38860,"Portland-South Portland, ME Metro Area",10063,7700,948,203,540,672
310M300US38900,38900,"Portland-Vancouver-Hillsboro, OR-WA Metro Area",67197,52154,8844,2312,2745,1142
310M300US38940,38940,"Port St. Lucie, FL Metro Area",66660,55888,5877,3450,698,747
310M300US39140,39140,"Prescott, AZ Metro Area",1169,724,198,149,87,11
310M300US39300,39300,"Providence-Warwick, RI-MA Metro Area",88297,72552,9417,2582,2934,812
310M300US39340,39340,"Provo-Orem, UT Metro Area",3360,2408,327,281,209,135
310M300US39380,39380,"Pueblo, CO Metro Area",3604,3025,356,107,110,6
310M300US39460,39460,"Punta Gorda, FL Metro Area",9810,8392,465,604,175,174
310M300US39540,39540,"Racine, WI Metro Area",21194,16352,3428,988,418,8
310M300US39580,39580,"Raleigh, NC Metro Area",251033,204010,29754,11181,5057,1031
310M300US39660,39660,"Rapid City, SD Metro Area",1773,1073,112,190,304,94
310M300US39740,39740,"Reading, PA Metro Area",20791,16244,2977,1045,445,80
310M300US39820,39820,"Redding, CA Metro Area",1983,1537,233,112,101,0
310M300US39900,39900,"Reno, NV Metro Area",10090,6993,1658,330,1034,75
310M300US40060,40060,"Richmond, VA Metro Area",374362,309686,32618,24369,6500,1189
310M300US40140,40140,"Riverside-San Bernardino-Ontario, CA Metro Area",323830,264311,36128,17211,5052,1128
310M300US40220,40220,"Roanoke, VA Metro Area",40482,31383,5204,2655,1138,102
310M300US40340,40340,"Rochester, MN Metro Area",8598,7014,930,243,236,175
310M300US40380,40380,"Rochester, NY Metro Area",122372,96457,19886,2947,2153,929
310M300US40420,40420,"Rockford, IL Metro Area",36862,27099,6919,1591,945,308
310M300US40580,40580,"Rocky Mount, NC Metro Area",67002,57315,4526,4385,675,101
310M300US40660,40660,"Rome, GA Metro Area",13744,10724,1622,1146,236,16
310M300US40900,40900,"Sacramento--Roseville--Arden-Arcade, CA Metro Area",158429,123879,23916,7398,2785,451
310M300US40980,40980,"Saginaw, MI Metro Area",35347,28329,5476,1172,295,75
310M300US41060,41060,"St. Cloud, MN Metro Area",8768,5497,1360,597,808,506
310M300US41100,41100,"St. George, UT Metro Area",1066,927,90,15,22,12
310M300US41140,41140,"St. Joseph, MO-KS Metro Area",6772,4699,844,1028,198,3
310M300US41180,41180,"St. Louis, MO-IL Metro Area",506917,416512,59402,19165,10607,1231
310M300US41420,41420,"Salem, OR Metro Area",4558,3130,569,427,281,151
310M300US41500,41500,"Salinas, CA Metro Area",11057,8739,619,1343,274,82
310M300US41540,41540,"Salisbury, MD-DE Metro Area",69080,57036,6167,3325,2288,264
310M300US41620,41620,"Salt Lake City, UT Metro Area",18998,14012,3069,423,944,550
310M300US41660,41660,"San Angelo, TX Metro Area",5035,3204,906,441,484,0
310M300US41700,41700,"San Antonio-New Braunfels, TX Metro Area",157232,124029,21319,5331,5406,1147
310M300US41740,41740,"San Diego-Carlsbad, CA Metro Area",162594,132066,20394,2505,6001,1628
310M300US41860,41860,"San Francisco-Oakland-Hayward, CA Metro Area",343652,293756,30658,12327,4837,2074
310M300US41940,41940,"San Jose-Sunnyvale-Santa Clara, CA Metro Area",48410,38092,6582,1974,1349,413
310M300US42020,42020,"San Luis Obispo-Paso Robles-Arroyo Grande, CA Metro Area",5339,3683,493,981,77,105
310M300US42100,42100,"Santa Cruz-Watsonville, CA Metro Area",2402,1736,363,232,50,21
310M300US42140,42140,"Santa Fe, NM Metro Area",1102,879,50,71,88,14
310M300US42200,42200,"Santa Maria-Santa Barbara, CA Metro Area",8267,6271,1036,541,350,69
310M300US42220,42220,"Santa Rosa, CA Metro Area",7807,6192,916,265,194,240
310M300US42340,42340,"Savannah, GA Metro Area",124610,97703,18665,4496,3477,269
310M300US42540,42540,"Scranton--Wilkes-Barre--Hazleton, PA Metro Area",19475,13027,3533,1260,1482,173
310M300US42660,42660,"Seattle-Tacoma-Bellevue, WA Metro Area",205544,160551,27880,5965,7962,3186
310M300US42680,42680,"Sebastian-Vero Beach, FL Metro Area",13202,11412,777,883,108,22
310M300US42700,42700,"Sebring, FL Metro Area",9346,7501,1171,372,151,151
310M300US43100,43100,"Sheboygan, WI Metro Area",1880,1337,295,201,43,4
310M300US43300,43300,"Sherman-Denison, TX Metro Area",6911,5386,863,240,422,0
310M300US43340,43340,"Shreveport-Bossier City, LA Metro Area",170838,146970,17162,4607,1801,298
310M300US43420,43420,"Sierra Vista-Douglas, AZ Metro Area",4686,3408,342,493,394,49
310M300US43580,43580,"Sioux City, IA-NE-SD Metro Area",4378,3565,610,99,85,19
310M300US43620,43620,"Sioux Falls, SD Metro Area",9210,6016,1716,261,658,559
310M300US43780,43780,"South Bend-Mishawaka, IN-MI Metro Area",36493,30074,4369,816,1183,51
310M300US43900,43900,"Spartanburg, SC Metro Area",68846,55848,9272,2617,1054,55
310M300US44060,44060,"Spokane-Spokane Valley, WA Metro Area",8430,6131,1112,327,634,226
310M300US44100,44100,"Springfield, IL Metro Area",24985,17711,4645,1577,979,73
310M300US44140,44140,"Springfield, MA Metro Area",45213,37022,5641,1001,1000,549
310M300US44180,44180,"Springfield, MO Metro Area",10350,7113,1738,943,470,86
310M300US44220,44220,"Springfield, OH Metro Area",10936,8484,1786,463,158,45
310M300US44300,44300,"State College, PA Metro Area",6352,4176,712,801,306,357
310M300US44420,44420,"Staunton-Waynesboro, VA Metro Area",8588,6782,271,1108,216,211
310M300US44700,44700,"Stockton-Lodi, CA Metro Area",49747,39244,6013,3725,676,89
310M300US44940,44940,"Sumter, SC Metro Area",49801,42261,5299,1214,867,160
310M300US45060,45060,"Syracuse, NY Metro Area",54365,42410,7998,2027,1309,621
310M300US45220,45220,"Tallahassee, FL Metro Area",123008,93919,16850,9713,2040,486
310M300US45300,45300,"Tampa-St. Petersburg-Clearwater, FL Metro Area",353200,285632,48495,9863,7108,2102
310M300US45460,45460,"Terre Haute, IN Metro Area",7525,5075,1174,911,298,67
310M300US45500,45500,"Texarkana, TX-AR Metro Area",35747,28942,2975,1389,2413,28
310M300US45540,45540,"The Villages, FL Metro Area",8750,6806,714,853,301,76
310M300US45780,45780,"Toledo, OH Metro Area",84911,63728,16707,2498,1755,223
310M300US45820,45820,"Topeka, KS Metro Area",14291,10480,2513,568,690,40
310M300US45940,45940,"Trenton, NJ Metro Area",75537,63528,8143,2515,991,360
310M300US46060,46060,"Tucson, AZ Metro Area",34419,22824,7371,1223,2278,723
310M300US46140,46140,"Tulsa, OK Metro Area",76681,59785,11895,2401,2300,300
310M300US46220,46220,"Tuscaloosa, AL Metro Area",79894,68237,7481,2224,1844,108
310M300US46340,46340,"Tyler, TX Metro Area",38627,31541,4275,1903,791,117
310M300US46520,46520,"Urban Honolulu, HI Metro Area",22938,15228,3333,194,3667,516
310M300US46540,46540,"Utica-Rome, NY Metro Area",15108,10556,2629,1405,412,106
310M300US46660,46660,"Valdosta, GA Metro Area",48856,38963,6386,1914,1541,52
310M300US46700,46700,"Vallejo-Fairfield, CA Metro Area",61074,50130,6220,3562,1004,158
310M300US47020,47020,"Victoria, TX Metro Area",6090,4907,810,365,8,0
310M300US47220,47220,"Vineland-Bridgeton, NJ Metro Area",29438,24481,2572,2043,239,103
310M300US47260,47260,"Virginia Beach-Norfolk-Newport News, VA-NC Metro Area",519160,414405,52198,34409,15997,2151
310M300US47300,47300,"Visalia-Porterville, CA Metro Area",7042,5831,999,151,61,0
310M300US47380,47380,"Waco, TX Metro Area",39366,31751,5776,1506,282,51
310M300US47460,47460,"Walla Walla, WA Metro Area",927,631,19,246,31,0
310M300US47580,47580,"Warner Robins, GA Metro Area",60173,48114,7063,3664,1256,76
310M300US47900,47900,"Washington-Arlington-Alexandria, DC-VA-MD-WV Metro Area",1529830,1294757,132583,33330,55431,13729
310M300US47940,47940,"Waterloo-Cedar Falls, IA Metro Area",11831,9159,1871,329,347,125
310M300US48060,48060,"Watertown-Fort Drum, NY Metro Area",6631,3555,902,589,1039,546
310M300US48140,48140,"Wausau, WI Metro Area",931,786,107,36,2,0
310M300US48260,48260,"Weirton-Steubenville, WV-OH Metro Area",4838,3890,563,168,212,5
310M300US48300,48300,"Wenatchee, WA Metro Area",493,347,78,44,24,0
310M300US48540,48540,"Wheeling, WV-OH Metro Area",4831,3613,297,656,235,30
310M300US48620,48620,"Wichita, KS Metro Area",47772,37908,6805,787,1603,669
310M300US48660,48660,"Wichita Falls, TX Metro Area",13624,9970,1701,962,833,158
310M300US48700,48700,"Williamsport, PA Metro Area",5667,4303,857,248,259,0
310M300US48900,48900,"Wilmington, NC Metro Area",39951,34075,3415,1866,540,55
310M300US49020,49020,"Winchester, VA-WV Metro Area",6292,5250,300,511,202,29
310M300US49180,49180,"Winston-Salem, NC Metro Area",115306,93963,14166,5283,1674,220
310M300US49340,49340,"Worcester, MA-CT Metro Area",41426,34852,3708,1220,917,729
310M300US49420,49420,"Yakima, WA Metro Area",2385,1879,304,121,26,55
310M300US49620,49620,"York-Hanover, PA Metro Area",24706,18732,3908,796,1145,125
310M300US49660,49660,"Youngstown-Warren-Boardman, OH-PA Metro Area",57828,47299,6366,2893,1199,71
310M300US49700,49700,"Yuba City, CA Metro Area",4434,3485,420,269,214,46
310M300US49740,49740,"Yuma, AZ Metro Area",4157,2862,680,131,356,128
