GEO.id,GEO.id2,GEO.display-label,HD01_VD01,HD01_VD02,HD01_VD03,HD01_VD04,HD01_VD05,HD01_VD06
Id,Id2,Geography,Estimate; Total:,Estimate; Total: - Same house 1 year ago,Estimate; Total: - Moved within same county,Estimate; Total: - Moved from different county within same state,Estimate; Total: - Moved from different state,Estimate; Total: - Moved from abroad
310M300US10180,10180,"Abilene, TX Metro Area",2756,2275,209,94,84,94
310M300US10420,10420,"Akron, OH Metro Area",18997,15123,1351,750,583,1190
310M300US10500,10500,"Albany, GA Metro Area",1601,1288,57,78,151,27
310M300US10540,10540,"Albany, OR Metro Area",1484,1030,166,275,0,13
310M300US10580,10580,"Albany-Schenectady-Troy, NY Metro Area",37186,29430,2346,1678,1405,2327
310M300US10740,10740,"Albuquerque, NM Metro Area",19286,16138,1638,144,862,504
310M300US10780,10780,"Alexandria, LA Metro Area",2073,1937,89,24,23,0
310M300US10900,10900,"Allentown-Bethlehem-Easton, PA-NJ Metro Area",23506,20145,1172,522,979,688
310M300US11020,11020,"Altoona, PA Metro Area",862,756,9,25,41,31
310M300US11100,11100,"Amarillo, TX Metro Area",8244,6539,621,230,348,506
310M300US11180,11180,"Ames, IA Metro Area",6962,3559,1883,195,257,1068
310M300US11260,11260,"Anchorage, AK Metro Area",28741,23646,3220,393,709,773
310M300US11460,11460,"Ann Arbor, MI Metro Area",31295,20360,4349,1634,1739,3213
310M300US11500,11500,"Anniston-Oxford-Jacksonville, AL Metro Area",1149,918,41,81,102,7
310M300US11540,11540,"Appleton, WI Metro Area",7169,5730,364,530,425,120
310M300US11700,11700,"Asheville, NC Metro Area",4799,3986,349,190,243,31
310M300US12020,12020,"Athens-Clarke County, GA Metro Area",7099,4968,551,1047,137,396
310M300US12060,12060,"Atlanta-Sandy Springs-Roswell, GA Metro Area",316231,256848,21494,13016,12121,12752
310M300US12100,12100,"Atlantic City-Hammonton, NJ Metro Area",22834,20657,1287,137,254,499
310M300US12220,12220,"Auburn-Opelika, AL Metro Area",5823,4009,730,315,164,605
310M300US12260,12260,"Augusta-Richmond County, GA-SC Metro Area",11277,9187,697,621,401,371
310M300US12420,12420,"Austin-Round Rock, TX Metro Area",108661,82836,11057,4930,5335,4503
310M300US12540,12540,"Bakersfield, CA Metro Area",40917,34537,3912,994,437,1037
310M300US12580,12580,"Baltimore-Columbia-Towson, MD Metro Area",147908,121406,10279,6054,5729,4440
310M300US12620,12620,"Bangor, ME Metro Area",1621,1344,125,26,79,47
310M300US12700,12700,"Barnstable Town, MA Metro Area",3117,2934,73,38,57,15
310M300US12940,12940,"Baton Rouge, LA Metro Area",16976,14304,1230,214,703,525
310M300US12980,12980,"Battle Creek, MI Metro Area",2797,2070,347,144,38,198
310M300US13020,13020,"Bay City, MI Metro Area",597,536,16,19,12,14
310M300US13140,13140,"Beaumont-Port Arthur, TX Metro Area",10428,8873,728,251,364,212
310M300US13220,13220,"Beckley, WV Metro Area",861,842,0,0,0,19
310M300US13380,13380,"Bellingham, WA Metro Area",8560,6765,964,330,247,254
310M300US13460,13460,"Bend-Redmond, OR Metro Area",2051,1430,234,152,163,72
310M300US13740,13740,"Billings, MT Metro Area",974,790,9,0,156,19
310M300US13780,13780,"Binghamton, NY Metro Area",8684,6014,1011,685,404,570
310M300US13820,13820,"Birmingham-Hoover, AL Metro Area",15266,12346,1014,567,793,546
310M300US13900,13900,"Bismarck, ND Metro Area",743,487,120,0,61,75
310M300US13980,13980,"Blacksburg-Christiansburg-Radford, VA Metro Area",6864,4103,942,796,344,679
310M300US14010,14010,"Bloomington, IL Metro Area",8699,6646,760,666,111,516
310M300US14020,14020,"Bloomington, IN Metro Area",9169,4195,2168,638,917,1251
310M300US14100,14100,"Bloomsburg-Berwick, PA Metro Area",1315,865,155,151,74,70
310M300US14260,14260,"Boise City, ID Metro Area",13106,10258,1670,219,620,339
310M300US14460,14460,"Boston-Cambridge-Newton, MA-NH Metro Area",355611,283697,29273,12923,13208,16510
310M300US14500,14500,"Boulder, CO Metro Area",14176,10767,966,515,893,1035
310M300US14540,14540,"Bowling Green, KY Metro Area",4135,3064,290,160,468,153
310M300US14740,14740,"Bremerton-Silverdale, WA Metro Area",12387,10023,686,374,791,513
310M300US14860,14860,"Bridgeport-Stamford-Norwalk, CT Metro Area",48305,39479,3728,462,2281,2355
310M300US15180,15180,"Brownsville-Harlingen, TX Metro Area",2817,2403,88,250,0,76
310M300US15260,15260,"Brunswick, GA Metro Area",1203,1116,86,0,0,1
310M300US15380,15380,"Buffalo-Cheektowaga-Niagara Falls, NY Metro Area",33703,25305,3560,1308,599,2931
310M300US15500,15500,"Burlington, NC Metro Area",2370,1800,19,305,86,160
310M300US15540,15540,"Burlington-South Burlington, VT Metro Area",6275,4582,752,132,220,589
310M300US15680,15680,"California-Lexington Park, MD Metro Area",3073,2653,109,83,114,114
310M300US15940,15940,"Canton-Massillon, OH Metro Area",3160,2696,127,127,64,146
310M300US15980,15980,"Cape Coral-Fort Myers, FL Metro Area",10760,9539,523,336,301,61
310M300US16020,16020,"Cape Girardeau, MO-IL Metro Area",1165,764,136,5,23,237
310M300US16060,16060,"Carbondale-Marion, IL Metro Area",2667,1708,438,92,292,137
310M300US16180,16180,"Carson City, NV Metro Area",1307,903,145,51,188,20
310M300US16220,16220,"Casper, WY Metro Area",652,505,40,3,10,94
310M300US16300,16300,"Cedar Rapids, IA Metro Area",4963,3956,319,215,100,373
310M300US16540,16540,"Chambersburg-Waynesboro, PA Metro Area",1526,1402,0,56,68,0
310M300US16580,16580,"Champaign-Urbana, IL Metro Area",21400,12229,3804,1592,1565,2210
310M300US16620,16620,"Charleston, WV Metro Area",2016,1738,77,32,93,76
310M300US16700,16700,"Charleston-North Charleston, SC Metro Area",12720,10517,493,359,845,506
310M300US16740,16740,"Charlotte-Concord-Gastonia, NC-SC Metro Area",81444,63277,7890,2479,4534,3264
310M300US16820,16820,"Charlottesville, VA Metro Area",9000,6121,766,1044,506,563
310M300US16860,16860,"Chattanooga, TN-GA Metro Area",8838,7222,994,135,267,220
310M300US16940,16940,"Cheyenne, WY Metro Area",1151,708,244,20,165,14
310M300US16980,16980,"Chicago-Naperville-Elgin, IL-IN-WI Metro Area",599134,498629,51786,13955,15396,19368
310M300US17020,17020,"Chico, CA Metro Area",10105,8151,1088,727,84,55
310M300US17140,17140,"Cincinnati, OH-KY-IN Metro Area",50405,38632,2962,2071,2808,3932
310M300US17300,17300,"Clarksville, TN-KY Metro Area",5182,4136,263,119,423,241
310M300US17420,17420,"Cleveland, TN Metro Area",1195,1032,70,0,39,54
310M300US17460,17460,"Cleveland-Elyria, OH Metro Area",43893,34340,4121,878,2163,2391
310M300US17660,17660,"Coeur d'Alene, ID Metro Area",1070,934,43,23,46,24
310M300US17780,17780,"College Station-Bryan, TX Metro Area",12819,7953,1827,1145,296,1598
310M300US17820,17820,"Colorado Springs, CO Metro Area",18631,14007,2044,444,1349,787
310M300US17860,17860,"Columbia, MO Metro Area",7396,4787,1238,107,445,819
310M300US17900,17900,"Columbia, SC Metro Area",16003,11882,1228,611,1229,1053
310M300US17980,17980,"Columbus, GA-AL Metro Area",5861,4543,316,105,724,173
310M300US18020,18020,"Columbus, IN Metro Area",5004,3546,459,119,247,633
310M300US18140,18140,"Columbus, OH Metro Area",76467,55292,8914,2709,5135,4417
310M300US18580,18580,"Corpus Christi, TX Metro Area",8142,7037,435,309,242,119
310M300US18700,18700,"Corvallis, OR Metro Area",5829,3405,1093,243,216,872
310M300US18880,18880,"Crestview-Fort Walton Beach-Destin, FL Metro Area",6496,5698,377,99,225,97
310M300US19060,19060,"Cumberland, MD-WV Metro Area",695,418,75,57,46,99
310M300US19100,19100,"Dallas-Fort Worth-Arlington, TX Metro Area",442820,358917,34293,15886,16251,17473
310M300US19140,19140,"Dalton, GA Metro Area",1490,1257,106,59,32,36
310M300US19180,19180,"Danville, IL Metro Area",691,581,57,46,7,0
310M300US19300,19300,"Daphne-Fairhope-Foley, AL Metro Area",1405,1311,21,21,32,20
310M300US19340,19340,"Davenport-Moline-Rock Island, IA-IL Metro Area",8027,6237,634,206,376,574
310M300US19380,19380,"Dayton, OH Metro Area",16795,13163,928,271,994,1439
310M300US19460,19460,"Decatur, AL Metro Area",797,725,50,0,22,0
310M300US19500,19500,"Decatur, IL Metro Area",1203,1028,83,64,9,19
310M300US19660,19660,"Deltona-Daytona Beach-Ormond Beach, FL Metro Area",11790,10206,325,304,549,406
310M300US19740,19740,"Denver-Aurora-Lakewood, CO Metro Area",112431,88635,10352,5587,4049,3808
310M300US19780,19780,"Des Moines-West Des Moines, IA Metro Area",23887,18787,2372,777,1220,731
310M300US19820,19820,"Detroit-Warren-Dearborn, MI Metro Area",173029,144476,11425,4410,5191,7527
310M300US20020,20020,"Dothan, AL Metro Area",1000,871,37,33,34,25
310M300US20100,20100,"Dover, DE Metro Area",3481,2944,243,78,135,81
310M300US20220,20220,"Dubuque, IA Metro Area",1209,852,47,9,128,173
310M300US20260,20260,"Duluth, MN-WI Metro Area",2821,1989,385,287,44,116
310M300US20500,20500,"Durham-Chapel Hill, NC Metro Area",25980,17622,2608,1549,1573,2628
310M300US20700,20700,"East Stroudsburg, PA Metro Area",3757,3374,104,44,132,103
310M300US20740,20740,"Eau Claire, WI Metro Area",4399,3388,454,306,148,103
310M300US20940,20940,"El Centro, CA Metro Area",2499,2168,226,55,3,47
310M300US21060,21060,"Elizabethtown-Fort Knox, KY Metro Area",2354,1628,187,259,172,108
310M300US21140,21140,"Elkhart-Goshen, IN Metro Area",2076,1737,73,100,60,106
310M300US21300,21300,"Elmira, NY Metro Area",1351,1100,36,65,103,47
310M300US21340,21340,"El Paso, TX Metro Area",9539,7453,1258,82,485,261
310M300US21420,21420,"Enid, OK Metro Area",487,332,59,0,96,0
310M300US21500,21500,"Erie, PA Metro Area",4401,3051,755,107,155,333
310M300US21660,21660,"Eugene, OR Metro Area",9254,6058,1636,545,481,534
310M300US21780,21780,"Evansville, IN-KY Metro Area",3999,2903,439,138,317,202
310M300US21820,21820,"Fairbanks, AK Metro Area",3071,2073,353,57,263,325
310M300US22020,22020,"Fargo, ND-MN Metro Area",5615,4243,912,86,160,214
310M300US22140,22140,"Farmington, NM Metro Area",759,647,10,14,80,8
310M300US22180,22180,"Fayetteville, NC Metro Area",8998,6714,756,193,837,498
310M300US22220,22220,"Fayetteville-Springdale-Rogers, AR-MO Metro Area",14833,11680,1139,240,816,958
310M300US22380,22380,"Flagstaff, AZ Metro Area",2590,1573,396,175,257,189
310M300US22420,22420,"Flint, MI Metro Area",4267,3774,307,67,62,57
310M300US22500,22500,"Florence, SC Metro Area",2091,1687,145,95,164,0
310M300US22520,22520,"Florence-Muscle Shoals, AL Metro Area",895,830,37,6,0,22
310M300US22540,22540,"Fond du Lac, WI Metro Area",1407,580,136,67,74,550
310M300US22660,22660,"Fort Collins, CO Metro Area",6733,4628,950,418,355,382
310M300US22900,22900,"Fort Smith, AR-OK Metro Area",7099,5734,684,326,245,110
310M300US23060,23060,"Fort Wayne, IN Metro Area",12993,10216,1601,153,663,360
310M300US23420,23420,"Fresno, CA Metro Area",96758,82797,9402,1946,1068,1545
310M300US23460,23460,"Gadsden, AL Metro Area",706,523,49,129,5,0
310M300US23540,23540,"Gainesville, FL Metro Area",15108,9946,2130,1147,547,1338
310M300US23580,23580,"Gainesville, GA Metro Area",3318,3106,72,42,36,62
310M300US23900,23900,"Gettysburg, PA Metro Area",723,591,78,0,33,21
310M300US24020,24020,"Glens Falls, NY Metro Area",963,786,75,50,52,0
310M300US24140,24140,"Goldsboro, NC Metro Area",1479,1149,36,77,140,77
310M300US24220,24220,"Grand Forks, ND-MN Metro Area",2034,1469,64,213,113,175
310M300US24260,24260,"Grand Island, NE Metro Area",785,697,47,27,14,0
310M300US24300,24300,"Grand Junction, CO Metro Area",1067,854,103,35,59,16
310M300US24340,24340,"Grand Rapids-Wyoming, MI Metro Area",26122,20832,3154,637,669,830
310M300US24420,24420,"Grants Pass, OR Metro Area",547,494,34,0,19,0
310M300US24500,24500,"Great Falls, MT Metro Area",734,362,199,0,113,60
310M300US24540,24540,"Greeley, CO Metro Area",3868,3110,122,439,197,0
310M300US24580,24580,"Green Bay, WI Metro Area",8096,6259,956,203,468,210
310M300US24660,24660,"Greensboro-High Point, NC Metro Area",26575,22606,1754,785,873,557
310M300US24780,24780,"Greenville, NC Metro Area",3013,2486,266,121,103,37
310M300US24860,24860,"Greenville-Anderson-Mauldin, SC Metro Area",15009,11071,1251,993,716,978
310M300US25060,25060,"Gulfport-Biloxi-Pascagoula, MS Metro Area",9035,7468,646,221,499,201
310M300US25180,25180,"Hagerstown-Martinsburg, MD-WV Metro Area",3835,3144,269,90,283,49
310M300US25220,25220,"Hammond, LA Metro Area",943,692,114,42,95,0
310M300US25260,25260,"Hanford-Corcoran, CA Metro Area",5679,4439,746,249,40,205
310M300US25420,25420,"Harrisburg-Carlisle, PA Metro Area",20344,15964,1536,848,1182,814
310M300US25500,25500,"Harrisonburg, VA Metro Area",2724,1900,290,314,97,123
310M300US25540,25540,"Hartford-West Hartford-East Hartford, CT Metro Area",56573,43516,4988,2066,3072,2931
310M300US25620,25620,"Hattiesburg, MS Metro Area",1513,972,130,127,105,179
310M300US25860,25860,"Hickory-Lenoir-Morganton, NC Metro Area",10412,8796,901,201,380,134
310M300US25940,25940,"Hilton Head Island-Bluffton-Beaufort, SC Metro Area",2375,1670,304,55,220,126
310M300US25980,25980,"Hinesville, GA Metro Area",1536,1225,150,9,117,35
310M300US26140,26140,"Homosassa Springs, FL Metro Area",2298,2103,129,18,39,9
310M300US26300,26300,"Hot Springs, AR Metro Area",472,328,53,11,80,0
310M300US26380,26380,"Houma-Thibodaux, LA Metro Area",1785,1592,22,74,83,14
310M300US26420,26420,"Houston-The Woodlands-Sugar Land, TX Metro Area",490019,413315,34449,13987,11351,16917
310M300US26580,26580,"Huntington-Ashland, WV-KY-OH Metro Area",2281,1801,135,68,149,128
310M300US26620,26620,"Huntsville, AL Metro Area",10176,7877,955,567,382,395
310M300US26820,26820,"Idaho Falls, ID Metro Area",1036,786,39,77,38,96
310M300US26900,26900,"Indianapolis-Carmel-Anderson, IN Metro Area",56488,46089,3467,1951,2900,2081
310M300US26980,26980,"Iowa City, IA Metro Area",9038,5964,1522,225,465,862
310M300US27060,27060,"Ithaca, NY Metro Area",10703,5826,1965,312,859,1741
310M300US27100,27100,"Jackson, MI Metro Area",1189,1003,63,10,19,94
310M300US27140,27140,"Jackson, MS Metro Area",6442,5223,196,330,445,248
310M300US27180,27180,"Jackson, TN Metro Area",1102,917,66,28,84,7
310M300US27260,27260,"Jacksonville, FL Metro Area",54608,45057,4750,1263,1829,1709
310M300US27340,27340,"Jacksonville, NC Metro Area",3986,3123,272,76,449,66
310M300US27500,27500,"Janesville-Beloit, WI Metro Area",1873,1429,337,16,52,39
310M300US27620,27620,"Jefferson City, MO Metro Area",1428,1057,220,24,52,75
310M300US27740,27740,"Johnson City, TN Metro Area",2287,1649,280,50,156,152
310M300US27780,27780,"Johnstown, PA Metro Area",666,484,15,81,21,65
310M300US27860,27860,"Jonesboro, AR Metro Area",1207,763,199,2,10,233
310M300US27900,27900,"Joplin, MO Metro Area",2078,1802,34,173,34,35
310M300US27980,27980,"Kahului-Wailuku-Lahaina, HI Metro Area",47446,43807,2047,319,282,991
310M300US28020,28020,"Kalamazoo-Portage, MI Metro Area",6693,4945,684,442,94,528
310M300US28100,28100,"Kankakee, IL Metro Area",1072,917,88,39,12,16
310M300US28140,28140,"Kansas City, MO-KS Metro Area",56464,44283,5440,1372,3089,2280
310M300US28420,28420,"Kennewick-Richland, WA Metro Area",6758,5883,310,161,144,260
310M300US28660,28660,"Killeen-Temple, TX Metro Area",11328,8624,913,716,735,340
310M300US28700,28700,"Kingsport-Bristol-Bristol, TN-VA Metro Area",1508,1284,94,22,68,40
310M300US28740,28740,"Kingston, NY Metro Area",3789,3234,123,273,20,139
310M300US28940,28940,"Knoxville, TN Metro Area",12384,9682,1387,254,499,562
310M300US29020,29020,"Kokomo, IN Metro Area",1041,702,0,271,21,47
310M300US29100,29100,"La Crosse-Onalaska, WI-MN Metro Area",5225,4493,383,61,246,42
310M300US29180,29180,"Lafayette, LA Metro Area",7977,6867,501,161,300,148
310M300US29200,29200,"Lafayette-West Lafayette, IN Metro Area",14802,7142,3356,414,1271,2619
310M300US29340,29340,"Lake Charles, LA Metro Area",2697,2174,285,42,127,69
310M300US29420,29420,"Lake Havasu City-Kingman, AZ Metro Area",2496,2039,102,45,252,58
310M300US29460,29460,"Lakeland-Winter Haven, FL Metro Area",10913,9489,288,745,309,82
310M300US29540,29540,"Lancaster, PA Metro Area",11420,9496,567,452,531,374
310M300US29620,29620,"Lansing-East Lansing, MI Metro Area",20640,13524,2931,1306,871,2008
310M300US29700,29700,"Laredo, TX Metro Area",1407,1215,61,56,4,71
310M300US29740,29740,"Las Cruces, NM Metro Area",2079,1540,166,144,103,126
310M300US29820,29820,"Las Vegas-Henderson-Paradise, NV Metro Area",202297,167508,22213,381,8431,3764
310M300US29940,29940,"Lawrence, KS Metro Area",5649,3582,583,252,168,1064
310M300US30020,30020,"Lawton, OK Metro Area",2915,2017,204,170,321,203
310M300US30140,30140,"Lebanon, PA Metro Area",1792,1544,69,100,66,13
310M300US30300,30300,"Lewiston, ID-WA Metro Area",563,416,16,7,96,28
310M300US30340,30340,"Lewiston-Auburn, ME Metro Area",877,770,29,7,45,26
310M300US30460,30460,"Lexington-Fayette, KY Metro Area",12726,9264,1283,179,715,1285
310M300US30620,30620,"Lima, OH Metro Area",756,526,131,0,49,50
310M300US30700,30700,"Lincoln, NE Metro Area",12895,9929,1150,396,251,1169
310M300US30780,30780,"Little Rock-North Little Rock-Conway, AR Metro Area",11620,9713,804,434,473,196
310M300US30860,30860,"Logan, UT-ID Metro Area",2532,1977,253,56,24,222
310M300US30980,30980,"Longview, TX Metro Area",1985,1694,41,219,0,31
310M300US31020,31020,"Longview, WA Metro Area",1341,1124,196,0,12,9
310M300US31080,31080,"Los Angeles-Long Beach-Anaheim, CA Metro Area",2064392,1786649,173814,36663,20972,46294
310M300US31140,31140,"Louisville/Jefferson County, KY-IN Metro Area",24125,19604,2124,569,904,924
310M300US31180,31180,"Lubbock, TX Metro Area",6331,4288,1018,422,301,302
310M300US31340,31340,"Lynchburg, VA Metro Area",3876,2626,698,93,262,197
310M300US31420,31420,"Macon-Bibb County, GA Metro Area",3473,2781,261,204,103,124
310M300US31460,31460,"Madera, CA Metro Area",3303,2807,199,284,0,13
310M300US31540,31540,"Madison, WI Metro Area",29951,20091,4519,1152,1530,2659
310M300US31700,31700,"Manchester-Nashua, NH Metro Area",15211,12343,916,101,838,1013
310M300US31740,31740,"Manhattan, KS Metro Area",3782,2672,388,81,207,434
310M300US31860,31860,"Mankato-North Mankato, MN Metro Area",1952,1503,162,117,79,91
310M300US31900,31900,"Mansfield, OH Metro Area",952,728,104,37,7,76
310M300US32580,32580,"McAllen-Edinburg-Mission, TX Metro Area",8252,7269,281,371,0,331
310M300US32780,32780,"Medford, OR Metro Area",2516,2030,330,54,26,76
310M300US32820,32820,"Memphis, TN-MS-AR Metro Area",26540,21597,2608,299,1088,948
310M300US32900,32900,"Merced, CA Metro Area",20037,16771,1225,1295,152,594
310M300US33100,33100,"Miami-Fort Lauderdale-West Palm Beach, FL Metro Area",146404,123349,12491,2669,3623,4272
310M300US33140,33140,"Michigan City-La Porte, IN Metro Area",646,551,8,69,11,7
310M300US33220,33220,"Midland, MI Metro Area",1856,1418,103,0,203,132
310M300US33260,33260,"Midland, TX Metro Area",2984,2195,513,59,124,93
310M300US33340,33340,"Milwaukee-Waukesha-West Allis, WI Metro Area",54642,43537,5360,1746,2072,1927
310M300US33460,33460,"Minneapolis-St. Paul-Bloomington, MN-WI Metro Area",222127,177903,21618,9725,6390,6491
310M300US33540,33540,"Missoula, MT Metro Area",1639,1412,88,8,28,103
310M300US33660,33660,"Mobile, AL Metro Area",8025,6956,576,96,154,243
310M300US33700,33700,"Modesto, CA Metro Area",29205,26028,1781,924,63,409
310M300US33740,33740,"Monroe, LA Metro Area",1597,1181,267,23,64,62
310M300US33780,33780,"Monroe, MI Metro Area",946,830,43,47,22,4
310M300US33860,33860,"Montgomery, AL Metro Area",6463,4600,826,274,229,534
310M300US34060,34060,"Morgantown, WV Metro Area",3466,2674,322,34,81,355
310M300US34100,34100,"Morristown, TN Metro Area",933,749,68,32,19,65
310M300US34580,34580,"Mount Vernon-Anacortes, WA Metro Area",2098,1443,293,241,78,43
310M300US34620,34620,"Muncie, IN Metro Area",1563,1205,138,115,83,22
310M300US34740,34740,"Muskegon, MI Metro Area",904,750,50,44,22,38
310M300US34820,34820,"Myrtle Beach-Conway-North Myrtle Beach, SC-NC Metro Area",4574,3880,327,32,266,69
310M300US34900,34900,"Napa, CA Metro Area",11075,9677,427,412,319,240
310M300US34940,34940,"Naples-Immokalee-Marco Island, FL Metro Area",4511,3414,291,248,215,343
310M300US34980,34980,"Nashville-Davidson--Murfreesboro--Franklin, TN Metro Area",47098,36822,4032,1315,2512,2417
310M300US35100,35100,"New Bern, NC Metro Area",2937,2302,298,78,29,230
310M300US35300,35300,"New Haven-Milford, CT Metro Area",33826,28145,2206,342,1349,1784
310M300US35380,35380,"New Orleans-Metairie, LA Metro Area",36599,31458,2481,813,797,1050
310M300US35620,35620,"New York-Newark-Jersey City, NY-NJ-PA Metro Area",2172750,1903997,122892,49493,41715,54653
310M300US35660,35660,"Niles-Benton Harbor, MI Metro Area",3026,2396,322,53,86,169
310M300US35840,35840,"North Port-Sarasota-Bradenton, FL Metro Area",13740,11164,885,731,497,463
310M300US35980,35980,"Norwich-New London, CT Metro Area",11126,9776,764,96,190,300
310M300US36100,36100,"Ocala, FL Metro Area",5129,4209,499,131,130,160
310M300US36140,36140,"Ocean City, NJ Metro Area",888,742,56,35,40,15
310M300US36220,36220,"Odessa, TX Metro Area",1660,1328,289,3,28,12
310M300US36260,36260,"Ogden-Clearfield, UT Metro Area",9378,7620,554,361,464,379
310M300US36420,36420,"Oklahoma City, OK Metro Area",42150,34260,3125,1349,1302,2114
310M300US36500,36500,"Olympia-Tumwater, WA Metro Area",15346,13010,706,489,334,807
310M300US36540,36540,"Omaha-Council Bluffs, NE-IA Metro Area",23723,18161,2202,370,1267,1723
310M300US36740,36740,"Orlando-Kissimmee-Sanford, FL Metro Area",99807,84219,6046,3333,3149,3060
310M300US36780,36780,"Oshkosh-Neenah, WI Metro Area",4419,3847,319,140,69,44
310M300US36980,36980,"Owensboro, KY Metro Area",1372,1054,123,66,15,114
310M300US37100,37100,"Oxnard-Thousand Oaks-Ventura, CA Metro Area",60581,52057,4286,1698,1394,1146
310M300US37340,37340,"Palm Bay-Melbourne-Titusville, FL Metro Area",13818,12001,584,137,679,417
310M300US37460,37460,"Panama City, FL Metro Area",4114,3341,218,300,179,76
310M300US37620,37620,"Parkersburg-Vienna, WV Metro Area",470,439,31,0,0,0
310M300US37860,37860,"Pensacola-Ferry Pass-Brent, FL Metro Area",12173,10254,687,245,597,390
310M300US37900,37900,"Peoria, IL Metro Area",8809,6884,912,405,369,239
310M300US37980,37980,"Philadelphia-Camden-Wilmington, PA-NJ-DE-MD Metro Area",344817,291026,20628,7763,13270,12130
310M300US38060,38060,"Phoenix-Mesa-Scottsdale, AZ Metro Area",169120,134728,18368,1832,7316,6876
310M300US38220,38220,"Pine Bluff, AR Metro Area",547,446,46,17,22,16
310M300US38300,38300,"Pittsburgh, PA Metro Area",51315,37278,5581,1395,3362,3699
310M300US38340,38340,"Pittsfield, MA Metro Area",2068,1545,234,103,88,98
310M300US38540,38540,"Pocatello, ID Metro Area",1145,780,223,37,40,65
310M300US38860,38860,"Portland-South Portland, ME Metro Area",8752,7427,826,138,179,182
310M300US38900,38900,"Portland-Vancouver-Hillsboro, OR-WA Metro Area",149757,123071,11737,3920,6312,4717
310M300US38940,38940,"Port St. Lucie, FL Metro Area",7610,6438,269,622,220,61
310M300US39140,39140,"Prescott, AZ Metro Area",2122,1669,146,128,128,51
310M300US39300,39300,"Providence-Warwick, RI-MA Metro Area",47307,37749,4121,891,2366,2180
310M300US39340,39340,"Provo-Orem, UT Metro Area",8509,6265,1024,313,391,516
310M300US39380,39380,"Pueblo, CO Metro Area",1411,1172,109,33,60,37
310M300US39460,39460,"Punta Gorda, FL Metro Area",2044,1793,103,76,53,19
310M300US39540,39540,"Racine, WI Metro Area",2318,2087,93,66,31,41
310M300US39580,39580,"Raleigh, NC Metro Area",66832,53392,4505,1598,4088,3249
310M300US39660,39660,"Rapid City, SD Metro Area",1538,1163,113,116,54,92
310M300US39740,39740,"Reading, PA Metro Area",5797,4939,416,128,101,213
310M300US39820,39820,"Redding, CA Metro Area",5290,4125,187,920,27,31
310M300US39900,39900,"Reno, NV Metro Area",23757,19407,2582,288,874,606
310M300US40060,40060,"Richmond, VA Metro Area",46566,36583,3916,2192,1992,1883
310M300US40140,40140,"Riverside-San Bernardino-Ontario, CA Metro Area",292372,251473,17793,14353,3231,5522
310M300US40220,40220,"Roanoke, VA Metro Area",6605,5607,450,165,203,180
310M300US40340,40340,"Rochester, MN Metro Area",9015,7414,673,30,274,624
310M300US40380,40380,"Rochester, NY Metro Area",30593,23361,3000,1080,1021,2131
310M300US40420,40420,"Rockford, IL Metro Area",7899,6761,337,155,415,231
310M300US40580,40580,"Rocky Mount, NC Metro Area",944,620,186,28,60,50
310M300US40660,40660,"Rome, GA Metro Area",1484,1253,112,97,21,1
310M300US40900,40900,"Sacramento--Roseville--Arden-Arcade, CA Metro Area",289325,238307,28561,13679,3504,5274
310M300US40980,40980,"Saginaw, MI Metro Area",2332,1696,272,82,121,161
310M300US41060,41060,"St. Cloud, MN Metro Area",3652,2152,566,645,31,258
310M300US41100,41100,"St. George, UT Metro Area",1078,895,46,31,46,60
310M300US41140,41140,"St. Joseph, MO-KS Metro Area",973,720,68,36,42,107
310M300US41180,41180,"St. Louis, MO-IL Metro Area",67857,54075,5561,2259,3428,2534
310M300US41420,41420,"Salem, OR Metro Area",7999,6438,681,357,254,269
310M300US41500,41500,"Salinas, CA Metro Area",24701,21273,1662,727,370,669
310M300US41540,41540,"Salisbury, MD-DE Metro Area",6860,5892,358,190,288,132
310M300US41620,41620,"Salt Lake City, UT Metro Area",43024,34756,3807,604,2117,1740
310M300US41660,41660,"San Angelo, TX Metro Area",1395,734,72,156,305,128
310M300US41700,41700,"San Antonio-New Braunfels, TX Metro Area",55598,43253,5407,1783,2076,3079
310M300US41740,41740,"San Diego-Carlsbad, CA Metro Area",380597,319508,38705,6143,6162,10079
310M300US41860,41860,"San Francisco-Oakland-Hayward, CA Metro Area",1162548,1010772,67323,43138,15609,25706
310M300US41940,41940,"San Jose-Sunnyvale-Santa Clara, CA Metro Area",665982,559058,56175,13568,13083,24098
310M300US42020,42020,"San Luis Obispo-Paso Robles-Arroyo Grande, CA Metro Area",10247,7136,1520,1270,185,136
310M300US42100,42100,"Santa Cruz-Watsonville, CA Metro Area",12525,9375,779,1705,123,543
310M300US42140,42140,"Santa Fe, NM Metro Area",1804,1455,92,21,173,63
310M300US42200,42200,"Santa Maria-Santa Barbara, CA Metro Area",23789,16274,3662,2668,331,854
310M300US42220,42220,"Santa Rosa, CA Metro Area",19467,16721,1515,820,196,215
310M300US42340,42340,"Savannah, GA Metro Area",8319,6456,652,258,636,317
310M300US42540,42540,"Scranton--Wilkes-Barre--Hazleton, PA Metro Area",9210,7358,925,150,281,496
310M300US42660,42660,"Seattle-Tacoma-Bellevue, WA Metro Area",474694,379841,49927,8430,17786,18710
310M300US42680,42680,"Sebastian-Vero Beach, FL Metro Area",1813,1323,55,61,119,255
310M300US42700,42700,"Sebring, FL Metro Area",1535,1376,4,33,95,27
310M300US43100,43100,"Sheboygan, WI Metro Area",6048,4808,953,147,78,62
310M300US43300,43300,"Sherman-Denison, TX Metro Area",1677,1339,35,59,16,228
310M300US43340,43340,"Shreveport-Bossier City, LA Metro Area",5093,4319,364,142,192,76
310M300US43420,43420,"Sierra Vista-Douglas, AZ Metro Area",2298,1730,150,88,269,61
310M300US43580,43580,"Sioux City, IA-NE-SD Metro Area",3789,3200,339,13,176,61
310M300US43620,43620,"Sioux Falls, SD Metro Area",4061,3162,547,110,194,48
310M300US43780,43780,"South Bend-Mishawaka, IN-MI Metro Area",6214,4904,603,108,285,314
310M300US43900,43900,"Spartanburg, SC Metro Area",6632,5674,480,92,152,234
310M300US44060,44060,"Spokane-Spokane Valley, WA Metro Area",11435,9278,758,434,685,280
310M300US44100,44100,"Springfield, IL Metro Area",3862,2853,247,160,306,296
310M300US44140,44140,"Springfield, MA Metro Area",18912,13380,2677,1141,658,1056
310M300US44180,44180,"Springfield, MO Metro Area",5987,4665,685,177,120,340
310M300US44220,44220,"Springfield, OH Metro Area",856,636,142,2,27,49
310M300US44300,44300,"State College, PA Metro Area",9508,4794,1359,868,1302,1185
310M300US44420,44420,"Staunton-Waynesboro, VA Metro Area",845,455,101,147,58,84
310M300US44700,44700,"Stockton-Lodi, CA Metro Area",107998,90986,9266,5066,578,2102
310M300US44940,44940,"Sumter, SC Metro Area",1277,919,242,15,20,81
310M300US45060,45060,"Syracuse, NY Metro Area",19362,14239,1949,468,847,1859
310M300US45220,45220,"Tallahassee, FL Metro Area",9827,6733,1682,369,338,705
310M300US45300,45300,"Tampa-St. Petersburg-Clearwater, FL Metro Area",98327,81557,7552,2432,3459,3327
310M300US45460,45460,"Terre Haute, IN Metro Area",2283,1717,153,114,166,133
310M300US45500,45500,"Texarkana, TX-AR Metro Area",1098,958,23,0,53,64
310M300US45540,45540,"The Villages, FL Metro Area",892,715,2,0,175,0
310M300US45780,45780,"Toledo, OH Metro Area",10000,7709,1095,341,287,568
310M300US45820,45820,"Topeka, KS Metro Area",2350,1824,123,167,94,142
310M300US45940,45940,"Trenton, NJ Metro Area",39657,33400,1801,1553,1434,1469
310M300US46060,46060,"Tucson, AZ Metro Area",27832,21544,3428,459,1103,1298
310M300US46140,46140,"Tulsa, OK Metro Area",21994,17146,2382,445,1031,990
310M300US46220,46220,"Tuscaloosa, AL Metro Area",3135,2302,475,32,126,200
310M300US46340,46340,"Tyler, TX Metro Area",3451,2523,231,334,349,14
310M300US46520,46520,"Urban Honolulu, HI Metro Area",421733,385103,26211,701,4042,5676
310M300US46540,46540,"Utica-Rome, NY Metro Area",9477,7744,909,259,58,507
310M300US46660,46660,"Valdosta, GA Metro Area",2280,1699,35,7,261,278
310M300US46700,46700,"Vallejo-Fairfield, CA Metro Area",66043,57081,4749,2971,429,813
310M300US47020,47020,"Victoria, TX Metro Area",1008,813,0,85,60,50
310M300US47220,47220,"Vineland-Bridgeton, NJ Metro Area",2064,1587,370,60,36,11
310M300US47260,47260,"Virginia Beach-Norfolk-Newport News, VA-NC Metro Area",64448,53961,4289,2126,2301,1771
310M300US47300,47300,"Visalia-Porterville, CA Metro Area",15893,14265,713,394,414,107
310M300US47380,47380,"Waco, TX Metro Area",3827,2782,568,210,124,143
310M300US47460,47460,"Walla Walla, WA Metro Area",1015,760,67,69,32,87
310M300US47580,47580,"Warner Robins, GA Metro Area",4753,3890,156,244,68,395
310M300US47900,47900,"Washington-Arlington-Alexandria, DC-VA-MD-WV Metro Area",600372,501892,41106,14609,23183,19582
310M300US47940,47940,"Waterloo-Cedar Falls, IA Metro Area",2982,2333,294,162,102,91
310M300US48060,48060,"Watertown-Fort Drum, NY Metro Area",1733,1090,152,86,116,289
310M300US48140,48140,"Wausau, WI Metro Area",7504,6697,462,236,54,55
310M300US48260,48260,"Weirton-Steubenville, WV-OH Metro Area",501,468,4,0,29,0
310M300US48300,48300,"Wenatchee, WA Metro Area",1087,1014,26,40,0,7
310M300US48540,48540,"Wheeling, WV-OH Metro Area",660,601,52,3,4,0
310M300US48620,48620,"Wichita, KS Metro Area",23044,19990,1784,231,338,701
310M300US48660,48660,"Wichita Falls, TX Metro Area",2867,2300,96,61,354,56
310M300US48700,48700,"Williamsport, PA Metro Area",704,658,19,27,0,0
310M300US48900,48900,"Wilmington, NC Metro Area",3129,2111,213,105,133,567
310M300US49020,49020,"Winchester, VA-WV Metro Area",1810,1273,74,352,85,26
310M300US49180,49180,"Winston-Salem, NC Metro Area",10958,8902,775,286,498,497
310M300US49340,49340,"Worcester, MA-CT Metro Area",39639,33862,2139,1139,923,1576
310M300US49420,49420,"Yakima, WA Metro Area",2445,1969,98,248,22,108
310M300US49620,49620,"York-Hanover, PA Metro Area",6385,5057,469,201,287,371
310M300US49660,49660,"Youngstown-Warren-Boardman, OH-PA Metro Area",3657,3209,149,84,94,121
310M300US49700,49700,"Yuba City, CA Metro Area",19174,16539,1515,373,110,637
310M300US49740,49740,"Yuma, AZ Metro Area",2636,2067,89,109,338,33
