GEO.id,GEO.id2,GEO.display-label,HD01_VD01,HD01_VD02,HD01_VD03,HD01_VD04,HD01_VD05,HD01_VD06
Id,Id2,Geography,Estimate; Total:,Estimate; Total: - Same house 1 year ago,Estimate; Total: - Moved within same county,Estimate; Total: - Moved from different county within same state,Estimate; Total: - Moved from different state,Estimate; Total: - Moved from abroad
310M300US10180,10180,"Abilene, TX Metro Area",2724,2268,169,150,55,82
310M300US10420,10420,"Akron, OH Metro Area",17563,13819,1285,761,423,1275
310M300US10500,10500,"Albany, GA Metro Area",1612,1205,68,148,141,50
310M300US10540,10540,"Albany, OR Metro Area",1365,928,210,193,26,8
310M300US10580,10580,"Albany-Schenectady-Troy, NY Metro Area",35133,27125,2289,1625,1837,2257
310M300US10740,10740,"Albuquerque, NM Metro Area",18393,15615,1704,133,560,381
310M300US10780,10780,"Alexandria, LA Metro Area",2019,1893,45,67,14,0
310M300US10900,10900,"Allentown-Bethlehem-Easton, PA-NJ Metro Area",22926,19604,1264,523,862,673
310M300US11020,11020,"Altoona, PA Metro Area",929,804,20,20,25,60
310M300US11100,11100,"Amarillo, TX Metro Area",8077,6505,580,285,163,544
310M300US11180,11180,"Ames, IA Metro Area",6450,3334,1679,185,217,1035
310M300US11260,11260,"Anchorage, AK Metro Area",27674,22584,3253,403,751,683
310M300US11460,11460,"Ann Arbor, MI Metro Area",30346,19316,4390,1647,1655,3338
310M300US11500,11500,"Anniston-Oxford-Jacksonville, AL Metro Area",1079,876,7,92,84,20
310M300US11540,11540,"Appleton, WI Metro Area",6832,5533,304,476,395,124
310M300US11700,11700,"Asheville, NC Metro Area",4594,3863,272,187,250,22
310M300US12020,12020,"Athens-Clarke County, GA Metro Area",7007,4854,620,1014,130,389
310M300US12060,12060,"Atlanta-Sandy Springs-Roswell, GA Metro Area",302430,242663,21858,12919,12167,12823
310M300US12100,12100,"Atlantic City-Hammonton, NJ Metro Area",22584,20118,1379,63,399,625
310M300US12220,12220,"Auburn-Opelika, AL Metro Area",5438,3513,781,304,221,619
310M300US12260,12260,"Augusta-Richmond County, GA-SC Metro Area",10560,8680,586,571,373,350
310M300US12420,12420,"Austin-Round Rock, TX Metro Area",101843,76879,11472,4769,4663,4060
310M300US12540,12540,"Bakersfield, CA Metro Area",39737,33166,4393,951,246,981
310M300US12580,12580,"Baltimore-Columbia-Towson, MD Metro Area",142882,116683,9891,5458,6272,4578
310M300US12620,12620,"Bangor, ME Metro Area",1724,1382,204,21,68,49
310M300US12700,12700,"Barnstable Town, MA Metro Area",3014,2772,74,0,106,62
310M300US12940,12940,"Baton Rouge, LA Metro Area",16198,13346,1150,272,777,653
310M300US12980,12980,"Battle Creek, MI Metro Area",2688,1966,333,111,103,175
310M300US13020,13020,"Bay City, MI Metro Area",620,576,10,14,3,17
310M300US13140,13140,"Beaumont-Port Arthur, TX Metro Area",10141,8561,502,408,449,221
310M300US13220,13220,"Beckley, WV Metro Area",870,846,0,0,0,24
310M300US13380,13380,"Bellingham, WA Metro Area",8359,6472,938,464,235,250
310M300US13460,13460,"Bend-Redmond, OR Metro Area",1742,1183,251,184,69,55
310M300US13740,13740,"Billings, MT Metro Area",1076,892,9,35,122,18
310M300US13780,13780,"Binghamton, NY Metro Area",8368,5886,756,615,503,608
310M300US13820,13820,"Birmingham-Hoover, AL Metro Area",15137,11968,1057,639,909,564
310M300US13900,13900,"Bismarck, ND Metro Area",732,561,46,21,45,59
310M300US13980,13980,"Blacksburg-Christiansburg-Radford, VA Metro Area",6475,3730,956,933,230,626
310M300US14010,14010,"Bloomington, IL Metro Area",8509,5743,742,571,641,812
310M300US14020,14020,"Bloomington, IN Metro Area",8987,4009,2258,580,783,1357
310M300US14100,14100,"Bloomsburg-Berwick, PA Metro Area",1311,838,162,169,73,69
310M300US14260,14260,"Boise City, ID Metro Area",12354,9435,1554,366,750,249
310M300US14460,14460,"Boston-Cambridge-Newton, MA-NH Metro Area",343476,275462,27363,11966,12898,15787
310M300US14500,14500,"Boulder, CO Metro Area",13915,10661,911,561,541,1241
310M300US14540,14540,"Bowling Green, KY Metro Area",3961,3017,279,54,440,171
310M300US14740,14740,"Bremerton-Silverdale, WA Metro Area",11828,9743,578,255,778,474
310M300US14860,14860,"Bridgeport-Stamford-Norwalk, CT Metro Area",46898,37875,3859,287,2468,2409
310M300US15180,15180,"Brownsville-Harlingen, TX Metro Area",2695,2281,84,241,0,89
310M300US15260,15260,"Brunswick, GA Metro Area",1197,1008,150,37,0,2
310M300US15380,15380,"Buffalo-Cheektowaga-Niagara Falls, NY Metro Area",32518,24392,3540,1282,594,2710
310M300US15500,15500,"Burlington, NC Metro Area",2214,1741,0,287,73,113
310M300US15540,15540,"Burlington-South Burlington, VT Metro Area",5711,4485,557,110,180,379
310M300US15680,15680,"California-Lexington Park, MD Metro Area",2960,2491,118,144,120,87
310M300US15940,15940,"Canton-Massillon, OH Metro Area",2988,2631,114,27,57,159
310M300US15980,15980,"Cape Coral-Fort Myers, FL Metro Area",10473,9105,438,432,437,61
310M300US16020,16020,"Cape Girardeau, MO-IL Metro Area",1176,828,139,11,41,157
310M300US16060,16060,"Carbondale-Marion, IL Metro Area",2765,1969,319,136,199,142
310M300US16180,16180,"Carson City, NV Metro Area",1633,1313,89,19,212,0
310M300US16220,16220,"Casper, WY Metro Area",748,582,45,3,11,107
310M300US16300,16300,"Cedar Rapids, IA Metro Area",4691,3514,619,89,109,360
310M300US16540,16540,"Chambersburg-Waynesboro, PA Metro Area",1581,1493,19,24,22,23
310M300US16580,16580,"Champaign-Urbana, IL Metro Area",20980,11451,4176,1615,1435,2303
310M300US16620,16620,"Charleston, WV Metro Area",2096,1854,72,15,86,69
310M300US16700,16700,"Charleston-North Charleston, SC Metro Area",12552,10325,636,297,871,423
310M300US16740,16740,"Charlotte-Concord-Gastonia, NC-SC Metro Area",76336,59578,7115,2479,4331,2833
310M300US16820,16820,"Charlottesville, VA Metro Area",8325,5396,719,1032,510,668
310M300US16860,16860,"Chattanooga, TN-GA Metro Area",8466,7061,809,196,313,87
310M300US16940,16940,"Cheyenne, WY Metro Area",1108,682,237,12,142,35
310M300US16980,16980,"Chicago-Naperville-Elgin, IL-IN-WI Metro Area",584214,485055,51737,12682,15193,19547
310M300US17020,17020,"Chico, CA Metro Area",9608,7435,1310,696,86,81
310M300US17140,17140,"Cincinnati, OH-KY-IN Metro Area",47545,36813,2612,1758,2611,3751
310M300US17300,17300,"Clarksville, TN-KY Metro Area",5308,4366,274,62,436,170
310M300US17420,17420,"Cleveland, TN Metro Area",1029,891,117,0,11,10
310M300US17460,17460,"Cleveland-Elyria, OH Metro Area",43183,33629,3998,783,2254,2519
310M300US17660,17660,"Coeur d'Alene, ID Metro Area",1264,1140,32,19,39,34
310M300US17780,17780,"College Station-Bryan, TX Metro Area",12546,7559,1882,1104,372,1629
310M300US17820,17820,"Colorado Springs, CO Metro Area",17893,13873,1876,457,941,746
310M300US17860,17860,"Columbia, MO Metro Area",7298,4372,1295,116,447,1068
310M300US17900,17900,"Columbia, SC Metro Area",15215,10960,1224,707,1295,1029
310M300US17980,17980,"Columbus, GA-AL Metro Area",5928,4584,219,105,787,233
310M300US18020,18020,"Columbus, IN Metro Area",4545,3045,453,67,236,744
310M300US18140,18140,"Columbus, OH Metro Area",71217,51660,8686,2349,4926,3596
310M300US18580,18580,"Corpus Christi, TX Metro Area",7507,6178,491,426,271,141
310M300US18700,18700,"Corvallis, OR Metro Area",5552,3467,867,262,154,802
310M300US18880,18880,"Crestview-Fort Walton Beach-Destin, FL Metro Area",6383,5557,396,152,211,67
310M300US19060,19060,"Cumberland, MD-WV Metro Area",669,356,120,54,39,100
310M300US19100,19100,"Dallas-Fort Worth-Arlington, TX Metro Area",417865,340310,31133,14722,15084,16616
310M300US19140,19140,"Dalton, GA Metro Area",1526,1250,114,75,41,46
310M300US19180,19180,"Danville, IL Metro Area",712,644,4,56,8,0
310M300US19300,19300,"Daphne-Fairhope-Foley, AL Metro Area",1338,901,53,65,29,290
310M300US19340,19340,"Davenport-Moline-Rock Island, IA-IL Metro Area",7589,5678,726,253,381,551
310M300US19380,19380,"Dayton, OH Metro Area",16314,12773,882,292,848,1519
310M300US19460,19460,"Decatur, AL Metro Area",833,748,54,0,31,0
310M300US19500,19500,"Decatur, IL Metro Area",1243,1090,77,45,11,20
310M300US19660,19660,"Deltona-Daytona Beach-Ormond Beach, FL Metro Area",11046,9718,258,274,496,300
310M300US19740,19740,"Denver-Aurora-Lakewood, CO Metro Area",106843,83329,10310,5749,3844,3611
310M300US19780,19780,"Des Moines-West Des Moines, IA Metro Area",21776,16570,2384,1055,952,815
310M300US19820,19820,"Detroit-Warren-Dearborn, MI Metro Area",164583,138061,10469,4059,4737,7257
310M300US20020,20020,"Dothan, AL Metro Area",960,849,26,46,20,19
310M300US20100,20100,"Dover, DE Metro Area",3433,2897,223,81,180,52
310M300US20220,20220,"Dubuque, IA Metro Area",1230,920,50,0,76,184
310M300US20260,20260,"Duluth, MN-WI Metro Area",2786,2025,330,271,64,96
310M300US20500,20500,"Durham-Chapel Hill, NC Metro Area",24918,16436,2641,1471,1659,2711
310M300US20700,20700,"East Stroudsburg, PA Metro Area",3549,3211,93,45,121,79
310M300US20740,20740,"Eau Claire, WI Metro Area",4526,3484,445,369,106,122
310M300US20940,20940,"El Centro, CA Metro Area",2470,2144,234,48,18,26
310M300US21060,21060,"Elizabethtown-Fort Knox, KY Metro Area",2533,1828,58,279,291,77
310M300US21140,21140,"Elkhart-Goshen, IN Metro Area",2167,1742,103,126,89,107
310M300US21300,21300,"Elmira, NY Metro Area",1322,1080,48,53,96,45
310M300US21340,21340,"El Paso, TX Metro Area",9526,7505,1211,92,508,210
310M300US21420,21420,"Enid, OK Metro Area",490,313,66,0,111,0
310M300US21500,21500,"Erie, PA Metro Area",4230,2981,645,95,192,317
310M300US21660,21660,"Eugene, OR Metro Area",9110,5655,1869,534,436,616
310M300US21780,21780,"Evansville, IN-KY Metro Area",3501,2334,478,240,300,149
310M300US21820,21820,"Fairbanks, AK Metro Area",2985,2090,267,61,264,303
310M300US22020,22020,"Fargo, ND-MN Metro Area",5190,3835,886,97,152,220
310M300US22140,22140,"Farmington, NM Metro Area",677,584,35,5,42,11
310M300US22180,22180,"Fayetteville, NC Metro Area",8520,6464,641,221,714,480
310M300US22220,22220,"Fayetteville-Springdale-Rogers, AR-MO Metro Area",14092,10692,1179,247,927,1047
310M300US22380,22380,"Flagstaff, AZ Metro Area",2430,1452,322,113,337,206
310M300US22420,22420,"Flint, MI Metro Area",4037,3632,197,85,63,60
310M300US22500,22500,"Florence, SC Metro Area",2084,1731,45,127,181,0
310M300US22520,22520,"Florence-Muscle Shoals, AL Metro Area",882,821,24,9,8,20
310M300US22540,22540,"Fond du Lac, WI Metro Area",1310,569,136,51,16,538
310M300US22660,22660,"Fort Collins, CO Metro Area",6493,4280,983,271,580,379
310M300US22900,22900,"Fort Smith, AR-OK Metro Area",7130,5824,840,184,197,85
310M300US23060,23060,"Fort Wayne, IN Metro Area",12258,9568,1543,181,678,288
310M300US23420,23420,"Fresno, CA Metro Area",94165,79426,10252,2321,828,1338
310M300US23460,23460,"Gadsden, AL Metro Area",699,530,9,160,0,0
310M300US23540,23540,"Gainesville, FL Metro Area",14753,9544,2147,1020,844,1198
310M300US23580,23580,"Gainesville, GA Metro Area",3359,3099,97,40,24,99
310M300US23900,23900,"Gettysburg, PA Metro Area",656,457,107,0,76,16
310M300US24020,24020,"Glens Falls, NY Metro Area",874,770,41,56,7,0
310M300US24140,24140,"Goldsboro, NC Metro Area",1522,1186,44,82,95,115
310M300US24220,24220,"Grand Forks, ND-MN Metro Area",1915,1449,83,29,143,211
310M300US24260,24260,"Grand Island, NE Metro Area",755,610,93,34,18,0
310M300US24300,24300,"Grand Junction, CO Metro Area",934,756,77,41,47,13
310M300US24340,24340,"Grand Rapids-Wyoming, MI Metro Area",24799,19669,2824,791,778,737
310M300US24420,24420,"Grants Pass, OR Metro Area",680,643,18,0,19,0
310M300US24500,24500,"Great Falls, MT Metro Area",726,382,185,0,113,46
310M300US24540,24540,"Greeley, CO Metro Area",3644,2981,140,376,137,10
310M300US24580,24580,"Green Bay, WI Metro Area",8026,6400,913,201,300,212
310M300US24660,24660,"Greensboro-High Point, NC Metro Area",25172,21285,1802,632,748,705
310M300US24780,24780,"Greenville, NC Metro Area",2967,2369,240,135,167,56
310M300US24860,24860,"Greenville-Anderson-Mauldin, SC Metro Area",14385,10734,1232,1018,533,868
310M300US25060,25060,"Gulfport-Biloxi-Pascagoula, MS Metro Area",8771,7497,471,189,396,218
310M300US25180,25180,"Hagerstown-Martinsburg, MD-WV Metro Area",3512,3132,51,99,197,33
310M300US25220,25220,"Hammond, LA Metro Area",993,738,112,35,108,0
310M300US25260,25260,"Hanford-Corcoran, CA Metro Area",5667,4155,844,370,40,258
310M300US25420,25420,"Harrisburg-Carlisle, PA Metro Area",19201,14864,1436,761,1295,845
310M300US25500,25500,"Harrisonburg, VA Metro Area",2580,1791,296,332,121,40
310M300US25540,25540,"Hartford-West Hartford-East Hartford, CT Metro Area",54338,42339,4371,1975,2846,2807
310M300US25620,25620,"Hattiesburg, MS Metro Area",1557,895,104,282,180,96
310M300US25860,25860,"Hickory-Lenoir-Morganton, NC Metro Area",10074,8215,963,354,409,133
310M300US25940,25940,"Hilton Head Island-Bluffton-Beaufort, SC Metro Area",2269,1799,143,49,168,110
310M300US25980,25980,"Hinesville, GA Metro Area",1518,1288,40,16,112,62
310M300US26140,26140,"Homosassa Springs, FL Metro Area",2232,2017,128,20,44,23
310M300US26300,26300,"Hot Springs, AR Metro Area",651,470,34,0,139,8
310M300US26380,26380,"Houma-Thibodaux, LA Metro Area",1747,1487,67,97,87,9
310M300US26420,26420,"Houston-The Woodlands-Sugar Land, TX Metro Area",464515,392403,33469,11922,10564,16157
310M300US26580,26580,"Huntington-Ashland, WV-KY-OH Metro Area",2385,1829,122,81,222,131
310M300US26620,26620,"Huntsville, AL Metro Area",9675,7656,913,311,455,340
310M300US26820,26820,"Idaho Falls, ID Metro Area",1014,689,37,134,33,121
310M300US26900,26900,"Indianapolis-Carmel-Anderson, IN Metro Area",52155,43008,3223,1510,2430,1984
310M300US26980,26980,"Iowa City, IA Metro Area",8728,5647,1685,203,422,771
310M300US27060,27060,"Ithaca, NY Metro Area",10506,5899,2047,141,696,1723
310M300US27100,27100,"Jackson, MI Metro Area",1135,931,65,22,22,95
310M300US27140,27140,"Jackson, MS Metro Area",6357,5139,194,313,462,249
310M300US27180,27180,"Jackson, TN Metro Area",1215,1026,75,33,78,3
310M300US27260,27260,"Jacksonville, FL Metro Area",51341,41416,4896,1433,1470,2126
310M300US27340,27340,"Jacksonville, NC Metro Area",3505,2830,332,53,159,131
310M300US27500,27500,"Janesville-Beloit, WI Metro Area",1787,1363,269,79,58,18
310M300US27620,27620,"Jefferson City, MO Metro Area",1374,989,258,18,47,62
310M300US27740,27740,"Johnson City, TN Metro Area",2105,1522,254,69,167,93
310M300US27780,27780,"Johnstown, PA Metro Area",655,476,24,59,31,65
310M300US27860,27860,"Jonesboro, AR Metro Area",1202,843,160,0,13,186
310M300US27900,27900,"Joplin, MO Metro Area",1980,1632,37,170,65,76
310M300US27980,27980,"Kahului-Wailuku-Lahaina, HI Metro Area",45973,42323,2072,360,191,1027
310M300US28020,28020,"Kalamazoo-Portage, MI Metro Area",6438,4818,634,475,111,400
310M300US28100,28100,"Kankakee, IL Metro Area",1192,985,103,64,18,22
310M300US28140,28140,"Kansas City, MO-KS Metro Area",53038,42109,4778,1398,2602,2151
310M300US28420,28420,"Kennewick-Richland, WA Metro Area",6129,5179,324,141,151,334
310M300US28660,28660,"Killeen-Temple, TX Metro Area",10735,8086,786,547,843,473
310M300US28700,28700,"Kingsport-Bristol-Bristol, TN-VA Metro Area",1451,1237,42,30,94,48
310M300US28740,28740,"Kingston, NY Metro Area",3457,2954,95,223,17,168
310M300US28940,28940,"Knoxville, TN Metro Area",11832,9726,850,153,694,409
310M300US29020,29020,"Kokomo, IN Metro Area",1094,781,11,239,18,45
310M300US29100,29100,"La Crosse-Onalaska, WI-MN Metro Area",5183,4383,437,100,187,76
310M300US29180,29180,"Lafayette, LA Metro Area",7658,6316,775,189,248,130
310M300US29200,29200,"Lafayette-West Lafayette, IN Metro Area",13823,6488,3095,270,1163,2807
310M300US29340,29340,"Lake Charles, LA Metro Area",2558,1937,311,39,213,58
310M300US29420,29420,"Lake Havasu City-Kingman, AZ Metro Area",2506,2044,96,50,257,59
310M300US29460,29460,"Lakeland-Winter Haven, FL Metro Area",10826,9518,505,475,265,63
310M300US29540,29540,"Lancaster, PA Metro Area",10874,9443,403,200,399,429
310M300US29620,29620,"Lansing-East Lansing, MI Metro Area",19673,12641,2611,1194,735,2492
310M300US29700,29700,"Laredo, TX Metro Area",1427,1298,53,18,5,53
310M300US29740,29740,"Las Cruces, NM Metro Area",2242,1751,160,5,189,137
310M300US29820,29820,"Las Vegas-Henderson-Paradise, NV Metro Area",192308,156290,23814,313,8311,3580
310M300US29940,29940,"Lawrence, KS Metro Area",5271,3066,740,263,142,1060
310M300US30020,30020,"Lawton, OK Metro Area",2646,1791,214,53,377,211
310M300US30140,30140,"Lebanon, PA Metro Area",1658,1357,91,117,83,10
310M300US30300,30300,"Lewiston, ID-WA Metro Area",540,383,20,15,98,24
310M300US30340,30340,"Lewiston-Auburn, ME Metro Area",812,741,20,0,38,13
310M300US30460,30460,"Lexington-Fayette, KY Metro Area",12374,9050,1260,216,658,1190
310M300US30620,30620,"Lima, OH Metro Area",759,566,107,0,38,48
310M300US30700,30700,"Lincoln, NE Metro Area",12223,9228,1178,194,289,1334
310M300US30780,30780,"Little Rock-North Little Rock-Conway, AR Metro Area",11579,9518,1010,354,500,197
310M300US30860,30860,"Logan, UT-ID Metro Area",2742,1978,321,65,28,350
310M300US30980,30980,"Longview, TX Metro Area",2132,1700,107,216,82,27
310M300US31020,31020,"Longview, WA Metro Area",1298,1034,217,0,19,28
310M300US31080,31080,"Los Angeles-Long Beach-Anaheim, CA Metro Area",2015699,1734510,179336,37602,20000,44251
310M300US31140,31140,"Louisville/Jefferson County, KY-IN Metro Area",22953,18643,2046,467,822,975
310M300US31180,31180,"Lubbock, TX Metro Area",5971,3835,987,538,316,295
310M300US31340,31340,"Lynchburg, VA Metro Area",3699,2296,832,148,164,259
310M300US31420,31420,"Macon-Bibb County, GA Metro Area",3370,2764,264,107,115,120
310M300US31460,31460,"Madera, CA Metro Area",3055,2559,115,365,0,16
310M300US31540,31540,"Madison, WI Metro Area",28888,19621,4739,1076,1279,2173
310M300US31700,31700,"Manchester-Nashua, NH Metro Area",14707,12014,907,209,604,973
310M300US31740,31740,"Manhattan, KS Metro Area",3645,2607,337,91,200,410
310M300US31860,31860,"Mankato-North Mankato, MN Metro Area",1855,1351,156,112,148,88
310M300US31900,31900,"Mansfield, OH Metro Area",929,775,12,56,14,72
310M300US32580,32580,"McAllen-Edinburg-Mission, TX Metro Area",8110,7173,320,251,0,366
310M300US32780,32780,"Medford, OR Metro Area",2294,1773,359,35,55,72
310M300US32820,32820,"Memphis, TN-MS-AR Metro Area",26237,21436,2693,238,879,991
310M300US32900,32900,"Merced, CA Metro Area",19620,15706,1716,1425,124,649
310M300US33100,33100,"Miami-Fort Lauderdale-West Palm Beach, FL Metro Area",141801,120010,11704,2623,3677,3787
310M300US33140,33140,"Michigan City-La Porte, IN Metro Area",627,530,5,75,14,3
310M300US33220,33220,"Midland, MI Metro Area",1878,1553,49,10,144,122
310M300US33260,33260,"Midland, TX Metro Area",2694,2023,311,44,282,34
310M300US33340,33340,"Milwaukee-Waukesha-West Allis, WI Metro Area",52382,41939,5300,1473,1845,1825
310M300US33460,33460,"Minneapolis-St. Paul-Bloomington, MN-WI Metro Area",213622,169181,22050,9379,6141,6871
310M300US33540,33540,"Missoula, MT Metro Area",1421,1150,134,7,32,98
310M300US33660,33660,"Mobile, AL Metro Area",8056,7037,540,119,139,221
310M300US33700,33700,"Modesto, CA Metro Area",28412,25146,1934,946,102,284
310M300US33740,33740,"Monroe, LA Metro Area",1499,1116,240,28,95,20
310M300US33780,33780,"Monroe, MI Metro Area",928,800,53,44,16,15
310M300US33860,33860,"Montgomery, AL Metro Area",5943,4333,579,161,205,665
310M300US34060,34060,"Morgantown, WV Metro Area",3416,2603,308,7,121,377
310M300US34100,34100,"Morristown, TN Metro Area",689,543,38,37,26,45
310M300US34580,34580,"Mount Vernon-Anacortes, WA Metro Area",2364,1681,372,211,37,63
310M300US34620,34620,"Muncie, IN Metro Area",1501,1112,201,111,63,14
310M300US34740,34740,"Muskegon, MI Metro Area",933,796,29,31,32,45
310M300US34820,34820,"Myrtle Beach-Conway-North Myrtle Beach, SC-NC Metro Area",4226,3592,337,39,199,59
310M300US34900,34900,"Napa, CA Metro Area",10840,9243,629,423,307,238
310M300US34940,34940,"Naples-Immokalee-Marco Island, FL Metro Area",4457,3077,729,241,68,342
310M300US34980,34980,"Nashville-Davidson--Murfreesboro--Franklin, TN Metro Area",44556,33856,4105,983,2724,2888
310M300US35100,35100,"New Bern, NC Metro Area",2773,1865,300,97,11,500
310M300US35300,35300,"New Haven-Milford, CT Metro Area",33498,27781,1856,434,1388,2039
310M300US35380,35380,"New Orleans-Metairie, LA Metro Area",35578,30362,2356,928,858,1074
310M300US35620,35620,"New York-Newark-Jersey City, NY-NJ-PA Metro Area",2104018,1842276,121017,47192,39257,54276
310M300US35660,35660,"Niles-Benton Harbor, MI Metro Area",2886,2226,341,21,134,164
310M300US35840,35840,"North Port-Sarasota-Bradenton, FL Metro Area",12667,10244,794,818,462,349
310M300US35980,35980,"Norwich-New London, CT Metro Area",11191,9681,763,104,384,259
310M300US36100,36100,"Ocala, FL Metro Area",5018,3984,480,197,149,208
310M300US36140,36140,"Ocean City, NJ Metro Area",992,833,70,32,46,11
310M300US36220,36220,"Odessa, TX Metro Area",1496,1316,154,17,3,6
310M300US36260,36260,"Ogden-Clearfield, UT Metro Area",9679,7820,547,474,433,405
310M300US36420,36420,"Oklahoma City, OK Metro Area",41289,33081,3204,1241,1541,2222
310M300US36500,36500,"Olympia-Tumwater, WA Metro Area",15090,12792,1015,400,315,568
310M300US36540,36540,"Omaha-Council Bluffs, NE-IA Metro Area",22275,17391,1921,424,1058,1481
310M300US36740,36740,"Orlando-Kissimmee-Sanford, FL Metro Area",96260,82442,5819,2728,2645,2626
310M300US36780,36780,"Oshkosh-Neenah, WI Metro Area",4379,3958,179,128,80,34
310M300US36980,36980,"Owensboro, KY Metro Area",1164,947,64,68,8,77
310M300US37100,37100,"Oxnard-Thousand Oaks-Ventura, CA Metro Area",59363,50971,4186,1712,1346,1148
310M300US37340,37340,"Palm Bay-Melbourne-Titusville, FL Metro Area",13214,11561,552,154,550,397
310M300US37460,37460,"Panama City, FL Metro Area",4044,3180,274,345,165,80
310M300US37620,37620,"Parkersburg-Vienna, WV Metro Area",561,512,38,0,0,11
310M300US37860,37860,"Pensacola-Ferry Pass-Brent, FL Metro Area",11986,9875,796,428,493,394
310M300US37900,37900,"Peoria, IL Metro Area",8601,6666,855,390,453,237
310M300US37980,37980,"Philadelphia-Camden-Wilmington, PA-NJ-DE-MD Metro Area",332458,282402,20008,7186,11214,11648
310M300US38060,38060,"Phoenix-Mesa-Scottsdale, AZ Metro Area",162096,128577,18031,1535,7308,6645
310M300US38220,38220,"Pine Bluff, AR Metro Area",588,554,11,17,6,0
310M300US38300,38300,"Pittsburgh, PA Metro Area",49407,35667,5739,1137,3213,3651
310M300US38340,38340,"Pittsfield, MA Metro Area",1906,1419,181,135,66,105
310M300US38540,38540,"Pocatello, ID Metro Area",1042,694,209,17,54,68
310M300US38860,38860,"Portland-South Portland, ME Metro Area",8318,6957,816,130,205,210
310M300US38900,38900,"Portland-Vancouver-Hillsboro, OR-WA Metro Area",143478,118494,11126,3411,5730,4717
310M300US38940,38940,"Port St. Lucie, FL Metro Area",7094,5984,264,605,147,94
310M300US39140,39140,"Prescott, AZ Metro Area",1874,1579,147,13,117,18
310M300US39300,39300,"Providence-Warwick, RI-MA Metro Area",46034,36955,4031,834,2057,2157
310M300US39340,39340,"Provo-Orem, UT Metro Area",8060,6039,915,349,371,386
310M300US39380,39380,"Pueblo, CO Metro Area",1240,1022,105,30,58,25
310M300US39460,39460,"Punta Gorda, FL Metro Area",1939,1571,139,57,172,0
310M300US39540,39540,"Racine, WI Metro Area",2206,1965,48,63,76,54
310M300US39580,39580,"Raleigh, NC Metro Area",62659,50693,3983,1505,3654,2824
310M300US39660,39660,"Rapid City, SD Metro Area",1518,1161,146,54,115,42
310M300US39740,39740,"Reading, PA Metro Area",5675,4854,399,143,118,161
310M300US39820,39820,"Redding, CA Metro Area",5254,4133,212,796,73,40
310M300US39900,39900,"Reno, NV Metro Area",23532,18742,2723,441,891,735
310M300US40060,40060,"Richmond, VA Metro Area",44879,35181,3651,2190,2129,1728
310M300US40140,40140,"Riverside-San Bernardino-Ontario, CA Metro Area",282909,243093,18057,13264,2869,5626
310M300US40220,40220,"Roanoke, VA Metro Area",6108,4737,834,174,174,189
310M300US40340,40340,"Rochester, MN Metro Area",9187,7740,632,93,236,486
310M300US40380,40380,"Rochester, NY Metro Area",29778,23097,2545,959,904,2273
310M300US40420,40420,"Rockford, IL Metro Area",7924,6649,496,160,400,219
310M300US40580,40580,"Rocky Mount, NC Metro Area",977,699,214,3,59,2
310M300US40660,40660,"Rome, GA Metro Area",1319,1142,76,58,37,6
310M300US40900,40900,"Sacramento--Roseville--Arden-Arcade, CA Metro Area",282825,230561,30496,13153,3511,5104
310M300US40980,40980,"Saginaw, MI Metro Area",2285,1654,313,43,100,175
310M300US41060,41060,"St. Cloud, MN Metro Area",3452,1898,461,849,58,186
310M300US41100,41100,"St. George, UT Metro Area",1047,829,60,26,39,93
310M300US41140,41140,"St. Joseph, MO-KS Metro Area",1032,664,40,55,191,82
310M300US41180,41180,"St. Louis, MO-IL Metro Area",66021,52981,5228,2067,3201,2544
310M300US41420,41420,"Salem, OR Metro Area",7705,6084,616,407,256,342
310M300US41500,41500,"Salinas, CA Metro Area",24966,21288,1971,651,437,619
310M300US41540,41540,"Salisbury, MD-DE Metro Area",6593,5716,323,158,284,112
310M300US41620,41620,"Salt Lake City, UT Metro Area",41300,33123,3776,447,2047,1907
310M300US41660,41660,"San Angelo, TX Metro Area",1519,771,75,195,362,116
310M300US41700,41700,"San Antonio-New Braunfels, TX Metro Area",54449,42056,5666,1777,1998,2952
310M300US41740,41740,"San Diego-Carlsbad, CA Metro Area",373093,313597,37559,6650,5454,9833
310M300US41860,41860,"San Francisco-Oakland-Hayward, CA Metro Area",1121022,972919,67678,41029,15039,24357
310M300US41940,41940,"San Jose-Sunnyvale-Santa Clara, CA Metro Area",642332,539605,55142,13262,11758,22565
310M300US42020,42020,"San Luis Obispo-Paso Robles-Arroyo Grande, CA Metro Area",10352,7400,1460,1097,258,137
310M300US42100,42100,"Santa Cruz-Watsonville, CA Metro Area",12119,8999,1022,1619,125,354
310M300US42140,42140,"Santa Fe, NM Metro Area",1739,1414,77,29,158,61
310M300US42200,42200,"Santa Maria-Santa Barbara, CA Metro Area",23204,16055,3697,2360,263,829
310M300US42220,42220,"Santa Rosa, CA Metro Area",19251,16462,1667,764,192,166
310M300US42340,42340,"Savannah, GA Metro Area",8315,6747,531,263,583,191
310M300US42540,42540,"Scranton--Wilkes-Barre--Hazleton, PA Metro Area",8451,6836,746,153,345,371
310M300US42660,42660,"Seattle-Tacoma-Bellevue, WA Metro Area",451054,362756,47194,7365,16363,17376
310M300US42680,42680,"Sebastian-Vero Beach, FL Metro Area",1769,1420,78,126,133,12
310M300US42700,42700,"Sebring, FL Metro Area",1430,1217,47,0,140,26
310M300US43100,43100,"Sheboygan, WI Metro Area",5936,4588,820,288,183,57
310M300US43300,43300,"Sherman-Denison, TX Metro Area",1439,1142,33,71,20,173
310M300US43340,43340,"Shreveport-Bossier City, LA Metro Area",5178,4297,407,125,267,82
310M300US43420,43420,"Sierra Vista-Douglas, AZ Metro Area",2250,1756,140,59,220,75
310M300US43580,43580,"Sioux City, IA-NE-SD Metro Area",3800,3183,272,20,260,65
310M300US43620,43620,"Sioux Falls, SD Metro Area",4026,3280,365,130,75,176
310M300US43780,43780,"South Bend-Mishawaka, IN-MI Metro Area",6000,4554,622,209,269,346
310M300US43900,43900,"Spartanburg, SC Metro Area",6489,5762,446,45,112,124
310M300US44060,44060,"Spokane-Spokane Valley, WA Metro Area",11574,9413,837,382,723,219
310M300US44100,44100,"Springfield, IL Metro Area",3575,2685,165,58,284,383
310M300US44140,44140,"Springfield, MA Metro Area",18340,13131,2335,942,651,1281
310M300US44180,44180,"Springfield, MO Metro Area",5890,4728,559,118,121,364
310M300US44220,44220,"Springfield, OH Metro Area",929,701,185,3,20,20
310M300US44300,44300,"State College, PA Metro Area",9052,4492,1373,791,1131,1265
310M300US44420,44420,"Staunton-Waynesboro, VA Metro Area",924,467,108,115,110,124
310M300US44700,44700,"Stockton-Lodi, CA Metro Area",105152,88467,10179,4602,460,1444
310M300US44940,44940,"Sumter, SC Metro Area",1317,975,203,5,17,117
310M300US45060,45060,"Syracuse, NY Metro Area",18405,12796,2227,602,849,1931
310M300US45220,45220,"Tallahassee, FL Metro Area",9682,6363,1754,299,486,780
310M300US45300,45300,"Tampa-St. Petersburg-Clearwater, FL Metro Area",93060,77834,6803,2450,2887,3086
310M300US45460,45460,"Terre Haute, IN Metro Area",2142,1695,62,114,160,111
310M300US45500,45500,"Texarkana, TX-AR Metro Area",959,709,22,0,131,97
310M300US45540,45540,"The Villages, FL Metro Area",397,307,2,0,43,45
310M300US45780,45780,"Toledo, OH Metro Area",9816,7642,1023,333,350,468
310M300US45820,45820,"Topeka, KS Metro Area",2182,1642,136,143,130,131
310M300US45940,45940,"Trenton, NJ Metro Area",38281,32910,1872,1103,1046,1350
310M300US46060,46060,"Tucson, AZ Metro Area",27098,21118,2929,450,1234,1367
310M300US46140,46140,"Tulsa, OK Metro Area",20165,15514,2102,330,1207,1012
310M300US46220,46220,"Tuscaloosa, AL Metro Area",3044,2233,396,20,119,276
310M300US46340,46340,"Tyler, TX Metro Area",3279,2195,281,283,509,11
310M300US46520,46520,"Urban Honolulu, HI Metro Area",420551,383599,26568,705,4130,5549
310M300US46540,46540,"Utica-Rome, NY Metro Area",9009,7209,906,161,182,551
310M300US46660,46660,"Valdosta, GA Metro Area",2276,1729,60,22,189,276
310M300US46700,46700,"Vallejo-Fairfield, CA Metro Area",65060,55018,5889,2836,500,817
310M300US47020,47020,"Victoria, TX Metro Area",1226,977,54,69,75,51
310M300US47220,47220,"Vineland-Bridgeton, NJ Metro Area",2068,1745,254,13,46,10
310M300US47260,47260,"Virginia Beach-Norfolk-Newport News, VA-NC Metro Area",63115,52975,4367,2123,2073,1577
310M300US47300,47300,"Visalia-Porterville, CA Metro Area",15805,14245,865,271,317,107
310M300US47380,47380,"Waco, TX Metro Area",3914,2694,547,310,244,119
310M300US47460,47460,"Walla Walla, WA Metro Area",1017,751,109,64,38,55
310M300US47580,47580,"Warner Robins, GA Metro Area",4564,3775,195,246,81,267
310M300US47900,47900,"Washington-Arlington-Alexandria, DC-VA-MD-WV Metro Area",581181,487835,39235,14003,21732,18376
310M300US47940,47940,"Waterloo-Cedar Falls, IA Metro Area",2870,2385,141,181,60,103
310M300US48060,48060,"Watertown-Fort Drum, NY Metro Area",1644,1074,150,67,147,206
310M300US48140,48140,"Wausau, WI Metro Area",7300,6448,609,139,49,55
310M300US48260,48260,"Weirton-Steubenville, WV-OH Metro Area",463,427,4,0,32,0
310M300US48300,48300,"Wenatchee, WA Metro Area",1000,918,58,24,0,0
310M300US48540,48540,"Wheeling, WV-OH Metro Area",713,631,61,3,18,0
310M300US48620,48620,"Wichita, KS Metro Area",22523,19678,1792,149,372,532
310M300US48660,48660,"Wichita Falls, TX Metro Area",2922,2348,135,91,318,30
310M300US48700,48700,"Williamsport, PA Metro Area",782,732,0,44,6,0
310M300US48900,48900,"Wilmington, NC Metro Area",3101,2219,196,102,102,482
310M300US49020,49020,"Winchester, VA-WV Metro Area",1801,1333,51,327,71,19
310M300US49180,49180,"Winston-Salem, NC Metro Area",10088,7941,1023,243,521,360
310M300US49340,49340,"Worcester, MA-CT Metro Area",37977,32275,2380,1176,894,1252
310M300US49420,49420,"Yakima, WA Metro Area",2559,2023,164,216,36,120
310M300US49620,49620,"York-Hanover, PA Metro Area",6044,4964,398,220,246,216
310M300US49660,49660,"Youngstown-Warren-Boardman, OH-PA Metro Area",3575,3176,118,78,104,99
310M300US49700,49700,"Yuba City, CA Metro Area",19267,16757,1598,290,69,553
310M300US49740,49740,"Yuma, AZ Metro Area",2592,2022,134,92,250,94
