GEO.id,Id
GEO.id2,Id2
GEO.display-label,Geography
HC04_EST_VC01,Unemployment rate; Estimate; Population 16 years and over
HC04_EST_VC03,Unemployment rate; Estimate; AGE - 16 to 19 years
HC04_EST_VC04,Unemployment rate; Estimate; AGE - 20 to 24 years
HC04_EST_VC05,Unemployment rate; Estimate; AGE - 25 to 44 years
HC04_EST_VC06,Unemployment rate; Estimate; AGE - 45 to 54 years
HC04_EST_VC07,Unemployment rate; Estimate; AGE - 55 to 64 years
HC04_EST_VC08,Unemployment rate; Estimate; AGE - 65 to 74 years
HC04_EST_VC09,Unemployment rate; Estimate; AGE - 75 years and over
HC04_EST_VC12,Unemployment rate; Estimate; RACE AND HISPANIC OR LATINO ORIGIN - One race
HC04_EST_VC13,Unemployment rate; Estimate; RACE AND HISPANIC OR LATINO ORIGIN - One race - White
HC04_EST_VC14,Unemployment rate; Estimate; RACE AND HISPANIC OR LATINO ORIGIN - One race - Black or African American
HC04_EST_VC15,Unemployment rate; Estimate; RACE AND HISPANIC OR LATINO ORIGIN - One race - American Indian and Alaska Native
HC04_EST_VC16,Unemployment rate; Estimate; RACE AND HISPANIC OR LATINO ORIGIN - One race - Asian
HC04_EST_VC17,Unemployment rate; Estimate; RACE AND HISPANIC OR LATINO ORIGIN - One race - Native Hawaiian and Other Pacific Islander
HC04_EST_VC18,Unemployment rate; Estimate; RACE AND HISPANIC OR LATINO ORIGIN - One race - Some other race
HC04_EST_VC19,Unemployment rate; Estimate; RACE AND HISPANIC OR LATINO ORIGIN - Two or more races
HC04_EST_VC21,Unemployment rate; Estimate; Hispanic or Latino origin (of any race)
HC04_EST_VC22,"Unemployment rate; Estimate; White alone, not Hispanic or Latino"
HC04_EST_VC24,Unemployment rate; Estimate; Population 20 to 64 years
HC04_EST_VC26,Unemployment rate; Estimate; Population 20 to 64 years - SEX - Male
HC04_EST_VC27,Unemployment rate; Estimate; Population 20 to 64 years - SEX - Female
HC04_EST_VC28,Unemployment rate; Estimate; Population 20 to 64 years - SEX - Female - With own children under 6 years
HC04_EST_VC31,Unemployment rate; Estimate; POVERTY STATUS IN THE PAST 12 MONTHS - Below poverty level
HC04_EST_VC34,Unemployment rate; Estimate; DISABILITY STATUS - With any disability
HC04_EST_VC37,Unemployment rate; Estimate; EDUCATIONAL ATTAINMENT - Population 25 to 64 years
HC04_EST_VC38,Unemployment rate; Estimate; EDUCATIONAL ATTAINMENT - Population 25 to 64 years - Less than high school graduate
HC04_EST_VC39,Unemployment rate; Estimate; EDUCATIONAL ATTAINMENT - Population 25 to 64 years - High school graduate (includes equivalency)
HC04_EST_VC40,Unemployment rate; Estimate; EDUCATIONAL ATTAINMENT - Population 25 to 64 years - Some college or associate's degree
HC04_EST_VC41,Unemployment rate; Estimate; EDUCATIONAL ATTAINMENT - Population 25 to 64 years - Bachelor's degree or higher
HC04_EST_VC44,Unemployment rate; Estimate; PERCENT IMPUTED - Employment status for population 16 years and over
