GEO.id,GEO.id2,GEO.display-label,HD01_VD01,HD01_VD02,HD01_VD03,HD01_VD04,HD01_VD05,HD01_VD06
Id,Id2,Geography,Estimate; Total:,Estimate; Total: - Same house 1 year ago,Estimate; Total: - Moved within same county,Estimate; Total: - Moved from different county within same state,Estimate; Total: - Moved from different state,Estimate; Total: - Moved from abroad
310M200US10180,10180,"Abilene, TX Metro Area",2492,2006,259,133,58,36
310M200US10420,10420,"Akron, OH Metro Area",16553,13138,1074,592,428,1321
310M200US10500,10500,"Albany, GA Metro Area",1452,1109,24,152,123,44
310M200US10540,10540,"Albany, OR Metro Area",1443,1046,171,194,25,7
310M200US10580,10580,"Albany-Schenectady-Troy, NY Metro Area",32808,25855,1916,1623,1599,1815
310M200US10740,10740,"Albuquerque, NM Metro Area",17798,15242,1763,75,284,434
310M200US10780,10780,"Alexandria, LA Metro Area",1948,1599,71,48,8,222
310M200US10900,10900,"Allentown-Bethlehem-Easton, PA-NJ Metro Area",22538,19269,1249,635,799,586
310M200US11020,11020,"Altoona, PA Metro Area",889,779,25,0,35,50
310M200US11100,11100,"Amarillo, TX Metro Area",7560,5940,618,302,147,553
310M200US11180,11180,"Ames, IA Metro Area",6052,3115,1415,161,187,1174
310M200US11260,11260,"Anchorage, AK Metro Area",27362,22871,2479,370,1233,409
310M200US11460,11460,"Ann Arbor, MI Metro Area",29637,19437,3955,1921,1400,2924
310M200US11500,11500,"Anniston-Oxford-Jacksonville, AL Metro Area",1000,738,6,145,88,23
310M200US11540,11540,"Appleton, WI Metro Area",6867,5821,286,449,197,114
310M200US11700,11700,"Asheville, NC Metro Area",4232,3409,279,192,302,50
310M200US12020,12020,"Athens-Clarke County, GA Metro Area",6966,4916,584,948,183,335
310M200US12060,12060,"Atlanta-Sandy Springs-Roswell, GA Metro Area",290208,234476,21833,11265,11147,11487
310M200US12100,12100,"Atlantic City-Hammonton, NJ Metro Area",22693,20388,1166,206,298,635
310M200US12220,12220,"Auburn-Opelika, AL Metro Area",4858,2776,809,253,419,601
310M200US12260,12260,"Augusta-Richmond County, GA-SC Metro Area",10273,8609,468,549,459,188
310M200US12420,12420,"Austin-Round Rock, TX Metro Area",96287,72316,10871,4924,4458,3718
310M200US12540,12540,"Bakersfield, CA Metro Area",39239,32943,4214,936,353,793
310M200US12580,12580,"Baltimore-Columbia-Towson, MD Metro Area",140129,114707,9829,5267,5967,4359
310M200US12620,12620,"Bangor, ME Metro Area",1687,1380,181,23,28,75
310M200US12700,12700,"Barnstable Town, MA Metro Area",2914,2686,67,2,88,71
310M200US12940,12940,"Baton Rouge, LA Metro Area",15908,12895,1476,303,656,578
310M200US12980,12980,"Battle Creek, MI Metro Area",2544,1913,335,43,116,137
310M200US13020,13020,"Bay City, MI Metro Area",628,580,7,15,4,22
310M200US13140,13140,"Beaumont-Port Arthur, TX Metro Area",10047,8725,485,329,363,145
310M200US13220,13220,"Beckley, WV Metro Area",957,883,0,0,7,67
310M200US13380,13380,"Bellingham, WA Metro Area",8076,6304,926,535,163,148
310M200US13460,13460,"Bend-Redmond, OR Metro Area",2021,1528,283,158,28,24
310M200US13740,13740,"Billings, MT Metro Area",1146,876,9,36,162,63
310M200US13780,13780,"Binghamton, NY Metro Area",8345,5693,848,719,536,549
310M200US13820,13820,"Birmingham-Hoover, AL Metro Area",15461,12097,1012,821,977,554
310M200US13900,13900,"Bismarck, ND Metro Area",651,569,0,10,42,30
310M200US13980,13980,"Blacksburg-Christiansburg-Radford, VA Metro Area",6336,3681,961,930,229,535
310M200US14010,14010,"Bloomington, IL Metro Area",8061,5411,744,523,632,751
310M200US14020,14020,"Bloomington, IN Metro Area",8675,4174,2003,537,721,1240
310M200US14100,14100,"Bloomsburg-Berwick, PA Metro Area",1287,903,176,119,48,41
310M200US14260,14260,"Boise City, ID Metro Area",12741,9615,1633,522,569,402
310M200US14460,14460,"Boston-Cambridge-Newton, MA-NH Metro Area",333319,266351,27200,11776,12663,15329
310M200US14500,14500,"Boulder, CO Metro Area",13223,10061,814,588,819,941
310M200US14540,14540,"Bowling Green, KY Metro Area",3700,2874,386,51,235,154
310M200US14740,14740,"Bremerton-Silverdale, WA Metro Area",12216,10226,580,219,751,440
310M200US14860,14860,"Bridgeport-Stamford-Norwalk, CT Metro Area",46610,38021,3542,394,2323,2330
310M200US15180,15180,"Brownsville-Harlingen, TX Metro Area",2673,2254,249,27,27,116
310M200US15260,15260,"Brunswick, GA Metro Area",1204,1022,112,68,0,2
310M200US15380,15380,"Buffalo-Cheektowaga-Niagara Falls, NY Metro Area",31174,23036,3467,1416,731,2524
310M200US15500,15500,"Burlington, NC Metro Area",2291,1651,0,390,98,152
310M200US15540,15540,"Burlington-South Burlington, VT Metro Area",5319,4169,516,110,196,328
310M200US15680,15680,"California-Lexington Park, MD Metro Area",2935,2394,118,165,123,135
310M200US15940,15940,"Canton-Massillon, OH Metro Area",2966,2530,134,44,130,128
310M200US15980,15980,"Cape Coral-Fort Myers, FL Metro Area",10408,8963,501,438,411,95
310M200US16020,16020,"Cape Girardeau, MO-IL Metro Area",1126,688,168,113,22,135
310M200US16060,16060,"Carbondale-Marion, IL Metro Area",2607,1925,281,165,125,111
310M200US16180,16180,"Carson City, NV Metro Area",1609,1320,75,24,190,0
310M200US16220,16220,"Casper, WY Metro Area",758,552,63,59,26,58
310M200US16300,16300,"Cedar Rapids, IA Metro Area",4327,3121,627,59,160,360
310M200US16540,16540,"Chambersburg-Waynesboro, PA Metro Area",1540,1434,37,30,16,23
310M200US16580,16580,"Champaign-Urbana, IL Metro Area",20423,11263,4470,1321,1190,2179
310M200US16620,16620,"Charleston, WV Metro Area",2118,1761,56,20,70,211
310M200US16700,16700,"Charleston-North Charleston, SC Metro Area",12331,10279,706,311,811,224
310M200US16740,16740,"Charlotte-Concord-Gastonia, NC-SC Metro Area",72158,55997,7486,2463,3780,2432
310M200US16820,16820,"Charlottesville, VA Metro Area",8008,5472,715,880,316,625
310M200US16860,16860,"Chattanooga, TN-GA Metro Area",8400,7080,690,191,368,71
310M200US16940,16940,"Cheyenne, WY Metro Area",1112,724,234,22,93,39
310M200US16980,16980,"Chicago-Naperville-Elgin, IL-IN-WI Metro Area",576619,478497,51177,12574,14300,20071
310M200US17020,17020,"Chico, CA Metro Area",9534,7557,1329,515,81,52
310M200US17140,17140,"Cincinnati, OH-KY-IN Metro Area",45641,35319,3136,1667,2384,3135
310M200US17300,17300,"Clarksville, TN-KY Metro Area",4992,3990,244,94,496,168
310M200US17420,17420,"Cleveland, TN Metro Area",1079,950,115,0,0,14
310M200US17460,17460,"Cleveland-Elyria, OH Metro Area",42948,33845,3867,868,2259,2109
310M200US17660,17660,"Coeur d'Alene, ID Metro Area",1240,1151,18,19,22,30
310M200US17780,17780,"College Station-Bryan, TX Metro Area",11745,7123,1853,959,242,1568
310M200US17820,17820,"Colorado Springs, CO Metro Area",18041,13641,1904,493,1189,814
310M200US17860,17860,"Columbia, MO Metro Area",6904,3994,1377,155,436,942
310M200US17900,17900,"Columbia, SC Metro Area",15188,11671,1110,616,927,864
310M200US17980,17980,"Columbus, GA-AL Metro Area",5887,4663,186,108,767,163
310M200US18020,18020,"Columbus, IN Metro Area",3886,2547,345,62,347,585
310M200US18140,18140,"Columbus, OH Metro Area",66345,49252,7960,2162,4094,2877
310M200US18580,18580,"Corpus Christi, TX Metro Area",7387,6271,541,384,78,113
310M200US18700,18700,"Corvallis, OR Metro Area",5281,3633,572,290,140,646
310M200US18880,18880,"Crestview-Fort Walton Beach-Destin, FL Metro Area",6354,5586,394,120,198,56
310M200US19060,19060,"Cumberland, MD-WV Metro Area",719,432,90,75,52,70
310M200US19100,19100,"Dallas-Fort Worth-Arlington, TX Metro Area",399320,325874,30604,13639,13868,15335
310M200US19140,19140,"Dalton, GA Metro Area",1503,1169,124,134,39,37
310M200US19180,19180,"Danville, IL Metro Area",657,644,13,0,0,0
310M200US19300,19300,"Daphne-Fairhope-Foley, AL Metro Area",1307,848,59,42,17,341
310M200US19340,19340,"Davenport-Moline-Rock Island, IA-IL Metro Area",7177,5683,577,85,432,400
310M200US19380,19380,"Dayton, OH Metro Area",16736,13468,970,250,871,1177
310M200US19460,19460,"Decatur, AL Metro Area",757,685,30,0,42,0
310M200US19500,19500,"Decatur, IL Metro Area",1289,1147,65,51,12,14
310M200US19660,19660,"Deltona-Daytona Beach-Ormond Beach, FL Metro Area",10818,9029,417,346,694,332
310M200US19740,19740,"Denver-Aurora-Lakewood, CO Metro Area",103371,81650,8888,5370,3616,3847
310M200US19780,19780,"Des Moines-West Des Moines, IA Metro Area",20278,15001,2383,926,939,1029
310M200US19820,19820,"Detroit-Warren-Dearborn, MI Metro Area",159565,134376,9783,4220,4386,6800
310M200US20020,20020,"Dothan, AL Metro Area",1113,1040,20,32,19,2
310M200US20100,20100,"Dover, DE Metro Area",3545,3019,205,93,179,49
310M200US20220,20220,"Dubuque, IA Metro Area",1273,919,74,6,91,183
310M200US20260,20260,"Duluth, MN-WI Metro Area",2744,2025,264,293,76,86
310M200US20500,20500,"Durham-Chapel Hill, NC Metro Area",24200,16558,2360,1451,1564,2267
310M200US20700,20700,"East Stroudsburg, PA Metro Area",3690,3430,89,25,110,36
310M200US20740,20740,"Eau Claire, WI Metro Area",4231,3329,414,277,130,81
310M200US20940,20940,"El Centro, CA Metro Area",2690,2354,220,56,49,11
310M200US21060,21060,"Elizabethtown-Fort Knox, KY Metro Area",2653,1774,63,291,477,48
310M200US21140,21140,"Elkhart-Goshen, IN Metro Area",2127,1710,13,102,159,143
310M200US21300,21300,"Elmira, NY Metro Area",1286,1100,48,50,51,37
310M200US21340,21340,"El Paso, TX Metro Area",9133,7094,905,141,737,256
310M200US21500,21500,"Erie, PA Metro Area",3906,2797,552,78,195,284
310M200US21660,21660,"Eugene, OR Metro Area",8875,5779,1665,425,415,591
310M200US21780,21780,"Evansville, IN-KY Metro Area",3441,2084,466,387,355,149
310M200US21820,21820,"Fairbanks, AK Metro Area",2576,1795,194,6,313,268
310M200US22020,22020,"Fargo, ND-MN Metro Area",5034,3732,719,70,206,307
310M200US22140,22140,"Farmington, NM Metro Area",644,568,37,6,31,2
310M200US22180,22180,"Fayetteville, NC Metro Area",8476,6351,743,203,715,464
310M200US22220,22220,"Fayetteville-Springdale-Rogers, AR-MO Metro Area",13820,9745,1456,262,1077,1280
310M200US22380,22380,"Flagstaff, AZ Metro Area",2267,1373,315,66,288,225
310M200US22420,22420,"Flint, MI Metro Area",3916,3457,209,148,74,28
310M200US22500,22500,"Florence, SC Metro Area",1980,1598,42,116,219,5
310M200US22520,22520,"Florence-Muscle Shoals, AL Metro Area",850,753,69,12,9,7
310M200US22540,22540,"Fond du Lac, WI Metro Area",1321,566,233,76,29,417
310M200US22660,22660,"Fort Collins, CO Metro Area",6283,4151,890,277,559,406
310M200US22900,22900,"Fort Smith, AR-OK Metro Area",7064,5675,833,238,196,122
310M200US23060,23060,"Fort Wayne, IN Metro Area",11566,9368,1288,203,482,225
310M200US23420,23420,"Fresno, CA Metro Area",92231,76913,10919,2240,939,1220
310M200US23460,23460,"Gadsden, AL Metro Area",679,634,27,18,0,0
310M200US23540,23540,"Gainesville, FL Metro Area",14240,9011,2176,1192,790,1071
310M200US23580,23580,"Gainesville, GA Metro Area",3274,2942,171,44,25,92
310M200US23900,23900,"Gettysburg, PA Metro Area",731,563,91,0,40,37
310M200US24020,24020,"Glens Falls, NY Metro Area",882,820,0,55,7,0
310M200US24140,24140,"Goldsboro, NC Metro Area",1422,1113,51,65,115,78
310M200US24220,24220,"Grand Forks, ND-MN Metro Area",1872,1430,74,56,123,189
310M200US24260,24260,"Grand Island, NE Metro Area",721,617,55,31,18,0
310M200US24300,24300,"Grand Junction, CO Metro Area",902,744,57,48,39,14
310M200US24340,24340,"Grand Rapids-Wyoming, MI Metro Area",23549,18885,2225,737,799,903
310M200US24420,24420,"Grants Pass, OR Metro Area",653,614,24,0,15,0
310M200US24500,24500,"Great Falls, MT Metro Area",757,401,212,0,110,34
310M200US24540,24540,"Greeley, CO Metro Area",3644,3239,159,167,71,8
310M200US24580,24580,"Green Bay, WI Metro Area",7871,6327,813,243,345,143
310M200US24660,24660,"Greensboro-High Point, NC Metro Area",24076,20526,1522,740,620,668
310M200US24780,24780,"Greenville, NC Metro Area",2900,2198,253,157,193,99
310M200US24860,24860,"Greenville-Anderson-Mauldin, SC Metro Area",13859,10584,1223,902,399,751
310M200US25060,25060,"Gulfport-Biloxi-Pascagoula, MS Metro Area",9527,8082,661,155,281,348
310M200US25180,25180,"Hagerstown-Martinsburg, MD-WV Metro Area",3604,2941,83,164,387,29
310M200US25220,25220,"Hammond, LA Metro Area",957,742,22,50,143,0
310M200US25260,25260,"Hanford-Corcoran, CA Metro Area",5572,4162,824,346,12,228
310M200US25420,25420,"Harrisburg-Carlisle, PA Metro Area",17613,13835,1097,643,1142,896
310M200US25500,25500,"Harrisonburg, VA Metro Area",2657,1739,392,349,166,11
310M200US25540,25540,"Hartford-West Hartford-East Hartford, CT Metro Area",52864,41219,4104,1886,2683,2972
310M200US25620,25620,"Hattiesburg, MS Metro Area",1509,1044,112,215,85,53
310M200US25860,25860,"Hickory-Lenoir-Morganton, NC Metro Area",9824,8695,732,263,79,55
310M200US25940,25940,"Hilton Head Island-Bluffton-Beaufort, SC Metro Area",2171,1722,156,12,140,141
310M200US25980,25980,"Hinesville, GA Metro Area",1645,1412,28,21,119,65
310M200US26140,26140,"Homosassa Springs, FL Metro Area",2160,1893,133,19,53,62
310M200US26300,26300,"Hot Springs, AR Metro Area",612,403,18,0,183,8
310M200US26380,26380,"Houma-Thibodaux, LA Metro Area",1823,1530,83,99,111,0
310M200US26420,26420,"Houston-The Woodlands-Sugar Land, TX Metro Area",446045,377406,31710,11447,10603,14879
310M200US26580,26580,"Huntington-Ashland, WV-KY-OH Metro Area",2029,1502,156,71,178,122
310M200US26620,26620,"Huntsville, AL Metro Area",9611,7642,796,303,497,373
310M200US26820,26820,"Idaho Falls, ID Metro Area",918,677,44,100,42,55
310M200US26900,26900,"Indianapolis-Carmel-Anderson, IN Metro Area",47442,38710,3706,1365,2056,1605
310M200US26980,26980,"Iowa City, IA Metro Area",8319,5483,1350,193,426,867
310M200US27060,27060,"Ithaca, NY Metro Area",10303,5772,2144,90,587,1710
310M200US27100,27100,"Jackson, MI Metro Area",1061,846,46,40,11,118
310M200US27140,27140,"Jackson, MS Metro Area",6346,5081,156,289,470,350
310M200US27180,27180,"Jackson, TN Metro Area",1208,714,43,24,396,31
310M200US27260,27260,"Jacksonville, FL Metro Area",49885,40463,4666,1290,1299,2167
310M200US27340,27340,"Jacksonville, NC Metro Area",3346,2595,335,64,231,121
310M200US27500,27500,"Janesville-Beloit, WI Metro Area",1827,1419,231,90,71,16
310M200US27620,27620,"Jefferson City, MO Metro Area",1266,870,175,58,84,79
310M200US27740,27740,"Johnson City, TN Metro Area",1947,1429,276,27,152,63
310M200US27780,27780,"Johnstown, PA Metro Area",686,496,31,66,35,58
310M200US27860,27860,"Jonesboro, AR Metro Area",1225,891,168,0,16,150
310M200US27900,27900,"Joplin, MO Metro Area",2091,1859,8,36,95,93
310M200US27980,27980,"Kahului-Wailuku-Lahaina, HI Metro Area",44010,40864,2116,385,170,475
310M200US28020,28020,"Kalamazoo-Portage, MI Metro Area",6385,4840,631,568,107,239
310M200US28100,28100,"Kankakee, IL Metro Area",1248,1133,29,49,16,21
310M200US28140,28140,"Kansas City, MO-KS Metro Area",51754,41062,4661,1251,2546,2234
310M200US28420,28420,"Kennewick-Richland, WA Metro Area",6561,5536,342,108,197,378
310M200US28660,28660,"Killeen-Temple, TX Metro Area",10936,8877,625,523,591,320
310M200US28700,28700,"Kingsport-Bristol-Bristol, TN-VA Metro Area",1639,1346,27,51,181,34
310M200US28740,28740,"Kingston, NY Metro Area",3384,2988,89,185,5,117
310M200US28940,28940,"Knoxville, TN Metro Area",11466,9497,714,255,663,337
310M200US29020,29020,"Kokomo, IN Metro Area",1008,713,6,192,59,38
310M200US29100,29100,"La Crosse-Onalaska, WI-MN Metro Area",5177,4418,416,107,131,105
310M200US29180,29180,"Lafayette, LA Metro Area",7472,6077,776,237,275,107
310M200US29200,29200,"Lafayette-West Lafayette, IN Metro Area",12971,6306,2786,402,799,2678
310M200US29340,29340,"Lake Charles, LA Metro Area",2585,1700,521,37,250,77
310M200US29420,29420,"Lake Havasu City-Kingman, AZ Metro Area",2471,2144,117,37,117,56
310M200US29460,29460,"Lakeland-Winter Haven, FL Metro Area",10424,9491,452,313,130,38
310M200US29540,29540,"Lancaster, PA Metro Area",10716,9515,318,209,256,418
310M200US29620,29620,"Lansing-East Lansing, MI Metro Area",19151,12443,2539,1056,660,2453
310M200US29700,29700,"Laredo, TX Metro Area",1520,1431,36,9,18,26
310M200US29740,29740,"Las Cruces, NM Metro Area",2329,1775,245,26,224,59
310M200US29820,29820,"Las Vegas-Henderson-Paradise, NV Metro Area",185246,149825,23922,238,7692,3569
310M200US29940,29940,"Lawrence, KS Metro Area",4980,2739,717,287,192,1045
310M200US30020,30020,"Lawton, OK Metro Area",2724,1799,254,43,387,241
310M200US30140,30140,"Lebanon, PA Metro Area",1564,1328,63,101,61,11
310M200US30300,30300,"Lewiston, ID-WA Metro Area",594,420,14,14,109,37
310M200US30340,30340,"Lewiston-Auburn, ME Metro Area",842,786,15,0,35,6
310M200US30460,30460,"Lexington-Fayette, KY Metro Area",12101,8580,1433,258,694,1136
310M200US30620,30620,"Lima, OH Metro Area",791,621,112,0,21,37
310M200US30700,30700,"Lincoln, NE Metro Area",11875,9111,1203,210,336,1015
310M200US30780,30780,"Little Rock-North Little Rock-Conway, AR Metro Area",11217,8821,1179,416,541,260
310M200US30860,30860,"Logan, UT-ID Metro Area",2636,1981,227,76,33,319
310M200US30980,30980,"Longview, TX Metro Area",2252,1836,164,130,93,29
310M200US31020,31020,"Longview, WA Metro Area",1338,1102,208,0,0,28
310M200US31080,31080,"Los Angeles-Long Beach-Anaheim, CA Metro Area",1991575,1711034,182629,37480,18211,42221
310M200US31140,31140,"Louisville/Jefferson County, KY-IN Metro Area",22049,17924,1925,480,775,945
310M200US31180,31180,"Lubbock, TX Metro Area",5902,3975,776,501,298,352
310M200US31340,31340,"Lynchburg, VA Metro Area",3849,2381,884,177,167,240
310M200US31420,31420,"Macon, GA Metro Area",3189,2529,307,157,54,142
310M200US31460,31460,"Madera, CA Metro Area",3222,2634,102,468,9,9
310M200US31540,31540,"Madison, WI Metro Area",27786,18956,4419,1047,1242,2122
310M200US31700,31700,"Manchester-Nashua, NH Metro Area",14365,11722,957,197,512,977
310M200US31740,31740,"Manhattan, KS Metro Area",3470,2455,451,95,118,351
310M200US31860,31860,"Mankato-North Mankato, MN Metro Area",1812,1365,125,103,135,84
310M200US31900,31900,"Mansfield, OH Metro Area",869,741,0,53,12,63
310M200US32580,32580,"McAllen-Edinburg-Mission, TX Metro Area",8515,7390,569,113,0,443
310M200US32780,32780,"Medford, OR Metro Area",2159,1638,367,48,74,32
310M200US32820,32820,"Memphis, TN-MS-AR Metro Area",26495,22125,2297,268,826,979
310M200US32900,32900,"Merced, CA Metro Area",19682,15409,1883,1559,85,746
310M200US33100,33100,"Miami-Fort Lauderdale-West Palm Beach, FL Metro Area",139544,119150,11247,2751,3344,3052
310M200US33140,33140,"Michigan City-La Porte, IN Metro Area",552,521,7,2,22,0
310M200US33220,33220,"Midland, MI Metro Area",1936,1502,65,20,232,117
310M200US33260,33260,"Midland, TX Metro Area",2366,2079,142,34,85,26
310M200US33340,33340,"Milwaukee-Waukesha-West Allis, WI Metro Area",50213,39773,5440,1299,1747,1954
310M200US33460,33460,"Minneapolis-St. Paul-Bloomington, MN-WI Metro Area",208660,164858,22590,8591,5902,6719
310M200US33540,33540,"Missoula, MT Metro Area",1403,1113,128,45,18,99
310M200US33660,33660,"Mobile, AL Metro Area",8063,6868,668,97,181,249
310M200US33700,33700,"Modesto, CA Metro Area",28182,24105,2708,867,164,338
310M200US33740,33740,"Monroe, LA Metro Area",1431,1274,77,26,45,9
310M200US33780,33780,"Monroe, MI Metro Area",928,773,73,26,16,40
310M200US33860,33860,"Montgomery, AL Metro Area",6082,4570,571,163,251,527
310M200US34060,34060,"Morgantown, WV Metro Area",3256,2395,340,17,149,355
310M200US34100,34100,"Morristown, TN Metro Area",566,429,43,25,57,12
310M200US34580,34580,"Mount Vernon-Anacortes, WA Metro Area",2253,1591,344,237,41,40
310M200US34620,34620,"Muncie, IN Metro Area",1469,957,278,20,194,20
310M200US34740,34740,"Muskegon, MI Metro Area",867,761,11,18,18,59
310M200US34820,34820,"Myrtle Beach-Conway-North Myrtle Beach, SC-NC Metro Area",4036,3395,390,0,226,25
310M200US34900,34900,"Napa, CA Metro Area",10689,9017,615,578,236,243
310M200US34940,34940,"Naples-Immokalee-Marco Island, FL Metro Area",4220,2977,681,260,60,242
310M200US34980,34980,"Nashville-Davidson--Murfreesboro--Franklin, TN Metro Area",41828,32504,3317,976,2502,2529
310M200US35100,35100,"New Bern, NC Metro Area",2563,1944,96,50,5,468
310M200US35300,35300,"New Haven-Milford, CT Metro Area",33314,27770,1783,378,1318,2065
310M200US35380,35380,"New Orleans-Metairie, LA Metro Area",35409,30067,2307,984,961,1090
310M200US35620,35620,"New York-Newark-Jersey City, NY-NJ-PA Metro Area",2067720,1811528,120920,44625,40150,50497
310M200US35660,35660,"Niles-Benton Harbor, MI Metro Area",2811,2252,268,28,149,114
310M200US35840,35840,"North Port-Sarasota-Bradenton, FL Metro Area",12024,9982,643,623,445,331
310M200US35980,35980,"Norwich-New London, CT Metro Area",11225,9476,896,259,341,253
310M200US36100,36100,"Ocala, FL Metro Area",5042,3939,457,181,328,137
310M200US36140,36140,"Ocean City, NJ Metro Area",1088,870,132,34,37,15
310M200US36220,36220,"Odessa, TX Metro Area",1242,1040,147,12,38,5
310M200US36260,36260,"Ogden-Clearfield, UT Metro Area",9479,7635,575,442,492,335
310M200US36420,36420,"Oklahoma City, OK Metro Area",39989,32202,3063,1002,1558,2164
310M200US36500,36500,"Olympia-Tumwater, WA Metro Area",15183,13077,922,260,281,643
310M200US36540,36540,"Omaha-Council Bluffs, NE-IA Metro Area",21021,16505,1954,483,839,1240
310M200US36740,36740,"Orlando-Kissimmee-Sanford, FL Metro Area",94528,81099,5370,2559,1821,3679
310M200US36780,36780,"Oshkosh-Neenah, WI Metro Area",4088,3769,141,82,70,26
310M200US36980,36980,"Owensboro, KY Metro Area",918,697,91,57,6,67
310M200US37100,37100,"Oxnard-Thousand Oaks-Ventura, CA Metro Area",59053,50321,4516,1587,1278,1351
310M200US37340,37340,"Palm Bay-Melbourne-Titusville, FL Metro Area",12649,11241,475,147,479,307
310M200US37460,37460,"Panama City, FL Metro Area",3801,2767,383,403,149,99
310M200US37620,37620,"Parkersburg-Vienna, WV Metro Area",526,459,32,0,26,9
310M200US37860,37860,"Pensacola-Ferry Pass-Brent, FL Metro Area",11872,9472,883,545,533,439
310M200US37900,37900,"Peoria, IL Metro Area",8397,6227,789,382,435,564
310M200US37980,37980,"Philadelphia-Camden-Wilmington, PA-NJ-DE-MD Metro Area",326348,277393,19817,6471,11530,11137
310M200US38060,38060,"Phoenix-Mesa-Scottsdale, AZ Metro Area",157143,123043,19386,1381,7016,6317
310M200US38220,38220,"Pine Bluff, AR Metro Area",603,575,21,3,4,0
310M200US38300,38300,"Pittsburgh, PA Metro Area",47919,35328,5068,1302,2947,3274
310M200US38340,38340,"Pittsfield, MA Metro Area",1921,1382,159,239,52,89
310M200US38540,38540,"Pocatello, ID Metro Area",1093,783,198,28,49,35
310M200US38860,38860,"Portland-South Portland, ME Metro Area",8472,7098,720,105,236,313
310M200US38900,38900,"Portland-Vancouver-Hillsboro, OR-WA Metro Area",139708,116389,9622,3427,5683,4587
310M200US38940,38940,"Port St. Lucie, FL Metro Area",6698,5717,222,560,182,17
310M200US39140,39140,"Prescott, AZ Metro Area",1899,1523,134,93,117,32
310M200US39300,39300,"Providence-Warwick, RI-MA Metro Area",45092,35715,4147,649,2105,2476
310M200US39340,39340,"Provo-Orem, UT Metro Area",8158,5943,959,270,504,482
310M200US39380,39380,"Pueblo, CO Metro Area",1206,1052,49,37,44,24
310M200US39460,39460,"Punta Gorda, FL Metro Area",2106,1803,94,51,158,0
310M200US39540,39540,"Racine, WI Metro Area",2268,2126,47,4,39,52
310M200US39580,39580,"Raleigh, NC Metro Area",59848,48210,4268,1677,3051,2642
310M200US39660,39660,"Rapid City, SD Metro Area",1438,1114,121,63,56,84
310M200US39740,39740,"Reading, PA Metro Area",5793,4915,447,198,104,129
310M200US39820,39820,"Redding, CA Metro Area",4721,3821,270,498,84,48
310M200US39900,39900,"Reno, NV Metro Area",22906,18510,2617,360,777,642
310M200US40060,40060,"Richmond, VA Metro Area",43837,33777,3744,2100,2506,1710
310M200US40140,40140,"Riverside-San Bernardino-Ontario, CA Metro Area",279595,239276,19033,12883,2638,5765
310M200US40220,40220,"Roanoke, VA Metro Area",5757,4450,656,227,140,284
310M200US40340,40340,"Rochester, MN Metro Area",8869,7493,657,127,199,393
310M200US40380,40380,"Rochester, NY Metro Area",29330,22391,2596,882,1174,2287
310M200US40420,40420,"Rockford, IL Metro Area",7820,6542,519,234,375,150
310M200US40580,40580,"Rocky Mount, NC Metro Area",809,533,200,0,42,34
310M200US40660,40660,"Rome, GA Metro Area",1234,1023,88,38,79,6
310M200US40900,40900,"Sacramento--Roseville--Arden-Arcade, CA Metro Area",277368,224947,31930,12255,3049,5187
310M200US40980,40980,"Saginaw, MI Metro Area",2299,1717,318,55,50,159
310M200US41060,41060,"St. Cloud, MN Metro Area",3293,1608,398,1050,67,170
310M200US41100,41100,"St. George, UT Metro Area",954,804,41,26,28,55
310M200US41140,41140,"St. Joseph, MO-KS Metro Area",864,450,29,53,210,122
310M200US41180,41180,"St. Louis, MO-IL Metro Area",64037,50782,5621,2188,2723,2723
310M200US41420,41420,"Salem, OR Metro Area",7489,6018,610,376,210,275
310M200US41500,41500,"Salinas, CA Metro Area",25820,22357,1885,688,313,577
310M200US41540,41540,"Salisbury, MD-DE Metro Area",6447,5531,301,128,281,206
310M200US41620,41620,"Salt Lake City, UT Metro Area",39678,31383,4351,490,1701,1753
310M200US41660,41660,"San Angelo, TX Metro Area",1524,826,113,185,284,116
310M200US41700,41700,"San Antonio-New Braunfels, TX Metro Area",51325,39178,5831,1823,2162,2331
310M200US41740,41740,"San Diego-Carlsbad, CA Metro Area",365825,308334,36811,6635,4984,9061
310M200US41860,41860,"San Francisco-Oakland-Hayward, CA Metro Area",1094501,945485,69862,41447,13757,23950
310M200US41940,41940,"San Jose-Sunnyvale-Santa Clara, CA Metro Area",624990,526543,53670,12942,11065,20770
310M200US42020,42020,"San Luis Obispo-Paso Robles-Arroyo Grande, CA Metro Area",10108,6852,1693,1275,165,123
310M200US42100,42100,"Santa Cruz-Watsonville, CA Metro Area",11748,8617,1234,1522,113,262
310M200US42140,42140,"Santa Fe, NM Metro Area",1758,1258,162,31,228,79
310M200US42200,42200,"Santa Maria-Santa Barbara, CA Metro Area",22378,15874,3232,2160,317,795
310M200US42220,42220,"Santa Rosa, CA Metro Area",19129,16435,1735,715,127,117
310M200US42340,42340,"Savannah, GA Metro Area",8419,6782,536,286,622,193
310M200US42540,42540,"Scranton--Wilkes-Barre--Hazleton, PA Metro Area",8027,6216,790,181,474,366
310M200US42660,42660,"Seattle-Tacoma-Bellevue, WA Metro Area",435410,351256,45620,7379,14654,16501
310M200US42680,42680,"Sebastian-Vero Beach, FL Metro Area",1689,1400,71,114,104,0
310M200US42700,42700,"Sebring, FL Metro Area",1456,1356,57,0,0,43
310M200US43100,43100,"Sheboygan, WI Metro Area",5673,4333,824,305,174,37
310M200US43300,43300,"Sherman-Denison, TX Metro Area",1329,989,60,61,23,196
310M200US43340,43340,"Shreveport-Bossier City, LA Metro Area",5034,4179,466,79,203,107
310M200US43420,43420,"Sierra Vista-Douglas, AZ Metro Area",2177,1660,148,53,255,61
310M200US43580,43580,"Sioux City, IA-NE-SD Metro Area",3651,3099,199,23,258,72
310M200US43620,43620,"Sioux Falls, SD Metro Area",3576,2883,257,101,153,182
310M200US43780,43780,"South Bend-Mishawaka, IN-MI Metro Area",5750,4379,631,152,302,286
310M200US43900,43900,"Spartanburg, SC Metro Area",6402,5546,511,73,134,138
310M200US44060,44060,"Spokane-Spokane Valley, WA Metro Area",11287,9581,988,221,326,171
310M200US44100,44100,"Springfield, IL Metro Area",3584,2784,102,90,303,305
310M200US44140,44140,"Springfield, MA Metro Area",18229,13279,1871,956,508,1615
310M200US44180,44180,"Springfield, MO Metro Area",5637,4353,458,142,145,539
310M200US44220,44220,"Springfield, OH Metro Area",988,791,162,2,16,17
310M200US44300,44300,"State College, PA Metro Area",8607,4580,1386,577,924,1140
310M200US44420,44420,"Staunton-Waynesboro, VA Metro Area",896,638,34,71,60,93
310M200US44700,44700,"Stockton-Lodi, CA Metro Area",103514,87123,10431,3868,778,1314
310M200US44940,44940,"Sumter, SC Metro Area",1395,1115,122,0,49,109
310M200US45060,45060,"Syracuse, NY Metro Area",17833,12604,2080,522,622,2005
310M200US45220,45220,"Tallahassee, FL Metro Area",9361,6216,1630,248,516,751
310M200US45300,45300,"Tampa-St. Petersburg-Clearwater, FL Metro Area",89765,75277,6374,2069,2661,3384
310M200US45460,45460,"Terre Haute, IN Metro Area",2121,1695,91,88,119,128
310M200US45500,45500,"Texarkana, TX-AR Metro Area",946,741,19,8,117,61
310M200US45540,45540,"The Villages, FL Metro Area",776,565,1,0,104,106
310M200US45780,45780,"Toledo, OH Metro Area",9707,7563,983,392,333,436
310M200US45820,45820,"Topeka, KS Metro Area",2112,1616,195,119,113,69
310M200US45940,45940,"Trenton, NJ Metro Area",36985,31587,1758,1229,1000,1411
310M200US46060,46060,"Tucson, AZ Metro Area",27179,20646,3056,609,1358,1510
310M200US46140,46140,"Tulsa, OK Metro Area",18812,14284,2099,385,1134,910
310M200US46220,46220,"Tuscaloosa, AL Metro Area",2968,2334,234,42,114,244
310M200US46340,46340,"Tyler, TX Metro Area",3209,2245,218,384,332,30
310M200US46520,46520,"Urban Honolulu, HI Metro Area",416772,378063,28314,774,4262,5359
310M200US46540,46540,"Utica-Rome, NY Metro Area",8629,6926,1054,149,183,317
310M200US46660,46660,"Valdosta, GA Metro Area",2125,1636,86,20,144,239
310M200US46700,46700,"Vallejo-Fairfield, CA Metro Area",63676,54257,5805,1948,680,986
310M200US47020,47020,"Victoria, TX Metro Area",1141,940,59,23,54,65
310M200US47220,47220,"Vineland-Bridgeton, NJ Metro Area",2101,1760,258,28,38,17
310M200US47260,47260,"Virginia Beach-Norfolk-Newport News, VA-NC Metro Area",62559,51958,4534,2450,2056,1561
310M200US47300,47300,"Visalia-Porterville, CA Metro Area",15182,13478,968,291,330,115
310M200US47380,47380,"Waco, TX Metro Area",3781,2299,522,590,265,105
310M200US47460,47460,"Walla Walla, WA Metro Area",977,714,99,66,56,42
310M200US47580,47580,"Warner Robins, GA Metro Area",4479,4004,217,180,56,22
310M200US47900,47900,"Washington-Arlington-Alexandria, DC-VA-MD-WV Metro Area",571064,480079,39028,13525,21257,17175
310M200US47940,47940,"Waterloo-Cedar Falls, IA Metro Area",2465,1865,261,186,42,111
310M200US48060,48060,"Watertown-Fort Drum, NY Metro Area",1676,834,355,41,271,175
310M200US48140,48140,"Wausau, WI Metro Area",7189,6392,596,83,60,58
310M200US48260,48260,"Weirton-Steubenville, WV-OH Metro Area",426,385,6,0,35,0
310M200US48300,48300,"Wenatchee, WA Metro Area",885,820,43,22,0,0
310M200US48540,48540,"Wheeling, WV-OH Metro Area",759,681,52,4,22,0
310M200US48620,48620,"Wichita, KS Metro Area",22252,19123,2170,131,378,450
310M200US48660,48660,"Wichita Falls, TX Metro Area",2775,2435,94,72,139,35
310M200US48700,48700,"Williamsport, PA Metro Area",779,773,0,1,5,0
310M200US48900,48900,"Wilmington, NC Metro Area",3063,2034,228,119,99,583
310M200US49020,49020,"Winchester, VA-WV Metro Area",1803,1293,48,358,77,27
310M200US49180,49180,"Winston-Salem, NC Metro Area",9786,7879,997,288,419,203
310M200US49340,49340,"Worcester, MA-CT Metro Area",37122,31867,2192,912,856,1295
310M200US49420,49420,"Yakima, WA Metro Area",2662,1938,367,197,30,130
310M200US49620,49620,"York-Hanover, PA Metro Area",5944,4777,427,212,237,291
310M200US49660,49660,"Youngstown-Warren-Boardman, OH-PA Metro Area",3752,3420,95,74,83,80
310M200US49700,49700,"Yuba City, CA Metro Area",19023,16682,1513,266,177,385
310M200US49740,49740,"Yuma, AZ Metro Area",2597,1984,142,136,218,117
