GEO.id,GEO.id2,GEO.display-label,HD01_VD01,HD01_VD02,HD01_VD03,HD01_VD04,HD01_VD05,HD01_VD06
Id,Id2,Geography,Estimate; Total:,Estimate; Total: - Same house 1 year ago,Estimate; Total: - Moved within same county,Estimate; Total: - Moved from different county within same state,Estimate; Total: - Moved from different state,Estimate; Total: - Moved from abroad
310M300US10180,10180,"Abilene, TX Metro Area",4516,3231,476,496,203,110
310M300US10420,10420,"Akron, OH Metro Area",17872,14334,2234,868,238,198
310M300US10500,10500,"Albany, GA Metro Area",2309,1694,273,217,125,0
310M300US10540,10540,"Albany, OR Metro Area",3479,2966,246,186,72,9
310M300US10580,10580,"Albany-Schenectady-Troy, NY Metro Area",24707,19150,3103,1502,561,391
310M300US10740,10740,"Albuquerque, NM Metro Area",35650,28479,4747,1024,1225,175
310M300US10780,10780,"Alexandria, LA Metro Area",2776,1994,435,62,273,12
310M300US10900,10900,"Allentown-Bethlehem-Easton, PA-NJ Metro Area",21441,17387,2179,605,1027,243
310M300US11020,11020,"Altoona, PA Metro Area",1743,1485,193,38,27,0
310M300US11100,11100,"Amarillo, TX Metro Area",7894,6073,1151,455,215,0
310M300US11180,11180,"Ames, IA Metro Area",2450,1188,573,454,226,9
310M300US11260,11260,"Anchorage, AK Metro Area",36292,28208,5644,1132,1217,91
310M300US11460,11460,"Ann Arbor, MI Metro Area",14917,10746,2359,997,547,268
310M300US11500,11500,"Anniston-Oxford-Jacksonville, AL Metro Area",2555,1976,445,49,85,0
310M300US11540,11540,"Appleton, WI Metro Area",3653,2900,323,283,108,39
310M300US11700,11700,"Asheville, NC Metro Area",9134,7465,1118,341,190,20
310M300US12020,12020,"Athens-Clarke County, GA Metro Area",3269,2178,304,592,144,51
310M300US12060,12060,"Atlanta-Sandy Springs-Roswell, GA Metro Area",127950,99631,13358,7693,6076,1192
310M300US12100,12100,"Atlantic City-Hammonton, NJ Metro Area",9031,7908,793,39,273,18
310M300US12220,12220,"Auburn-Opelika, AL Metro Area",2240,1822,273,102,40,3
310M300US12260,12260,"Augusta-Richmond County, GA-SC Metro Area",12876,10444,972,641,690,129
310M300US12420,12420,"Austin-Round Rock, TX Metro Area",59919,46947,6654,3738,2155,425
310M300US12540,12540,"Bakersfield, CA Metro Area",28280,22399,3843,1439,450,149
310M300US12580,12580,"Baltimore-Columbia-Towson, MD Metro Area",75604,63058,7169,3010,1794,573
310M300US12620,12620,"Bangor, ME Metro Area",2485,2040,264,28,153,0
310M300US12700,12700,"Barnstable Town, MA Metro Area",4150,3395,629,38,75,13
310M300US12940,12940,"Baton Rouge, LA Metro Area",13395,10501,1940,549,301,104
310M300US12980,12980,"Battle Creek, MI Metro Area",4563,3370,1023,153,13,4
310M300US13020,13020,"Bay City, MI Metro Area",2575,2040,430,51,54,0
310M300US13140,13140,"Beaumont-Port Arthur, TX Metro Area",6900,5763,573,264,88,212
310M300US13220,13220,"Beckley, WV Metro Area",1624,1466,88,41,29,0
310M300US13380,13380,"Bellingham, WA Metro Area",8269,6470,1391,246,157,5
310M300US13460,13460,"Bend-Redmond, OR Metro Area",4910,3929,503,118,302,58
310M300US13740,13740,"Billings, MT Metro Area",3995,2977,853,82,83,0
310M300US13780,13780,"Binghamton, NY Metro Area",5793,4628,782,219,138,26
310M300US13820,13820,"Birmingham-Hoover, AL Metro Area",16284,13050,1975,777,432,50
310M300US13900,13900,"Bismarck, ND Metro Area",2359,1769,315,143,132,0
310M300US13980,13980,"Blacksburg-Christiansburg-Radford, VA Metro Area",3235,2076,483,423,128,125
310M300US14010,14010,"Bloomington, IL Metro Area",4090,3174,510,237,148,21
310M300US14020,14020,"Bloomington, IN Metro Area",4286,2993,827,288,178,0
310M300US14100,14100,"Bloomsburg-Berwick, PA Metro Area",755,575,111,41,28,0
310M300US14260,14260,"Boise City, ID Metro Area",18798,13956,2830,698,1257,57
310M300US14460,14460,"Boston-Cambridge-Newton, MA-NH Metro Area",143255,118086,13913,4523,4154,2579
310M300US14500,14500,"Boulder, CO Metro Area",8409,6011,1372,473,514,39
310M300US14540,14540,"Bowling Green, KY Metro Area",2735,1616,410,402,241,66
310M300US14740,14740,"Bremerton-Silverdale, WA Metro Area",18405,14326,1978,930,1070,101
310M300US14860,14860,"Bridgeport-Stamford-Norwalk, CT Metro Area",25272,20549,2964,364,914,481
310M300US15180,15180,"Brownsville-Harlingen, TX Metro Area",3669,3094,445,44,30,56
310M300US15260,15260,"Brunswick, GA Metro Area",2822,2342,288,122,58,12
310M300US15380,15380,"Buffalo-Cheektowaga-Niagara Falls, NY Metro Area",24412,20197,3093,603,388,131
310M300US15500,15500,"Burlington, NC Metro Area",4068,3115,656,124,165,8
310M300US15540,15540,"Burlington-South Burlington, VT Metro Area",4686,4052,306,119,168,41
310M300US15680,15680,"California-Lexington Park, MD Metro Area",3523,2569,399,310,235,10
310M300US15940,15940,"Canton-Massillon, OH Metro Area",11465,8738,1953,465,287,22
310M300US15980,15980,"Cape Coral-Fort Myers, FL Metro Area",11918,9237,1521,210,850,100
310M300US16020,16020,"Cape Girardeau, MO-IL Metro Area",1921,1357,267,168,97,32
310M300US16060,16060,"Carbondale-Marion, IL Metro Area",3053,2200,328,351,114,60
310M300US16180,16180,"Carson City, NV Metro Area",1519,1208,151,30,86,44
310M300US16220,16220,"Casper, WY Metro Area",2099,1734,281,14,49,21
310M300US16300,16300,"Cedar Rapids, IA Metro Area",6021,4634,830,225,264,68
310M300US16540,16540,"Chambersburg-Waynesboro, PA Metro Area",1904,1598,217,47,37,5
310M300US16580,16580,"Champaign-Urbana, IL Metro Area",6327,4671,1037,395,159,65
310M300US16620,16620,"Charleston, WV Metro Area",8835,6689,1599,272,213,62
310M300US16700,16700,"Charleston-North Charleston, SC Metro Area",17094,13132,1542,1167,1201,52
310M300US16740,16740,"Charlotte-Concord-Gastonia, NC-SC Metro Area",53055,41667,6560,2294,2209,325
310M300US16820,16820,"Charlottesville, VA Metro Area",6148,4344,503,829,244,228
310M300US16860,16860,"Chattanooga, TN-GA Metro Area",11607,9565,945,673,415,9
310M300US16940,16940,"Cheyenne, WY Metro Area",3197,2258,511,169,259,0
310M300US16980,16980,"Chicago-Naperville-Elgin, IL-IN-WI Metro Area",220591,183789,23942,5709,5452,1699
310M300US17020,17020,"Chico, CA Metro Area",13445,10146,2287,803,203,6
310M300US17140,17140,"Cincinnati, OH-KY-IN Metro Area",44621,35783,5271,2209,1193,165
310M300US17300,17300,"Clarksville, TN-KY Metro Area",10912,8032,1470,72,1286,52
310M300US17420,17420,"Cleveland, TN Metro Area",1948,1571,268,17,92,0
310M300US17460,17460,"Cleveland-Elyria, OH Metro Area",50246,38759,7946,1383,1539,619
310M300US17660,17660,"Coeur d'Alene, ID Metro Area",3794,3043,395,102,254,0
310M300US17780,17780,"College Station-Bryan, TX Metro Area",6606,3991,1501,892,77,145
310M300US17820,17820,"Colorado Springs, CO Metro Area",36515,25532,6165,998,3115,705
310M300US17860,17860,"Columbia, MO Metro Area",7456,4753,1524,679,463,37
310M300US17900,17900,"Columbia, SC Metro Area",19679,14622,1872,1013,1983,189
310M300US17980,17980,"Columbus, GA-AL Metro Area",11476,8241,1347,620,980,288
310M300US18020,18020,"Columbus, IN Metro Area",1308,1110,28,78,51,41
310M300US18140,18140,"Columbus, OH Metro Area",60227,44516,10725,3214,1521,251
310M300US18580,18580,"Corpus Christi, TX Metro Area",8478,6499,1233,516,230,0
310M300US18700,18700,"Corvallis, OR Metro Area",2860,1955,280,436,180,9
310M300US18880,18880,"Crestview-Fort Walton Beach-Destin, FL Metro Area",9857,8004,1022,189,576,66
310M300US19060,19060,"Cumberland, MD-WV Metro Area",1700,1398,141,141,20,0
310M300US19100,19100,"Dallas-Fort Worth-Arlington, TX Metro Area",191810,150943,22914,10232,5939,1782
310M300US19140,19140,"Dalton, GA Metro Area",2059,1791,67,129,70,2
310M300US19180,19180,"Danville, IL Metro Area",1264,1041,166,26,3,28
310M300US19300,19300,"Daphne-Fairhope-Foley, AL Metro Area",3776,3210,132,338,38,58
310M300US19340,19340,"Davenport-Moline-Rock Island, IA-IL Metro Area",10051,8165,1246,174,436,30
310M300US19380,19380,"Dayton, OH Metro Area",22579,17623,3630,671,495,160
310M300US19460,19460,"Decatur, AL Metro Area",4625,3646,586,272,119,2
310M300US19500,19500,"Decatur, IL Metro Area",5856,4212,1282,231,113,18
310M300US19660,19660,"Deltona-Daytona Beach-Ormond Beach, FL Metro Area",11961,9947,1088,390,342,194
310M300US19740,19740,"Denver-Aurora-Lakewood, CO Metro Area",92544,72752,8262,7513,3426,591
310M300US19780,19780,"Des Moines-West Des Moines, IA Metro Area",14444,10530,2400,736,755,23
310M300US19820,19820,"Detroit-Warren-Dearborn, MI Metro Area",100381,83003,11934,3681,1278,485
310M300US20020,20020,"Dothan, AL Metro Area",2519,2003,367,59,87,3
310M300US20100,20100,"Dover, DE Metro Area",6994,5005,1441,107,391,50
310M300US20220,20220,"Dubuque, IA Metro Area",1822,1364,214,75,166,3
310M300US20260,20260,"Duluth, MN-WI Metro Area",7343,5611,1218,315,186,13
310M300US20500,20500,"Durham-Chapel Hill, NC Metro Area",15209,11637,1114,1214,1052,192
310M300US20700,20700,"East Stroudsburg, PA Metro Area",5122,4616,297,101,96,12
310M300US20740,20740,"Eau Claire, WI Metro Area",3083,2378,249,378,78,0
310M300US20940,20940,"El Centro, CA Metro Area",8272,7095,772,236,108,61
310M300US21060,21060,"Elizabethtown-Fort Knox, KY Metro Area",5848,3302,1298,305,871,72
310M300US21140,21140,"Elkhart-Goshen, IN Metro Area",5421,3955,1174,235,47,10
310M300US21300,21300,"Elmira, NY Metro Area",2908,2469,370,38,31,0
310M300US21340,21340,"El Paso, TX Metro Area",17061,13530,2016,210,992,313
310M300US21420,21420,"Enid, OK Metro Area",2988,2494,406,52,36,0
310M300US21500,21500,"Erie, PA Metro Area",7497,5912,1218,121,246,0
310M300US21660,21660,"Eugene, OR Metro Area",16459,12443,2695,474,573,274
310M300US21780,21780,"Evansville, IN-KY Metro Area",7077,5374,1172,322,189,20
310M300US21820,21820,"Fairbanks, AK Metro Area",7980,5754,1304,229,632,61
310M300US22020,22020,"Fargo, ND-MN Metro Area",5894,3839,1101,326,553,75
310M300US22140,22140,"Farmington, NM Metro Area",3540,2830,520,40,109,41
310M300US22180,22180,"Fayetteville, NC Metro Area",20605,14775,2593,1084,1688,465
310M300US22220,22220,"Fayetteville-Springdale-Rogers, AR-MO Metro Area",14421,10832,1745,743,1027,74
310M300US22380,22380,"Flagstaff, AZ Metro Area",4639,3542,397,349,351,0
310M300US22420,22420,"Flint, MI Metro Area",12094,9907,1816,277,94,0
310M300US22500,22500,"Florence, SC Metro Area",3034,2352,542,113,27,0
310M300US22520,22520,"Florence-Muscle Shoals, AL Metro Area",2747,2235,237,215,34,26
310M300US22540,22540,"Fond du Lac, WI Metro Area",1661,1169,334,152,6,0
310M300US22660,22660,"Fort Collins, CO Metro Area",10505,7513,1701,496,605,190
310M300US22900,22900,"Fort Smith, AR-OK Metro Area",15889,13217,1439,688,516,29
310M300US23060,23060,"Fort Wayne, IN Metro Area",12402,9717,1862,400,355,68
310M300US23420,23420,"Fresno, CA Metro Area",36772,30167,4920,1196,369,120
310M300US23460,23460,"Gadsden, AL Metro Area",1569,1262,211,90,6,0
310M300US23540,23540,"Gainesville, FL Metro Area",8372,5965,1494,676,109,128
310M300US23580,23580,"Gainesville, GA Metro Area",3391,2787,385,120,88,11
310M300US23900,23900,"Gettysburg, PA Metro Area",2095,1760,247,30,58,0
310M300US24020,24020,"Glens Falls, NY Metro Area",1529,1230,95,185,10,9
310M300US24140,24140,"Goldsboro, NC Metro Area",3900,2502,943,196,118,141
310M300US24220,24220,"Grand Forks, ND-MN Metro Area",2752,1933,217,59,501,42
310M300US24260,24260,"Grand Island, NE Metro Area",1089,916,103,43,27,0
310M300US24300,24300,"Grand Junction, CO Metro Area",3770,2825,366,253,269,57
310M300US24340,24340,"Grand Rapids-Wyoming, MI Metro Area",29824,22608,4958,1701,434,123
310M300US24420,24420,"Grants Pass, OR Metro Area",2751,2267,296,97,60,31
310M300US24500,24500,"Great Falls, MT Metro Area",3061,2319,536,61,145,0
310M300US24540,24540,"Greeley, CO Metro Area",7545,6004,772,298,424,47
310M300US24580,24580,"Green Bay, WI Metro Area",8192,6479,1244,300,160,9
310M300US24660,24660,"Greensboro-High Point, NC Metro Area",15050,12468,1555,554,422,51
310M300US24780,24780,"Greenville, NC Metro Area",3752,2750,359,476,149,18
310M300US24860,24860,"Greenville-Anderson-Mauldin, SC Metro Area",14840,11794,1537,912,513,84
310M300US25060,25060,"Gulfport-Biloxi-Pascagoula, MS Metro Area",9035,7031,1206,241,476,81
310M300US25180,25180,"Hagerstown-Martinsburg, MD-WV Metro Area",8143,6621,835,329,326,32
310M300US25220,25220,"Hammond, LA Metro Area",2462,2103,84,186,89,0
310M300US25260,25260,"Hanford-Corcoran, CA Metro Area",6094,4388,1013,592,85,16
310M300US25420,25420,"Harrisburg-Carlisle, PA Metro Area",14343,10988,2073,831,252,199
310M300US25500,25500,"Harrisonburg, VA Metro Area",2655,2067,211,198,106,73
310M300US25540,25540,"Hartford-West Hartford-East Hartford, CT Metro Area",36312,29882,3859,1155,1191,225
310M300US25620,25620,"Hattiesburg, MS Metro Area",2014,1335,223,250,157,49
310M300US25860,25860,"Hickory-Lenoir-Morganton, NC Metro Area",5519,4288,850,227,125,29
310M300US25940,25940,"Hilton Head Island-Bluffton-Beaufort, SC Metro Area",4334,3175,401,165,460,133
310M300US25980,25980,"Hinesville, GA Metro Area",3892,2970,207,258,356,101
310M300US26140,26140,"Homosassa Springs, FL Metro Area",1939,1581,173,88,29,68
310M300US26300,26300,"Hot Springs, AR Metro Area",2000,1578,312,67,43,0
310M300US26380,26380,"Houma-Thibodaux, LA Metro Area",4931,3748,873,178,132,0
310M300US26420,26420,"Houston-The Woodlands-Sugar Land, TX Metro Area",146173,118495,16350,4720,4256,2352
310M300US26580,26580,"Huntington-Ashland, WV-KY-OH Metro Area",5803,4300,762,307,421,13
310M300US26620,26620,"Huntsville, AL Metro Area",11692,9856,1230,213,311,82
310M300US26820,26820,"Idaho Falls, ID Metro Area",3312,2392,676,134,110,0
310M300US26900,26900,"Indianapolis-Carmel-Anderson, IN Metro Area",44011,34962,5838,1620,1255,336
310M300US26980,26980,"Iowa City, IA Metro Area",3187,2549,403,118,105,12
310M300US27060,27060,"Ithaca, NY Metro Area",3717,2423,555,181,458,100
310M300US27100,27100,"Jackson, MI Metro Area",3403,2732,376,227,59,9
310M300US27140,27140,"Jackson, MS Metro Area",4693,3714,458,234,263,24
310M300US27180,27180,"Jackson, TN Metro Area",1894,1694,97,82,18,3
310M300US27260,27260,"Jacksonville, FL Metro Area",43640,33184,6158,2095,1760,443
310M300US27340,27340,"Jacksonville, NC Metro Area",9671,7032,1513,240,763,123
310M300US27500,27500,"Janesville-Beloit, WI Metro Area",6103,4634,1150,118,195,6
310M300US27620,27620,"Jefferson City, MO Metro Area",2961,2206,541,180,32,2
310M300US27740,27740,"Johnson City, TN Metro Area",3123,2367,449,144,143,20
310M300US27780,27780,"Johnstown, PA Metro Area",2586,1934,437,68,126,21
310M300US27860,27860,"Jonesboro, AR Metro Area",2707,1934,621,132,19,1
310M300US27900,27900,"Joplin, MO Metro Area",5166,4347,580,92,137,10
310M300US27980,27980,"Kahului-Wailuku-Lahaina, HI Metro Area",38020,31956,4840,494,655,75
310M300US28020,28020,"Kalamazoo-Portage, MI Metro Area",13807,10690,2068,915,99,35
310M300US28100,28100,"Kankakee, IL Metro Area",1975,1754,120,70,20,11
310M300US28140,28140,"Kansas City, MO-KS Metro Area",60239,47107,7721,1952,3100,359
310M300US28420,28420,"Kennewick-Richland, WA Metro Area",10519,8035,1452,720,270,42
310M300US28660,28660,"Killeen-Temple, TX Metro Area",22742,17859,2513,988,1265,117
310M300US28700,28700,"Kingsport-Bristol-Bristol, TN-VA Metro Area",4870,3924,473,201,242,30
310M300US28740,28740,"Kingston, NY Metro Area",6709,5083,854,682,33,57
310M300US28940,28940,"Knoxville, TN Metro Area",15300,11560,2073,825,745,97
310M300US29020,29020,"Kokomo, IN Metro Area",1840,1403,355,36,46,0
310M300US29100,29100,"La Crosse-Onalaska, WI-MN Metro Area",2468,1892,439,96,31,10
310M300US29180,29180,"Lafayette, LA Metro Area",9786,7420,1181,800,385,0
310M300US29200,29200,"Lafayette-West Lafayette, IN Metro Area",3838,2613,515,335,270,105
310M300US29340,29340,"Lake Charles, LA Metro Area",4062,3205,542,103,147,65
310M300US29420,29420,"Lake Havasu City-Kingman, AZ Metro Area",5432,4002,876,102,433,19
310M300US29460,29460,"Lakeland-Winter Haven, FL Metro Area",15937,12991,1920,538,329,159
310M300US29540,29540,"Lancaster, PA Metro Area",10529,9134,1027,139,136,93
310M300US29620,29620,"Lansing-East Lansing, MI Metro Area",20447,13826,3948,1752,684,237
310M300US29700,29700,"Laredo, TX Metro Area",1543,1372,123,20,8,20
310M300US29740,29740,"Las Cruces, NM Metro Area",3951,3352,463,57,79,0
310M300US29820,29820,"Las Vegas-Henderson-Paradise, NV Metro Area",98774,73927,18460,176,5673,538
310M300US29940,29940,"Lawrence, KS Metro Area",5042,2594,1688,399,361,0
310M300US30020,30020,"Lawton, OK Metro Area",10902,7454,2135,321,917,75
310M300US30140,30140,"Lebanon, PA Metro Area",2848,2521,280,37,3,7
310M300US30300,30300,"Lewiston, ID-WA Metro Area",1750,1184,279,53,231,3
310M300US30340,30340,"Lewiston-Auburn, ME Metro Area",5044,3554,975,241,257,17
310M300US30460,30460,"Lexington-Fayette, KY Metro Area",12053,8180,2334,665,702,172
310M300US30620,30620,"Lima, OH Metro Area",3136,2345,624,113,54,0
310M300US30700,30700,"Lincoln, NE Metro Area",8699,6074,1699,353,410,163
310M300US30780,30780,"Little Rock-North Little Rock-Conway, AR Metro Area",15802,12969,1397,706,580,150
310M300US30860,30860,"Logan, UT-ID Metro Area",2560,2125,312,53,45,25
310M300US30980,30980,"Longview, TX Metro Area",4175,2995,918,162,100,0
310M300US31020,31020,"Longview, WA Metro Area",4531,3355,683,358,135,0
310M300US31080,31080,"Los Angeles-Long Beach-Anaheim, CA Metro Area",496106,415734,57692,11349,7000,4331
310M300US31140,31140,"Louisville/Jefferson County, KY-IN Metro Area",31429,25589,4033,1010,632,165
310M300US31180,31180,"Lubbock, TX Metro Area",8335,5924,1572,580,218,41
310M300US31340,31340,"Lynchburg, VA Metro Area",5950,4877,486,409,162,16
310M300US31420,31420,"Macon-Bibb County, GA Metro Area",3289,2476,462,224,91,36
310M300US31460,31460,"Madera, CA Metro Area",5401,4450,398,469,37,47
310M300US31540,31540,"Madison, WI Metro Area",15759,11445,2965,488,750,111
310M300US31700,31700,"Manchester-Nashua, NH Metro Area",8820,7100,1048,148,444,80
310M300US31740,31740,"Manhattan, KS Metro Area",3510,2423,342,278,395,72
310M300US31860,31860,"Mankato-North Mankato, MN Metro Area",1765,1204,228,258,75,0
310M300US31900,31900,"Mansfield, OH Metro Area",4870,3269,1017,561,15,8
310M300US32580,32580,"McAllen-Edinburg-Mission, TX Metro Area",7610,6689,636,94,105,86
310M300US32780,32780,"Medford, OR Metro Area",8286,5961,1453,248,619,5
310M300US32820,32820,"Memphis, TN-MS-AR Metro Area",22444,17024,4024,531,810,55
310M300US32900,32900,"Merced, CA Metro Area",11388,9527,1155,570,129,7
310M300US33100,33100,"Miami-Fort Lauderdale-West Palm Beach, FL Metro Area",122297,98514,15346,3243,3712,1482
310M300US33140,33140,"Michigan City-La Porte, IN Metro Area",2933,2476,133,177,147,0
310M300US33220,33220,"Midland, MI Metro Area",1400,1169,110,72,49,0
310M300US33260,33260,"Midland, TX Metro Area",3444,2754,233,201,238,18
310M300US33340,33340,"Milwaukee-Waukesha-West Allis, WI Metro Area",39122,31210,5456,1274,953,229
310M300US33460,33460,"Minneapolis-St. Paul-Bloomington, MN-WI Metro Area",106691,84255,12686,6238,2849,663
310M300US33540,33540,"Missoula, MT Metro Area",3732,2753,468,297,214,0
310M300US33660,33660,"Mobile, AL Metro Area",7006,5853,784,158,211,0
310M300US33700,33700,"Modesto, CA Metro Area",22401,18080,3408,803,95,15
310M300US33740,33740,"Monroe, LA Metro Area",1457,1149,107,111,82,8
310M300US33780,33780,"Monroe, MI Metro Area",2191,1861,241,68,21,0
310M300US33860,33860,"Montgomery, AL Metro Area",6236,4831,664,353,275,113
310M300US34060,34060,"Morgantown, WV Metro Area",2290,1719,315,45,211,0
310M300US34100,34100,"Morristown, TN Metro Area",2361,2192,35,111,23,0
310M300US34580,34580,"Mount Vernon-Anacortes, WA Metro Area",4473,3608,466,272,118,9
310M300US34620,34620,"Muncie, IN Metro Area",3559,1835,1106,388,215,15
310M300US34740,34740,"Muskegon, MI Metro Area",6294,4828,1000,311,137,18
310M300US34820,34820,"Myrtle Beach-Conway-North Myrtle Beach, SC-NC Metro Area",7216,5493,1031,356,326,10
310M300US34900,34900,"Napa, CA Metro Area",4932,4191,445,214,55,27
310M300US34940,34940,"Naples-Immokalee-Marco Island, FL Metro Area",3876,2932,601,113,230,0
310M300US34980,34980,"Nashville-Davidson--Murfreesboro--Franklin, TN Metro Area",36559,28790,4597,1369,1384,419
310M300US35100,35100,"New Bern, NC Metro Area",3193,2189,453,144,396,11
310M300US35300,35300,"New Haven-Milford, CT Metro Area",22740,18492,2570,519,709,450
310M300US35380,35380,"New Orleans-Metairie, LA Metro Area",22253,18083,2281,507,1155,227
310M300US35620,35620,"New York-Newark-Jersey City, NY-NJ-PA Metro Area",562231,498628,35889,13455,8283,5976
310M300US35660,35660,"Niles-Benton Harbor, MI Metro Area",4476,3400,769,69,180,58
310M300US35840,35840,"North Port-Sarasota-Bradenton, FL Metro Area",12221,10360,926,247,502,186
310M300US35980,35980,"Norwich-New London, CT Metro Area",13171,9972,1742,466,920,71
310M300US36100,36100,"Ocala, FL Metro Area",8475,6941,819,513,170,32
310M300US36140,36140,"Ocean City, NJ Metro Area",1529,1393,81,0,55,0
310M300US36220,36220,"Odessa, TX Metro Area",4381,3174,805,161,148,93
310M300US36260,36260,"Ogden-Clearfield, UT Metro Area",17397,13781,2368,750,423,75
310M300US36420,36420,"Oklahoma City, OK Metro Area",83578,64168,12485,4519,2081,325
310M300US36500,36500,"Olympia-Tumwater, WA Metro Area",13955,10654,1516,861,819,105
310M300US36540,36540,"Omaha-Council Bluffs, NE-IA Metro Area",23469,18109,3275,805,1163,117
310M300US36740,36740,"Orlando-Kissimmee-Sanford, FL Metro Area",71049,56441,8262,2809,2615,922
310M300US36780,36780,"Oshkosh-Neenah, WI Metro Area",2283,1937,183,144,19,0
310M300US36980,36980,"Owensboro, KY Metro Area",2380,2014,287,78,1,0
310M300US37100,37100,"Oxnard-Thousand Oaks-Ventura, CA Metro Area",35517,30394,3428,913,606,176
310M300US37340,37340,"Palm Bay-Melbourne-Titusville, FL Metro Area",14840,11876,1950,320,386,308
310M300US37460,37460,"Panama City, FL Metro Area",6170,4596,775,205,488,106
310M300US37620,37620,"Parkersburg-Vienna, WV Metro Area",1339,1093,177,5,64,0
310M300US37860,37860,"Pensacola-Ferry Pass-Brent, FL Metro Area",21827,14796,4340,972,1533,186
310M300US37900,37900,"Peoria, IL Metro Area",8693,6606,1637,362,79,9
310M300US37980,37980,"Philadelphia-Camden-Wilmington, PA-NJ-DE-MD Metro Area",149399,125892,13616,4536,4292,1063
310M300US38060,38060,"Phoenix-Mesa-Scottsdale, AZ Metro Area",141431,109942,21587,2846,6396,660
310M300US38220,38220,"Pine Bluff, AR Metro Area",1132,974,95,27,36,0
310M300US38300,38300,"Pittsburgh, PA Metro Area",47735,38050,6235,1464,1500,486
310M300US38340,38340,"Pittsfield, MA Metro Area",3323,2673,366,34,238,12
310M300US38540,38540,"Pocatello, ID Metro Area",2559,2024,274,97,119,45
310M300US38860,38860,"Portland-South Portland, ME Metro Area",10411,8733,1032,423,179,44
310M300US38900,38900,"Portland-Vancouver-Hillsboro, OR-WA Metro Area",104844,82236,12350,4724,5024,510
310M300US38940,38940,"Port St. Lucie, FL Metro Area",8532,7453,357,363,359,0
310M300US39140,39140,"Prescott, AZ Metro Area",4608,3620,430,284,264,10
310M300US39300,39300,"Providence-Warwick, RI-MA Metro Area",43720,34789,5517,1422,1570,422
310M300US39340,39340,"Provo-Orem, UT Metro Area",14934,10952,2539,519,616,308
310M300US39380,39380,"Pueblo, CO Metro Area",6866,5187,1273,241,165,0
310M300US39460,39460,"Punta Gorda, FL Metro Area",3281,2723,294,195,58,11
310M300US39540,39540,"Racine, WI Metro Area",5824,4914,527,289,94,0
310M300US39580,39580,"Raleigh, NC Metro Area",31911,25309,4018,985,1198,401
310M300US39660,39660,"Rapid City, SD Metro Area",6289,4529,1132,435,189,4
310M300US39740,39740,"Reading, PA Metro Area",20380,16611,2497,644,370,258
310M300US39820,39820,"Redding, CA Metro Area",8026,6215,1169,405,217,20
310M300US39900,39900,"Reno, NV Metro Area",17158,12923,2670,647,812,106
310M300US40060,40060,"Richmond, VA Metro Area",34708,27536,3151,2619,1144,258
310M300US40140,40140,"Riverside-San Bernardino-Ontario, CA Metro Area",192925,155278,23037,9608,4101,901
310M300US40220,40220,"Roanoke, VA Metro Area",6894,5460,1013,333,80,8
310M300US40340,40340,"Rochester, MN Metro Area",4001,2930,697,199,118,57
310M300US40380,40380,"Rochester, NY Metro Area",25300,20761,3234,703,425,177
310M300US40420,40420,"Rockford, IL Metro Area",9754,7464,1762,317,182,29
310M300US40580,40580,"Rocky Mount, NC Metro Area",3145,2397,354,328,66,0
310M300US40660,40660,"Rome, GA Metro Area",1748,1358,286,71,33,0
310M300US40900,40900,"Sacramento--Roseville--Arden-Arcade, CA Metro Area",133530,107547,18198,5330,1692,763
310M300US40980,40980,"Saginaw, MI Metro Area",6023,4740,956,192,97,38
310M300US41060,41060,"St. Cloud, MN Metro Area",3206,2086,489,414,208,9
310M300US41100,41100,"St. George, UT Metro Area",3471,2661,329,98,383,0
310M300US41140,41140,"St. Joseph, MO-KS Metro Area",4054,2802,763,390,99,0
310M300US41180,41180,"St. Louis, MO-IL Metro Area",59416,47910,6174,2552,2205,575
310M300US41420,41420,"Salem, OR Metro Area",23529,17585,3513,1685,691,55
310M300US41500,41500,"Salinas, CA Metro Area",17148,13901,1395,1068,568,216
310M300US41540,41540,"Salisbury, MD-DE Metro Area",8522,7222,601,204,473,22
310M300US41620,41620,"Salt Lake City, UT Metro Area",31326,25639,3545,472,1323,347
310M300US41660,41660,"San Angelo, TX Metro Area",2707,2036,378,23,270,0
310M300US41700,41700,"San Antonio-New Braunfels, TX Metro Area",66622,52853,7507,3319,2003,940
310M300US41740,41740,"San Diego-Carlsbad, CA Metro Area",154072,125431,20776,2523,3826,1516
310M300US41860,41860,"San Francisco-Oakland-Hayward, CA Metro Area",257437,216011,21993,13246,4227,1960
310M300US41940,41940,"San Jose-Sunnyvale-Santa Clara, CA Metro Area",89930,76040,8080,3204,1528,1078
310M300US42020,42020,"San Luis Obispo-Paso Robles-Arroyo Grande, CA Metro Area",9050,6454,1514,788,196,98
310M300US42100,42100,"Santa Cruz-Watsonville, CA Metro Area",11921,9259,1005,1361,258,38
310M300US42140,42140,"Santa Fe, NM Metro Area",3818,3373,298,58,67,22
310M300US42200,42200,"Santa Maria-Santa Barbara, CA Metro Area",18254,13294,3202,1131,424,203
310M300US42220,42220,"Santa Rosa, CA Metro Area",24149,20530,2266,963,277,113
310M300US42340,42340,"Savannah, GA Metro Area",9179,6855,1260,272,645,147
310M300US42540,42540,"Scranton--Wilkes-Barre--Hazleton, PA Metro Area",9050,7250,1060,370,295,75
310M300US42660,42660,"Seattle-Tacoma-Bellevue, WA Metro Area",224227,173690,32344,7284,9018,1891
310M300US42680,42680,"Sebastian-Vero Beach, FL Metro Area",2586,1957,392,52,185,0
310M300US42700,42700,"Sebring, FL Metro Area",1554,1177,336,26,15,0
310M300US43100,43100,"Sheboygan, WI Metro Area",2233,1759,285,142,19,28
310M300US43300,43300,"Sherman-Denison, TX Metro Area",3561,2293,786,243,173,66
310M300US43340,43340,"Shreveport-Bossier City, LA Metro Area",7561,6052,852,371,200,86
310M300US43420,43420,"Sierra Vista-Douglas, AZ Metro Area",6072,4385,735,397,503,52
310M300US43580,43580,"Sioux City, IA-NE-SD Metro Area",4025,3551,195,60,214,5
310M300US43620,43620,"Sioux Falls, SD Metro Area",5776,4453,935,191,136,61
310M300US43780,43780,"South Bend-Mishawaka, IN-MI Metro Area",9429,7491,1488,214,194,42
310M300US43900,43900,"Spartanburg, SC Metro Area",5813,4559,822,216,59,157
310M300US44060,44060,"Spokane-Spokane Valley, WA Metro Area",21396,16505,2881,964,924,122
310M300US44100,44100,"Springfield, IL Metro Area",4305,3322,900,31,23,29
310M300US44140,44140,"Springfield, MA Metro Area",15226,12168,2135,487,305,131
310M300US44180,44180,"Springfield, MO Metro Area",10553,8248,1336,543,371,55
310M300US44220,44220,"Springfield, OH Metro Area",4502,3234,988,208,72,0
310M300US44300,44300,"State College, PA Metro Area",2636,1566,233,294,192,351
310M300US44420,44420,"Staunton-Waynesboro, VA Metro Area",2395,1752,283,168,192,0
310M300US44700,44700,"Stockton-Lodi, CA Metro Area",62061,49169,9198,3015,543,136
310M300US44940,44940,"Sumter, SC Metro Area",2708,2089,429,69,101,20
310M300US45060,45060,"Syracuse, NY Metro Area",18177,13982,2710,580,541,364
310M300US45220,45220,"Tallahassee, FL Metro Area",7346,4969,1212,758,381,26
310M300US45300,45300,"Tampa-St. Petersburg-Clearwater, FL Metro Area",79524,63114,10203,2757,2482,968
310M300US45460,45460,"Terre Haute, IN Metro Area",4828,3477,643,372,336,0
310M300US45500,45500,"Texarkana, TX-AR Metro Area",3252,2498,245,370,139,0
310M300US45540,45540,"The Villages, FL Metro Area",1431,999,157,174,60,41
310M300US45780,45780,"Toledo, OH Metro Area",19896,14892,3627,590,678,109
310M300US45820,45820,"Topeka, KS Metro Area",10468,7892,1780,518,236,42
310M300US45940,45940,"Trenton, NJ Metro Area",6814,5952,365,261,209,27
310M300US46060,46060,"Tucson, AZ Metro Area",40295,30550,6586,1094,1918,147
310M300US46140,46140,"Tulsa, OK Metro Area",78812,62268,10750,3877,1750,167
310M300US46220,46220,"Tuscaloosa, AL Metro Area",2277,1727,324,105,108,13
310M300US46340,46340,"Tyler, TX Metro Area",3270,2461,413,279,105,12
310M300US46520,46520,"Urban Honolulu, HI Metro Area",222976,192499,23030,961,5428,1058
310M300US46540,46540,"Utica-Rome, NY Metro Area",6354,4817,1064,367,102,4
310M300US46660,46660,"Valdosta, GA Metro Area",2674,1895,237,191,340,11
310M300US46700,46700,"Vallejo-Fairfield, CA Metro Area",30844,26160,3050,1089,426,119
310M300US47020,47020,"Victoria, TX Metro Area",1953,1544,261,89,59,0
310M300US47220,47220,"Vineland-Bridgeton, NJ Metro Area",6734,5515,909,216,94,0
310M300US47260,47260,"Virginia Beach-Norfolk-Newport News, VA-NC Metro Area",63465,48106,6920,4575,3268,596
310M300US47300,47300,"Visalia-Porterville, CA Metro Area",14205,11924,1726,252,246,57
310M300US47380,47380,"Waco, TX Metro Area",6282,4725,967,509,58,23
310M300US47460,47460,"Walla Walla, WA Metro Area",2477,1547,399,386,111,34
310M300US47580,47580,"Warner Robins, GA Metro Area",5076,4343,362,93,233,45
310M300US47900,47900,"Washington-Arlington-Alexandria, DC-VA-MD-WV Metro Area",225201,184792,18216,8584,9548,4061
310M300US47940,47940,"Waterloo-Cedar Falls, IA Metro Area",2981,2513,223,154,78,13
310M300US48060,48060,"Watertown-Fort Drum, NY Metro Area",4579,2443,894,286,732,224
310M300US48140,48140,"Wausau, WI Metro Area",2220,1419,617,145,25,14
310M300US48260,48260,"Weirton-Steubenville, WV-OH Metro Area",2315,1766,314,124,111,0
310M300US48300,48300,"Wenatchee, WA Metro Area",3466,2779,388,227,72,0
310M300US48540,48540,"Wheeling, WV-OH Metro Area",1685,1402,149,86,48,0
310M300US48620,48620,"Wichita, KS Metro Area",20951,16807,3039,582,339,184
310M300US48660,48660,"Wichita Falls, TX Metro Area",5414,4178,769,110,307,50
310M300US48700,48700,"Williamsport, PA Metro Area",2023,1495,397,71,58,2
310M300US48900,48900,"Wilmington, NC Metro Area",5737,4227,867,395,237,11
310M300US49020,49020,"Winchester, VA-WV Metro Area",2985,2380,139,302,139,25
310M300US49180,49180,"Winston-Salem, NC Metro Area",11179,9178,1085,536,374,6
310M300US49340,49340,"Worcester, MA-CT Metro Area",25249,21022,3083,623,437,84
310M300US49420,49420,"Yakima, WA Metro Area",7419,6256,855,135,173,0
310M300US49620,49620,"York-Hanover, PA Metro Area",9696,7614,1614,276,177,15
310M300US49660,49660,"Youngstown-Warren-Boardman, OH-PA Metro Area",11781,9420,1424,493,444,0
310M300US49700,49700,"Yuba City, CA Metro Area",11495,8478,1889,720,250,158
310M300US49740,49740,"Yuma, AZ Metro Area",4614,3593,505,133,294,89
