GEO.id,GEO.id2,GEO.display-label,HD01_VD01,HD01_VD02,HD01_VD03,HD01_VD04,HD01_VD05,HD01_VD06
Id,Id2,Geography,Estimate; Total:,Estimate; Total: - Same house 1 year ago,Estimate; Total: - Moved within same county,Estimate; Total: - Moved from different county within same state,Estimate; Total: - Moved from different state,Estimate; Total: - Moved from abroad
310M300US10180,10180,"Abilene, TX Metro Area",1003,622,227,107,44,3
310M300US10420,10420,"Akron, OH Metro Area",1086,912,121,0,43,10
310M300US10500,10500,"Albany, GA Metro Area",203,144,0,50,9,0
310M300US10540,10540,"Albany, OR Metro Area",1719,1399,138,118,64,0
310M300US10580,10580,"Albany-Schenectady-Troy, NY Metro Area",1441,1186,169,35,41,10
310M300US10740,10740,"Albuquerque, NM Metro Area",51325,42898,4629,2681,1075,42
310M300US10780,10780,"Alexandria, LA Metro Area",1067,1005,25,24,13,0
310M300US10900,10900,"Allentown-Bethlehem-Easton, PA-NJ Metro Area",2111,1662,130,132,70,117
310M300US11020,11020,"Altoona, PA Metro Area",27,22,5,0,0,0
310M300US11100,11100,"Amarillo, TX Metro Area",1329,1001,153,100,75,0
310M300US11180,11180,"Ames, IA Metro Area",211,128,21,37,25,0
310M300US11260,11260,"Anchorage, AK Metro Area",25739,21004,2531,1744,371,89
310M300US11460,11460,"Ann Arbor, MI Metro Area",1076,752,15,227,73,9
310M300US11500,11500,"Anniston-Oxford-Jacksonville, AL Metro Area",379,348,24,7,0,0
310M300US11540,11540,"Appleton, WI Metro Area",3174,2891,110,173,0,0
310M300US11700,11700,"Asheville, NC Metro Area",1308,1261,9,11,27,0
310M300US12020,12020,"Athens-Clarke County, GA Metro Area",411,382,0,29,0,0
310M300US12060,12060,"Atlanta-Sandy Springs-Roswell, GA Metro Area",16529,14189,1077,652,339,272
310M300US12100,12100,"Atlantic City-Hammonton, NJ Metro Area",563,371,167,9,16,0
310M300US12220,12220,"Auburn-Opelika, AL Metro Area",203,150,21,32,0,0
310M300US12260,12260,"Augusta-Richmond County, GA-SC Metro Area",1647,1403,73,33,115,23
310M300US12420,12420,"Austin-Round Rock, TX Metro Area",7766,6336,705,472,111,142
310M300US12540,12540,"Bakersfield, CA Metro Area",9950,8112,1391,369,75,3
310M300US12580,12580,"Baltimore-Columbia-Towson, MD Metro Area",6348,4768,783,547,181,69
310M300US12620,12620,"Bangor, ME Metro Area",1745,1278,414,32,21,0
310M300US12700,12700,"Barnstable Town, MA Metro Area",902,817,66,19,0,0
310M300US12940,12940,"Baton Rouge, LA Metro Area",1679,1377,135,99,53,15
310M300US12980,12980,"Battle Creek, MI Metro Area",962,711,151,98,2,0
310M300US13020,13020,"Bay City, MI Metro Area",335,286,38,0,0,11
310M300US13140,13140,"Beaumont-Port Arthur, TX Metro Area",1419,1206,85,39,78,11
310M300US13220,13220,"Beckley, WV Metro Area",406,406,0,0,0,0
310M300US13380,13380,"Bellingham, WA Metro Area",6394,5548,681,130,28,7
310M300US13460,13460,"Bend-Redmond, OR Metro Area",854,739,43,40,32,0
310M300US13740,13740,"Billings, MT Metro Area",6913,4650,1516,593,154,0
310M300US13780,13780,"Binghamton, NY Metro Area",422,321,77,4,16,4
310M300US13820,13820,"Birmingham-Hoover, AL Metro Area",2622,2127,405,25,65,0
310M300US13900,13900,"Bismarck, ND Metro Area",8074,6696,547,623,208,0
310M300US13980,13980,"Blacksburg-Christiansburg-Radford, VA Metro Area",331,168,127,20,9,7
310M300US14010,14010,"Bloomington, IL Metro Area",255,210,45,0,0,0
310M300US14020,14020,"Bloomington, IN Metro Area",612,293,257,57,0,5
310M300US14100,14100,"Bloomsburg-Berwick, PA Metro Area",98,86,6,6,0,0
310M300US14260,14260,"Boise City, ID Metro Area",5150,3819,636,284,410,1
310M300US14460,14460,"Boston-Cambridge-Newton, MA-NH Metro Area",8585,7300,632,366,222,65
310M300US14500,14500,"Boulder, CO Metro Area",1663,1078,300,223,42,20
310M300US14540,14540,"Bowling Green, KY Metro Area",469,256,160,50,0,3
310M300US14740,14740,"Bremerton-Silverdale, WA Metro Area",2973,2415,347,124,87,0
310M300US14860,14860,"Bridgeport-Stamford-Norwalk, CT Metro Area",2419,1959,292,48,14,106
310M300US15180,15180,"Brownsville-Harlingen, TX Metro Area",890,723,67,5,17,78
310M300US15260,15260,"Brunswick, GA Metro Area",359,195,45,68,25,26
310M300US15380,15380,"Buffalo-Cheektowaga-Niagara Falls, NY Metro Area",6373,5521,600,198,20,34
310M300US15500,15500,"Burlington, NC Metro Area",621,488,34,64,11,24
310M300US15540,15540,"Burlington-South Burlington, VT Metro Area",800,686,71,8,19,16
310M300US15680,15680,"California-Lexington Park, MD Metro Area",217,217,0,0,0,0
310M300US15940,15940,"Canton-Massillon, OH Metro Area",420,387,15,13,5,0
310M300US15980,15980,"Cape Coral-Fort Myers, FL Metro Area",1463,1203,91,25,144,0
310M300US16020,16020,"Cape Girardeau, MO-IL Metro Area",343,173,33,57,0,80
310M300US16060,16060,"Carbondale-Marion, IL Metro Area",354,295,9,48,2,0
310M300US16180,16180,"Carson City, NV Metro Area",1408,1116,86,92,114,0
310M300US16220,16220,"Casper, WY Metro Area",729,380,207,58,47,37
310M300US16300,16300,"Cedar Rapids, IA Metro Area",550,436,53,14,47,0
310M300US16540,16540,"Chambersburg-Waynesboro, PA Metro Area",307,221,84,2,0,0
310M300US16580,16580,"Champaign-Urbana, IL Metro Area",376,300,34,35,7,0
310M300US16620,16620,"Charleston, WV Metro Area",426,308,62,11,45,0
310M300US16700,16700,"Charleston-North Charleston, SC Metro Area",2294,1786,224,190,94,0
310M300US16740,16740,"Charlotte-Concord-Gastonia, NC-SC Metro Area",8406,7057,557,291,480,21
310M300US16820,16820,"Charlottesville, VA Metro Area",488,345,49,69,25,0
310M300US16860,16860,"Chattanooga, TN-GA Metro Area",1011,906,45,19,35,6
310M300US16940,16940,"Cheyenne, WY Metro Area",682,340,249,72,21,0
310M300US16980,16980,"Chicago-Naperville-Elgin, IL-IN-WI Metro Area",23611,20580,1897,524,361,249
310M300US17020,17020,"Chico, CA Metro Area",2421,1936,343,103,39,0
310M300US17140,17140,"Cincinnati, OH-KY-IN Metro Area",3069,2541,361,68,75,24
310M300US17300,17300,"Clarksville, TN-KY Metro Area",1584,1042,174,17,343,8
310M300US17420,17420,"Cleveland, TN Metro Area",232,193,32,0,7,0
310M300US17460,17460,"Cleveland-Elyria, OH Metro Area",4705,3559,788,132,78,148
310M300US17660,17660,"Coeur d'Alene, ID Metro Area",2119,1690,214,84,131,0
310M300US17780,17780,"College Station-Bryan, TX Metro Area",991,865,59,34,21,12
310M300US17820,17820,"Colorado Springs, CO Metro Area",4095,2723,882,66,401,23
310M300US17860,17860,"Columbia, MO Metro Area",348,280,17,9,42,0
310M300US17900,17900,"Columbia, SC Metro Area",1531,1253,137,80,54,7
310M300US17980,17980,"Columbus, GA-AL Metro Area",1053,758,111,27,102,55
310M300US18020,18020,"Columbus, IN Metro Area",205,185,8,12,0,0
310M300US18140,18140,"Columbus, OH Metro Area",3055,2438,183,226,69,139
310M300US18580,18580,"Corpus Christi, TX Metro Area",2152,1789,174,41,148,0
310M300US18700,18700,"Corvallis, OR Metro Area",572,410,14,96,52,0
310M300US18880,18880,"Crestview-Fort Walton Beach-Destin, FL Metro Area",1507,1255,126,14,112,0
310M300US19060,19060,"Cumberland, MD-WV Metro Area",120,84,19,15,2,0
310M300US19100,19100,"Dallas-Fort Worth-Arlington, TX Metro Area",30092,24391,3463,1279,728,231
310M300US19140,19140,"Dalton, GA Metro Area",669,669,0,0,0,0
310M300US19180,19180,"Danville, IL Metro Area",157,157,0,0,0,0
310M300US19300,19300,"Daphne-Fairhope-Foley, AL Metro Area",1355,1242,78,35,0,0
310M300US19340,19340,"Davenport-Moline-Rock Island, IA-IL Metro Area",973,884,41,11,32,5
310M300US19380,19380,"Dayton, OH Metro Area",1496,1248,172,33,39,4
310M300US19460,19460,"Decatur, AL Metro Area",2502,2204,230,61,7,0
310M300US19500,19500,"Decatur, IL Metro Area",248,198,50,0,0,0
310M300US19660,19660,"Deltona-Daytona Beach-Ormond Beach, FL Metro Area",1954,1601,143,93,108,9
310M300US19740,19740,"Denver-Aurora-Lakewood, CO Metro Area",21563,17725,1966,1084,694,94
310M300US19780,19780,"Des Moines-West Des Moines, IA Metro Area",1464,1249,79,51,78,7
310M300US19820,19820,"Detroit-Warren-Dearborn, MI Metro Area",12212,9814,1449,481,231,237
310M300US20020,20020,"Dothan, AL Metro Area",553,413,112,8,20,0
310M300US20100,20100,"Dover, DE Metro Area",1123,1056,34,28,5,0
310M300US20220,20220,"Dubuque, IA Metro Area",48,39,4,0,5,0
310M300US20260,20260,"Duluth, MN-WI Metro Area",6347,5267,631,250,189,10
310M300US20500,20500,"Durham-Chapel Hill, NC Metro Area",2345,1788,209,186,162,0
310M300US20700,20700,"East Stroudsburg, PA Metro Area",539,494,14,11,20,0
310M300US20740,20740,"Eau Claire, WI Metro Area",651,486,5,152,8,0
310M300US20940,20940,"El Centro, CA Metro Area",1893,1581,112,165,34,1
310M300US21060,21060,"Elizabethtown-Fort Knox, KY Metro Area",472,237,44,44,135,12
310M300US21140,21140,"Elkhart-Goshen, IN Metro Area",379,370,9,0,0,0
310M300US21300,21300,"Elmira, NY Metro Area",321,83,227,10,1,0
310M300US21340,21340,"El Paso, TX Metro Area",5828,4888,539,92,219,90
310M300US21420,21420,"Enid, OK Metro Area",1163,879,151,73,47,13
310M300US21500,21500,"Erie, PA Metro Area",761,636,74,12,39,0
310M300US21660,21660,"Eugene, OR Metro Area",4056,3058,510,161,234,93
310M300US21780,21780,"Evansville, IN-KY Metro Area",587,402,112,20,29,24
310M300US21820,21820,"Fairbanks, AK Metro Area",6455,5407,649,336,55,8
310M300US22020,22020,"Fargo, ND-MN Metro Area",2512,1792,185,290,245,0
310M300US22140,22140,"Farmington, NM Metro Area",45693,41874,2813,352,624,30
310M300US22180,22180,"Fayetteville, NC Metro Area",8904,7682,517,249,350,106
310M300US22220,22220,"Fayetteville-Springdale-Rogers, AR-MO Metro Area",5997,4938,526,65,403,65
310M300US22380,22380,"Flagstaff, AZ Metro Area",36495,33269,2021,837,368,0
310M300US22420,22420,"Flint, MI Metro Area",1548,1254,158,131,5,0
310M300US22500,22500,"Florence, SC Metro Area",507,467,2,32,6,0
310M300US22520,22520,"Florence-Muscle Shoals, AL Metro Area",699,606,42,44,0,7
310M300US22540,22540,"Fond du Lac, WI Metro Area",493,376,73,44,0,0
310M300US22660,22660,"Fort Collins, CO Metro Area",1764,1184,276,81,223,0
310M300US22900,22900,"Fort Smith, AR-OK Metro Area",15702,13207,1729,437,312,17
310M300US23060,23060,"Fort Wayne, IN Metro Area",962,762,113,65,22,0
310M300US23420,23420,"Fresno, CA Metro Area",9896,8147,1506,199,44,0
310M300US23460,23460,"Gadsden, AL Metro Area",475,292,81,3,72,27
310M300US23540,23540,"Gainesville, FL Metro Area",819,625,89,47,39,19
310M300US23580,23580,"Gainesville, GA Metro Area",425,389,0,36,0,0
310M300US23900,23900,"Gettysburg, PA Metro Area",67,58,6,0,3,0
310M300US24020,24020,"Glens Falls, NY Metro Area",336,247,5,82,0,2
310M300US24140,24140,"Goldsboro, NC Metro Area",289,174,41,71,3,0
310M300US24220,24220,"Grand Forks, ND-MN Metro Area",2027,1373,381,82,191,0
310M300US24260,24260,"Grand Island, NE Metro Area",333,304,13,0,0,16
310M300US24300,24300,"Grand Junction, CO Metro Area",1221,1098,35,74,14,0
310M300US24340,24340,"Grand Rapids-Wyoming, MI Metro Area",4644,3796,572,208,46,22
310M300US24420,24420,"Grants Pass, OR Metro Area",1200,608,22,208,348,14
310M300US24500,24500,"Great Falls, MT Metro Area",3610,2483,725,347,55,0
310M300US24540,24540,"Greeley, CO Metro Area",2201,1763,122,285,31,0
310M300US24580,24580,"Green Bay, WI Metro Area",6663,5192,1052,288,108,23
310M300US24660,24660,"Greensboro-High Point, NC Metro Area",3308,2718,472,64,19,35
310M300US24780,24780,"Greenville, NC Metro Area",515,363,34,111,7,0
310M300US24860,24860,"Greenville-Anderson-Mauldin, SC Metro Area",2251,1813,299,41,64,34
310M300US25060,25060,"Gulfport-Biloxi-Pascagoula, MS Metro Area",1469,929,216,290,34,0
310M300US25180,25180,"Hagerstown-Martinsburg, MD-WV Metro Area",369,342,20,6,1,0
310M300US25220,25220,"Hammond, LA Metro Area",459,441,0,11,7,0
310M300US25260,25260,"Hanford-Corcoran, CA Metro Area",2048,1473,354,214,0,7
310M300US25420,25420,"Harrisburg-Carlisle, PA Metro Area",883,794,13,30,42,4
310M300US25500,25500,"Harrisonburg, VA Metro Area",274,202,72,0,0,0
310M300US25540,25540,"Hartford-West Hartford-East Hartford, CT Metro Area",2634,2095,390,76,28,45
310M300US25620,25620,"Hattiesburg, MS Metro Area",277,180,0,0,97,0
310M300US25860,25860,"Hickory-Lenoir-Morganton, NC Metro Area",1436,1048,296,92,0,0
310M300US25940,25940,"Hilton Head Island-Bluffton-Beaufort, SC Metro Area",405,251,74,0,72,8
310M300US25980,25980,"Hinesville, GA Metro Area",329,220,10,58,28,13
310M300US26140,26140,"Homosassa Springs, FL Metro Area",442,354,0,12,54,22
310M300US26300,26300,"Hot Springs, AR Metro Area",708,703,0,5,0,0
310M300US26380,26380,"Houma-Thibodaux, LA Metro Area",8099,6948,833,185,49,84
310M300US26420,26420,"Houston-The Woodlands-Sugar Land, TX Metro Area",26442,22217,2464,537,903,321
310M300US26580,26580,"Huntington-Ashland, WV-KY-OH Metro Area",474,427,43,0,0,4
310M300US26620,26620,"Huntsville, AL Metro Area",2675,2320,239,73,35,8
310M300US26820,26820,"Idaho Falls, ID Metro Area",517,402,52,34,29,0
310M300US26900,26900,"Indianapolis-Carmel-Anderson, IN Metro Area",4425,3680,578,93,40,34
310M300US26980,26980,"Iowa City, IA Metro Area",248,218,15,9,6,0
310M300US27060,27060,"Ithaca, NY Metro Area",302,244,10,10,38,0
310M300US27100,27100,"Jackson, MI Metro Area",741,514,133,89,5,0
310M300US27140,27140,"Jackson, MS Metro Area",837,808,0,21,8,0
310M300US27180,27180,"Jackson, TN Metro Area",107,93,11,0,3,0
310M300US27260,27260,"Jacksonville, FL Metro Area",3203,2648,320,82,153,0
310M300US27340,27340,"Jacksonville, NC Metro Area",937,513,157,42,152,73
310M300US27500,27500,"Janesville-Beloit, WI Metro Area",456,355,23,55,23,0
310M300US27620,27620,"Jefferson City, MO Metro Area",566,419,50,67,0,30
310M300US27740,27740,"Johnson City, TN Metro Area",643,540,48,48,7,0
310M300US27780,27780,"Johnstown, PA Metro Area",71,44,27,0,0,0
310M300US27860,27860,"Jonesboro, AR Metro Area",742,665,14,48,15,0
310M300US27900,27900,"Joplin, MO Metro Area",2841,2454,176,130,73,8
310M300US27980,27980,"Kahului-Wailuku-Lahaina, HI Metro Area",253,205,28,20,0,0
310M300US28020,28020,"Kalamazoo-Portage, MI Metro Area",1284,897,153,181,46,7
310M300US28100,28100,"Kankakee, IL Metro Area",305,257,48,0,0,0
310M300US28140,28140,"Kansas City, MO-KS Metro Area",9129,7246,1002,480,320,81
310M300US28420,28420,"Kennewick-Richland, WA Metro Area",1771,1235,255,188,90,3
310M300US28660,28660,"Killeen-Temple, TX Metro Area",3071,2417,168,253,223,10
310M300US28700,28700,"Kingsport-Bristol-Bristol, TN-VA Metro Area",499,420,19,40,19,1
310M300US28740,28740,"Kingston, NY Metro Area",274,228,8,36,2,0
310M300US28940,28940,"Knoxville, TN Metro Area",2356,1935,200,107,105,9
310M300US29020,29020,"Kokomo, IN Metro Area",298,276,11,11,0,0
310M300US29100,29100,"La Crosse-Onalaska, WI-MN Metro Area",439,335,99,5,0,0
310M300US29180,29180,"Lafayette, LA Metro Area",1252,1135,43,74,0,0
310M300US29200,29200,"Lafayette-West Lafayette, IN Metro Area",279,164,103,4,0,8
310M300US29340,29340,"Lake Charles, LA Metro Area",683,594,57,0,0,32
310M300US29420,29420,"Lake Havasu City-Kingman, AZ Metro Area",4276,3496,306,268,206,0
310M300US29460,29460,"Lakeland-Winter Haven, FL Metro Area",1756,1368,237,120,15,16
310M300US29540,29540,"Lancaster, PA Metro Area",890,670,203,17,0,0
310M300US29620,29620,"Lansing-East Lansing, MI Metro Area",1742,1509,136,51,46,0
310M300US29700,29700,"Laredo, TX Metro Area",528,413,92,0,6,17
310M300US29740,29740,"Las Cruces, NM Metro Area",2433,1966,253,126,88,0
310M300US29820,29820,"Las Vegas-Henderson-Paradise, NV Metro Area",13116,9760,2462,64,766,64
310M300US29940,29940,"Lawrence, KS Metro Area",2520,1811,421,91,197,0
310M300US30020,30020,"Lawton, OK Metro Area",7364,5035,1430,661,225,13
310M300US30140,30140,"Lebanon, PA Metro Area",118,95,0,23,0,0
310M300US30300,30300,"Lewiston, ID-WA Metro Area",2535,2082,321,69,63,0
310M300US30340,30340,"Lewiston-Auburn, ME Metro Area",147,117,30,0,0,0
310M300US30460,30460,"Lexington-Fayette, KY Metro Area",1314,888,131,12,144,139
310M300US30620,30620,"Lima, OH Metro Area",239,166,40,26,7,0
310M300US30700,30700,"Lincoln, NE Metro Area",1893,1304,417,96,76,0
310M300US30780,30780,"Little Rock-North Little Rock-Conway, AR Metro Area",2291,1755,185,271,80,0
310M300US30860,30860,"Logan, UT-ID Metro Area",608,493,28,71,11,5
310M300US30980,30980,"Longview, TX Metro Area",877,674,43,141,19,0
310M300US31020,31020,"Longview, WA Metro Area",1196,976,159,31,30,0
310M300US31080,31080,"Los Angeles-Long Beach-Anaheim, CA Metro Area",74702,65341,7058,1237,568,498
310M300US31140,31140,"Louisville/Jefferson County, KY-IN Metro Area",2203,1549,494,106,54,0
310M300US31180,31180,"Lubbock, TX Metro Area",2373,1427,730,128,60,28
310M300US31340,31340,"Lynchburg, VA Metro Area",484,394,6,33,0,51
310M300US31420,31420,"Macon-Bibb County, GA Metro Area",353,314,21,18,0,0
310M300US31460,31460,"Madera, CA Metro Area",2343,1925,283,135,0,0
310M300US31540,31540,"Madison, WI Metro Area",1833,1248,272,165,46,102
310M300US31700,31700,"Manchester-Nashua, NH Metro Area",460,344,106,0,7,3
310M300US31740,31740,"Manhattan, KS Metro Area",502,359,63,45,20,15
310M300US31860,31860,"Mankato-North Mankato, MN Metro Area",328,242,42,17,19,8
310M300US31900,31900,"Mansfield, OH Metro Area",182,55,65,57,5,0
310M300US32580,32580,"McAllen-Edinburg-Mission, TX Metro Area",2408,1910,427,20,51,0
310M300US32780,32780,"Medford, OR Metro Area",1573,1124,219,48,182,0
310M300US32820,32820,"Memphis, TN-MS-AR Metro Area",3057,2727,207,27,58,38
310M300US32900,32900,"Merced, CA Metro Area",1860,1527,205,102,11,15
310M300US33100,33100,"Miami-Fort Lauderdale-West Palm Beach, FL Metro Area",10164,7892,1403,283,175,411
310M300US33140,33140,"Michigan City-La Porte, IN Metro Area",316,198,56,21,41,0
310M300US33220,33220,"Midland, MI Metro Area",380,349,16,8,7,0
310M300US33260,33260,"Midland, TX Metro Area",744,590,49,9,96,0
310M300US33340,33340,"Milwaukee-Waukesha-West Allis, WI Metro Area",6930,5848,819,145,115,3
310M300US33460,33460,"Minneapolis-St. Paul-Bloomington, MN-WI Metro Area",19842,15337,2258,1469,726,52
310M300US33540,33540,"Missoula, MT Metro Area",2768,2068,109,519,72,0
310M300US33660,33660,"Mobile, AL Metro Area",2559,2304,208,13,34,0
310M300US33700,33700,"Modesto, CA Metro Area",3437,2894,368,175,0,0
310M300US33740,33740,"Monroe, LA Metro Area",445,330,102,13,0,0
310M300US33780,33780,"Monroe, MI Metro Area",612,563,2,27,20,0
310M300US33860,33860,"Montgomery, AL Metro Area",820,623,132,51,14,0
310M300US34060,34060,"Morgantown, WV Metro Area",276,263,0,13,0,0
310M300US34100,34100,"Morristown, TN Metro Area",224,174,47,0,3,0
310M300US34580,34580,"Mount Vernon-Anacortes, WA Metro Area",1952,1523,245,149,33,2
310M300US34620,34620,"Muncie, IN Metro Area",182,64,44,14,0,60
310M300US34740,34740,"Muskegon, MI Metro Area",1245,969,178,89,9,0
310M300US34820,34820,"Myrtle Beach-Conway-North Myrtle Beach, SC-NC Metro Area",1839,1689,86,19,45,0
310M300US34900,34900,"Napa, CA Metro Area",1206,767,337,62,0,40
310M300US34940,34940,"Naples-Immokalee-Marco Island, FL Metro Area",1073,936,35,4,3,95
310M300US34980,34980,"Nashville-Davidson--Murfreesboro--Franklin, TN Metro Area",5364,4569,344,109,299,43
310M300US35100,35100,"New Bern, NC Metro Area",882,494,0,139,249,0
310M300US35300,35300,"New Haven-Milford, CT Metro Area",1688,1504,77,36,68,3
310M300US35380,35380,"New Orleans-Metairie, LA Metro Area",4303,3753,322,68,149,11
310M300US35620,35620,"New York-Newark-Jersey City, NY-NJ-PA Metro Area",61199,54464,3772,1318,933,712
310M300US35660,35660,"Niles-Benton Harbor, MI Metro Area",478,409,51,10,0,8
310M300US35840,35840,"North Port-Sarasota-Bradenton, FL Metro Area",1988,1822,115,10,41,0
310M300US35980,35980,"Norwich-New London, CT Metro Area",1592,1322,115,6,149,0
310M300US36100,36100,"Ocala, FL Metro Area",999,885,48,48,18,0
310M300US36140,36140,"Ocean City, NJ Metro Area",58,44,0,0,14,0
310M300US36220,36220,"Odessa, TX Metro Area",801,624,117,53,0,7
310M300US36260,36260,"Ogden-Clearfield, UT Metro Area",3892,2670,564,274,340,44
310M300US36420,36420,"Oklahoma City, OK Metro Area",46398,37424,4641,3553,707,73
310M300US36500,36500,"Olympia-Tumwater, WA Metro Area",4017,3466,250,242,34,25
310M300US36540,36540,"Omaha-Council Bluffs, NE-IA Metro Area",4030,3240,398,137,177,78
310M300US36740,36740,"Orlando-Kissimmee-Sanford, FL Metro Area",5386,4179,584,189,401,33
310M300US36780,36780,"Oshkosh-Neenah, WI Metro Area",1048,901,72,75,0,0
310M300US36980,36980,"Owensboro, KY Metro Area",172,165,0,0,7,0
310M300US37100,37100,"Oxnard-Thousand Oaks-Ventura, CA Metro Area",6214,5152,599,275,52,136
310M300US37340,37340,"Palm Bay-Melbourne-Titusville, FL Metro Area",1571,1151,272,119,21,8
310M300US37460,37460,"Panama City, FL Metro Area",1256,1036,158,25,31,6
310M300US37620,37620,"Parkersburg-Vienna, WV Metro Area",144,132,12,0,0,0
310M300US37860,37860,"Pensacola-Ferry Pass-Brent, FL Metro Area",2159,1720,272,38,129,0
310M300US37900,37900,"Peoria, IL Metro Area",850,643,113,31,63,0
310M300US37980,37980,"Philadelphia-Camden-Wilmington, PA-NJ-DE-MD Metro Area",12428,10949,823,300,288,68
310M300US38060,38060,"Phoenix-Mesa-Scottsdale, AZ Metro Area",96684,75811,14714,3310,2590,259
310M300US38220,38220,"Pine Bluff, AR Metro Area",190,162,16,12,0,0
310M300US38300,38300,"Pittsburgh, PA Metro Area",2237,1744,161,175,116,41
310M300US38340,38340,"Pittsfield, MA Metro Area",297,270,27,0,0,0
310M300US38540,38540,"Pocatello, ID Metro Area",2613,2229,161,164,48,11
310M300US38860,38860,"Portland-South Portland, ME Metro Area",1450,1137,139,153,17,4
310M300US38900,38900,"Portland-Vancouver-Hillsboro, OR-WA Metro Area",17207,13219,1883,1067,943,95
310M300US38940,38940,"Port St. Lucie, FL Metro Area",1417,1223,102,36,0,56
310M300US39140,39140,"Prescott, AZ Metro Area",3885,2686,654,456,89,0
310M300US39300,39300,"Providence-Warwick, RI-MA Metro Area",5703,4163,1297,63,125,55
310M300US39340,39340,"Provo-Orem, UT Metro Area",2776,2307,149,148,140,32
310M300US39380,39380,"Pueblo, CO Metro Area",5040,3652,1104,152,121,11
310M300US39460,39460,"Punta Gorda, FL Metro Area",341,328,6,7,0,0
310M300US39540,39540,"Racine, WI Metro Area",1152,1076,48,20,8,0
310M300US39580,39580,"Raleigh, NC Metro Area",5073,3727,692,348,292,14
310M300US39660,39660,"Rapid City, SD Metro Area",10110,7192,1341,1267,272,38
310M300US39740,39740,"Reading, PA Metro Area",3517,3026,409,82,0,0
310M300US39820,39820,"Redding, CA Metro Area",4318,3558,515,133,105,7
310M300US39900,39900,"Reno, NV Metro Area",6924,5814,789,104,200,17
310M300US40060,40060,"Richmond, VA Metro Area",4371,3384,552,253,162,20
310M300US40140,40140,"Riverside-San Bernardino-Ontario, CA Metro Area",37276,31005,3924,1582,592,173
310M300US40220,40220,"Roanoke, VA Metro Area",582,445,4,87,46,0
310M300US40340,40340,"Rochester, MN Metro Area",539,370,128,13,12,16
310M300US40380,40380,"Rochester, NY Metro Area",3814,2673,775,258,24,84
310M300US40420,40420,"Rockford, IL Metro Area",820,584,65,17,0,154
310M300US40580,40580,"Rocky Mount, NC Metro Area",840,613,74,137,16,0
310M300US40660,40660,"Rome, GA Metro Area",190,190,0,0,0,0
310M300US40900,40900,"Sacramento--Roseville--Arden-Arcade, CA Metro Area",15961,12519,2288,775,334,45
310M300US40980,40980,"Saginaw, MI Metro Area",478,372,88,13,5,0
310M300US41060,41060,"St. Cloud, MN Metro Area",649,291,230,88,40,0
310M300US41100,41100,"St. George, UT Metro Area",2136,1774,196,91,75,0
310M300US41140,41140,"St. Joseph, MO-KS Metro Area",522,332,106,67,17,0
310M300US41180,41180,"St. Louis, MO-IL Metro Area",5257,4272,490,280,215,0
310M300US41420,41420,"Salem, OR Metro Area",4394,3213,770,322,86,3
310M300US41500,41500,"Salinas, CA Metro Area",3158,2843,118,144,53,0
310M300US41540,41540,"Salisbury, MD-DE Metro Area",1387,1035,286,62,0,4
310M300US41620,41620,"Salt Lake City, UT Metro Area",8465,6673,1072,438,274,8
310M300US41660,41660,"San Angelo, TX Metro Area",392,249,72,25,46,0
310M300US41700,41700,"San Antonio-New Braunfels, TX Metro Area",14651,11415,2445,481,219,91
310M300US41740,41740,"San Diego-Carlsbad, CA Metro Area",21255,17894,2255,431,430,245
310M300US41860,41860,"San Francisco-Oakland-Hayward, CA Metro Area",21593,18439,1510,1129,339,176
310M300US41940,41940,"San Jose-Sunnyvale-Santa Clara, CA Metro Area",9072,7632,1035,199,119,87
310M300US42020,42020,"San Luis Obispo-Paso Robles-Arroyo Grande, CA Metro Area",1950,1457,226,193,47,27
310M300US42100,42100,"Santa Cruz-Watsonville, CA Metro Area",1595,1494,37,64,0,0
310M300US42140,42140,"Santa Fe, NM Metro Area",4852,4025,392,255,177,3
310M300US42200,42200,"Santa Maria-Santa Barbara, CA Metro Area",4138,3427,495,182,34,0
310M300US42220,42220,"Santa Rosa, CA Metro Area",5332,4431,719,70,112,0
310M300US42340,42340,"Savannah, GA Metro Area",964,760,56,44,78,26
310M300US42540,42540,"Scranton--Wilkes-Barre--Hazleton, PA Metro Area",1091,980,71,15,25,0
310M300US42660,42660,"Seattle-Tacoma-Bellevue, WA Metro Area",31602,25167,3901,1080,1262,192
310M300US42680,42680,"Sebastian-Vero Beach, FL Metro Area",363,298,27,38,0,0
310M300US42700,42700,"Sebring, FL Metro Area",157,123,5,8,21,0
310M300US43100,43100,"Sheboygan, WI Metro Area",243,178,9,40,16,0
310M300US43300,43300,"Sherman-Denison, TX Metro Area",1385,1141,129,85,30,0
310M300US43340,43340,"Shreveport-Bossier City, LA Metro Area",2022,1746,66,70,32,108
310M300US43420,43420,"Sierra Vista-Douglas, AZ Metro Area",1496,1113,115,115,109,44
310M300US43580,43580,"Sioux City, IA-NE-SD Metro Area",2143,1643,250,154,88,8
310M300US43620,43620,"Sioux Falls, SD Metro Area",4972,3373,1012,383,190,14
310M300US43780,43780,"South Bend-Mishawaka, IN-MI Metro Area",1728,1570,81,61,16,0
310M300US43900,43900,"Spartanburg, SC Metro Area",486,404,56,18,8,0
310M300US44060,44060,"Spokane-Spokane Valley, WA Metro Area",8703,7157,605,551,298,92
310M300US44100,44100,"Springfield, IL Metro Area",276,232,29,0,15,0
310M300US44140,44140,"Springfield, MA Metro Area",1765,1365,276,77,18,29
310M300US44180,44180,"Springfield, MO Metro Area",2574,1977,314,140,120,23
310M300US44220,44220,"Springfield, OH Metro Area",288,152,97,28,11,0
310M300US44300,44300,"State College, PA Metro Area",249,142,93,4,4,6
310M300US44420,44420,"Staunton-Waynesboro, VA Metro Area",269,237,9,0,23,0
310M300US44700,44700,"Stockton-Lodi, CA Metro Area",4501,3499,715,253,26,8
310M300US44940,44940,"Sumter, SC Metro Area",231,205,26,0,0,0
310M300US45060,45060,"Syracuse, NY Metro Area",3258,2721,379,128,8,22
310M300US45220,45220,"Tallahassee, FL Metro Area",962,650,186,110,8,8
310M300US45300,45300,"Tampa-St. Petersburg-Clearwater, FL Metro Area",8937,7290,914,267,342,124
310M300US45460,45460,"Terre Haute, IN Metro Area",369,297,20,3,29,20
310M300US45500,45500,"Texarkana, TX-AR Metro Area",1192,972,55,72,93,0
310M300US45540,45540,"The Villages, FL Metro Area",354,298,0,18,38,0
310M300US45780,45780,"Toledo, OH Metro Area",1528,961,292,154,90,31
310M300US45820,45820,"Topeka, KS Metro Area",2690,2227,261,155,47,0
310M300US45940,45940,"Trenton, NJ Metro Area",451,419,9,23,0,0
310M300US46060,46060,"Tucson, AZ Metro Area",32058,24473,6036,1022,408,119
310M300US46140,46140,"Tulsa, OK Metro Area",66954,55892,6616,3676,718,52
310M300US46220,46220,"Tuscaloosa, AL Metro Area",360,223,57,67,13,0
310M300US46340,46340,"Tyler, TX Metro Area",767,586,21,79,68,13
310M300US46520,46520,"Urban Honolulu, HI Metro Area",1443,1053,260,2,109,19
310M300US46540,46540,"Utica-Rome, NY Metro Area",536,460,45,27,4,0
310M300US46660,46660,"Valdosta, GA Metro Area",251,160,20,38,29,4
310M300US46700,46700,"Vallejo-Fairfield, CA Metro Area",2109,1564,334,117,84,10
310M300US47020,47020,"Victoria, TX Metro Area",189,167,22,0,0,0
310M300US47220,47220,"Vineland-Bridgeton, NJ Metro Area",1144,1033,97,11,3,0
310M300US47260,47260,"Virginia Beach-Norfolk-Newport News, VA-NC Metro Area",5259,4262,375,314,218,90
310M300US47300,47300,"Visalia-Porterville, CA Metro Area",5746,4689,846,185,26,0
310M300US47380,47380,"Waco, TX Metro Area",1101,849,181,22,49,0
310M300US47460,47460,"Walla Walla, WA Metro Area",541,466,39,17,12,7
310M300US47580,47580,"Warner Robins, GA Metro Area",539,498,41,0,0,0
310M300US47900,47900,"Washington-Arlington-Alexandria, DC-VA-MD-WV Metro Area",17903,15091,1233,504,762,313
310M300US47940,47940,"Waterloo-Cedar Falls, IA Metro Area",484,439,29,5,11,0
310M300US48060,48060,"Watertown-Fort Drum, NY Metro Area",627,519,37,10,35,26
310M300US48140,48140,"Wausau, WI Metro Area",406,304,94,7,1,0
310M300US48260,48260,"Weirton-Steubenville, WV-OH Metro Area",202,163,36,0,3,0
310M300US48300,48300,"Wenatchee, WA Metro Area",1300,1137,51,17,30,65
310M300US48540,48540,"Wheeling, WV-OH Metro Area",434,323,39,72,0,0
310M300US48620,48620,"Wichita, KS Metro Area",6043,5015,671,169,188,0
310M300US48660,48660,"Wichita Falls, TX Metro Area",1382,1140,123,59,50,10
310M300US48700,48700,"Williamsport, PA Metro Area",179,171,0,8,0,0
310M300US48900,48900,"Wilmington, NC Metro Area",879,655,88,70,50,16
310M300US49020,49020,"Winchester, VA-WV Metro Area",435,399,0,14,22,0
310M300US49180,49180,"Winston-Salem, NC Metro Area",1834,1497,244,85,8,0
310M300US49340,49340,"Worcester, MA-CT Metro Area",2195,1704,341,44,83,23
310M300US49420,49420,"Yakima, WA Metro Area",9870,8837,881,98,42,12
310M300US49620,49620,"York-Hanover, PA Metro Area",446,342,76,21,7,0
310M300US49660,49660,"Youngstown-Warren-Boardman, OH-PA Metro Area",1021,892,116,0,13,0
310M300US49700,49700,"Yuba City, CA Metro Area",1874,1423,278,61,93,19
310M300US49740,49740,"Yuma, AZ Metro Area",2269,1901,168,82,118,0
