GEO.id,GEO.id2,GEO.display-label,HD01_VD01,HD01_VD02,HD01_VD03,HD01_VD04,HD01_VD05,HD01_VD06
Id,Id2,Geography,Estimate; Total:,Estimate; Total: - Same house 1 year ago,Estimate; Total: - Moved within same county,Estimate; Total: - Moved from different county within same state,Estimate; Total: - Moved from different state,Estimate; Total: - Moved from abroad
310M200US10180,10180,"Abilene, TX Metro Area",12106,8391,1774,1435,418,88
310M200US10420,10420,"Akron, OH Metro Area",82551,68823,10289,2671,518,250
310M200US10500,10500,"Albany, GA Metro Area",81367,66398,10035,4012,854,68
310M200US10540,10540,"Albany, OR Metro Area",564,403,55,106,0,0
310M200US10580,10580,"Albany-Schenectady-Troy, NY Metro Area",67078,53606,7723,4260,1028,461
310M200US10740,10740,"Albuquerque, NM Metro Area",23706,18375,3237,725,1211,158
310M200US10780,10780,"Alexandria, LA Metro Area",45304,37389,6030,1098,677,110
310M200US10900,10900,"Allentown-Bethlehem-Easton, PA-NJ Metro Area",42379,32445,5496,1749,2353,336
310M200US11020,11020,"Altoona, PA Metro Area",2235,1527,532,92,84,0
310M200US11100,11100,"Amarillo, TX Metro Area",15154,10829,2414,1413,344,154
310M200US11180,11180,"Ames, IA Metro Area",2165,1031,483,164,396,91
310M200US11260,11260,"Anchorage, AK Metro Area",17962,12925,2971,464,1431,171
310M200US11460,11460,"Ann Arbor, MI Metro Area",41936,30135,7571,2816,1210,204
310M200US11500,11500,"Anniston-Oxford-Jacksonville, AL Metro Area",24048,18721,3737,1072,492,26
310M200US11540,11540,"Appleton, WI Metro Area",2109,1527,267,189,82,44
310M200US11700,11700,"Asheville, NC Metro Area",19620,15249,2521,929,852,69
310M200US12020,12020,"Athens-Clarke County, GA Metro Area",37460,31355,3314,2339,326,126
310M200US12060,12060,"Atlanta-Sandy Springs-Roswell, GA Metro Area",1730361,1365289,195700,107474,56211,5687
310M200US12100,12100,"Atlantic City-Hammonton, NJ Metro Area",43566,37599,4254,817,767,129
310M200US12220,12220,"Auburn-Opelika, AL Metro Area",32860,25713,3876,1991,1197,83
310M200US12260,12260,"Augusta-Richmond County, GA-SC Metro Area",200304,169196,18477,5548,6604,479
310M200US12420,12420,"Austin-Round Rock, TX Metro Area",128997,96088,18966,9905,3333,705
310M200US12540,12540,"Bakersfield, CA Metro Area",46822,32992,8166,4886,423,355
310M200US12580,12580,"Baltimore-Columbia-Towson, MD Metro Area",774721,653103,76690,30508,11008,3412
310M200US12620,12620,"Bangor, ME Metro Area",1140,734,138,69,143,56
310M200US12700,12700,"Barnstable Town, MA Metro Area",4965,4001,402,105,381,76
310M200US12940,12940,"Baton Rouge, LA Metro Area",283752,240724,30732,8105,3683,508
310M200US12980,12980,"Battle Creek, MI Metro Area",14548,10998,2672,609,269,0
310M200US13020,13020,"Bay City, MI Metro Area",1344,950,252,87,43,12
310M200US13140,13140,"Beaumont-Port Arthur, TX Metro Area",96232,77677,13118,4064,1248,125
310M200US13220,13220,"Beckley, WV Metro Area",8704,7652,360,141,388,163
310M200US13380,13380,"Bellingham, WA Metro Area",1820,1504,165,93,46,12
310M200US13460,13460,"Bend-Redmond, OR Metro Area",536,429,75,1,31,0
310M200US13740,13740,"Billings, MT Metro Area",834,637,106,53,38,0
310M200US13780,13780,"Binghamton, NY Metro Area",9808,7023,1662,761,362,0
310M200US13820,13820,"Birmingham-Hoover, AL Metro Area",317795,258992,47105,7519,3643,536
310M200US13900,13900,"Bismarck, ND Metro Area",682,312,103,63,204,0
310M200US13980,13980,"Blacksburg-Christiansburg-Radford, VA Metro Area",7542,5664,832,817,229,0
310M200US14010,14010,"Bloomington, IL Metro Area",12747,8606,3024,797,282,38
310M200US14020,14020,"Bloomington, IN Metro Area",4302,2280,919,907,196,0
310M200US14100,14100,"Bloomsburg-Berwick, PA Metro Area",1571,987,157,304,123,0
310M200US14260,14260,"Boise City, ID Metro Area",4693,3071,794,133,303,392
310M200US14460,14460,"Boston-Cambridge-Newton, MA-NH Metro Area",344565,286404,33632,13623,7014,3892
310M200US14500,14500,"Boulder, CO Metro Area",2562,1647,422,222,245,26
310M200US14540,14540,"Bowling Green, KY Metro Area",11145,8193,1372,789,660,131
310M200US14740,14740,"Bremerton-Silverdale, WA Metro Area",6814,4815,1080,259,571,89
310M200US14860,14860,"Bridgeport-Stamford-Norwalk, CT Metro Area",101239,86734,9998,1448,2138,921
310M200US15180,15180,"Brownsville-Harlingen, TX Metro Area",2221,1615,361,164,18,63
310M200US15260,15260,"Brunswick, GA Metro Area",25781,20953,3657,710,344,117
310M200US15380,15380,"Buffalo-Cheektowaga-Niagara Falls, NY Metro Area",134889,112643,17699,2104,1724,719
310M200US15500,15500,"Burlington, NC Metro Area",27283,22830,3005,987,438,23
310M200US15540,15540,"Burlington-South Burlington, VT Metro Area",3325,2697,318,102,144,64
310M200US15680,15680,"California-Lexington Park, MD Metro Area",15067,12455,1232,523,792,65
310M200US15940,15940,"Canton-Massillon, OH Metro Area",27046,22101,3827,811,284,23
310M200US15980,15980,"Cape Coral-Fort Myers, FL Metro Area",52097,37263,9945,2672,1558,659
310M200US16020,16020,"Cape Girardeau, MO-IL Metro Area",8206,5954,953,979,320,0
310M200US16060,16060,"Carbondale-Marion, IL Metro Area",11093,7028,2514,1254,287,10
310M200US16180,16180,"Carson City, NV Metro Area",964,753,28,145,38,0
310M200US16220,16220,"Casper, WY Metro Area",633,446,19,118,50,0
310M200US16300,16300,"Cedar Rapids, IA Metro Area",9339,7305,1136,268,606,24
310M200US16540,16540,"Chambersburg-Waynesboro, PA Metro Area",5293,3923,651,196,508,15
310M200US16580,16580,"Champaign-Urbana, IL Metro Area",24950,17632,5407,1205,436,270
310M200US16620,16620,"Charleston, WV Metro Area",7747,5989,1007,169,577,5
310M200US16700,16700,"Charleston-North Charleston, SC Metro Area",184535,153808,18980,8380,3119,248
310M200US16740,16740,"Charlotte-Concord-Gastonia, NC-SC Metro Area",490137,387116,71950,13021,16686,1364
310M200US16820,16820,"Charlottesville, VA Metro Area",31450,27067,1322,2467,581,13
310M200US16860,16860,"Chattanooga, TN-GA Metro Area",72933,58887,10870,1465,1525,186
310M200US16940,16940,"Cheyenne, WY Metro Area",2552,1624,575,67,286,0
310M200US16980,16980,"Chicago-Naperville-Elgin, IL-IN-WI Metro Area",1605678,1334268,212515,25424,29640,3831
310M200US17020,17020,"Chico, CA Metro Area",2942,2057,581,199,24,81
310M200US17140,17140,"Cincinnati, OH-KY-IN Metro Area",252914,196909,44064,7353,3832,756
310M200US17300,17300,"Clarksville, TN-KY Metro Area",49396,36155,6201,677,5235,1128
310M200US17420,17420,"Cleveland, TN Metro Area",4330,3135,768,153,271,3
310M200US17460,17460,"Cleveland-Elyria, OH Metro Area",409003,327044,69417,6752,4634,1156
310M200US17660,17660,"Coeur d'Alene, ID Metro Area",390,322,62,1,5,0
310M200US17780,17780,"College Station-Bryan, TX Metro Area",26380,19717,4341,1921,273,128
310M200US17820,17820,"Colorado Springs, CO Metro Area",37066,25957,6566,510,2837,1196
310M200US17860,17860,"Columbia, MO Metro Area",14096,9339,3268,851,635,3
310M200US17900,17900,"Columbia, SC Metro Area",254914,205831,28183,12189,8450,261
310M200US17980,17980,"Columbus, GA-AL Metro Area",120276,94067,16600,3988,5082,539
310M200US18020,18020,"Columbus, IN Metro Area",1511,1214,91,43,113,50
310M200US18140,18140,"Columbus, OH Metro Area",272963,212838,46248,7648,4629,1600
310M200US18580,18580,"Corpus Christi, TX Metro Area",15591,11298,2729,955,425,184
310M200US18700,18700,"Corvallis, OR Metro Area",887,732,66,72,17,0
310M200US18880,18880,"Crestview-Fort Walton Beach-Destin, FL Metro Area",19639,14879,2717,1281,662,100
310M200US19060,19060,"Cumberland, MD-WV Metro Area",6927,5434,365,787,280,61
310M200US19100,19100,"Dallas-Fort Worth-Arlington, TX Metro Area",967646,762589,140600,39592,21041,3824
310M200US19140,19140,"Dalton, GA Metro Area",4413,3185,886,210,100,32
310M200US19180,19180,"Danville, IL Metro Area",10575,8534,1218,507,309,7
310M200US19300,19300,"Daphne-Fairhope-Foley, AL Metro Area",17424,13443,2928,576,401,76
310M200US19340,19340,"Davenport-Moline-Rock Island, IA-IL Metro Area",26792,20880,3465,999,1203,245
310M200US19380,19380,"Dayton, OH Metro Area",123558,93536,22632,4155,2651,584
310M200US19460,19460,"Decatur, AL Metro Area",17888,14745,1993,859,272,19
310M200US19500,19500,"Decatur, IL Metro Area",17199,13143,2920,683,436,17
310M200US19660,19660,"Deltona-Daytona Beach-Ormond Beach, FL Metro Area",62261,51875,5269,3139,1836,142
310M200US19740,19740,"Denver-Aurora-Lakewood, CO Metro Area",141755,110143,15704,10891,3615,1402
310M200US19780,19780,"Des Moines-West Des Moines, IA Metro Area",26706,18409,5629,965,1377,326
310M200US19820,19820,"Detroit-Warren-Dearborn, MI Metro Area",958851,777306,134256,37665,7884,1740
310M200US20020,20020,"Dothan, AL Metro Area",33073,27988,3442,1036,580,27
310M200US20100,20100,"Dover, DE Metro Area",39271,32579,3305,1143,2137,107
310M200US20220,20220,"Dubuque, IA Metro Area",1241,698,266,30,208,39
310M200US20260,20260,"Duluth, MN-WI Metro Area",3984,2441,882,363,206,92
310M200US20500,20500,"Durham-Chapel Hill, NC Metro Area",136849,106084,19334,7751,3297,383
310M200US20700,20700,"East Stroudsburg, PA Metro Area",22434,20040,886,538,970,0
310M200US20740,20740,"Eau Claire, WI Metro Area",1621,748,461,276,123,13
310M200US20940,20940,"El Centro, CA Metro Area",5389,4515,317,463,94,0
310M200US21060,21060,"Elizabethtown-Fort Knox, KY Metro Area",14235,9588,1816,504,2034,293
310M200US21140,21140,"Elkhart-Goshen, IN Metro Area",11618,8008,2191,539,845,35
310M200US21300,21300,"Elmira, NY Metro Area",5474,4062,519,681,183,29
310M200US21340,21340,"El Paso, TX Metro Area",26038,17923,2707,600,3645,1163
310M200US21500,21500,"Erie, PA Metro Area",19233,14161,3546,731,512,283
310M200US21660,21660,"Eugene, OR Metro Area",3296,2138,680,224,215,39
310M200US21780,21780,"Evansville, IN-KY Metro Area",20643,16084,3795,408,340,16
310M200US21820,21820,"Fairbanks, AK Metro Area",4574,3585,346,44,543,56
310M200US22020,22020,"Fargo, ND-MN Metro Area",4721,2974,497,331,806,113
310M200US22140,22140,"Farmington, NM Metro Area",884,773,54,0,57,0
310M200US22180,22180,"Fayetteville, NC Metro Area",130498,101980,17016,4737,5326,1439
310M200US22220,22220,"Fayetteville-Springdale-Rogers, AR-MO Metro Area",10144,6027,1993,856,1237,31
310M200US22380,22380,"Flagstaff, AZ Metro Area",1831,1121,328,165,204,13
310M200US22420,22420,"Flint, MI Metro Area",84878,67004,15730,1085,943,116
310M200US22500,22500,"Florence, SC Metro Area",83692,70643,9127,3016,856,50
310M200US22520,22520,"Florence-Muscle Shoals, AL Metro Area",18022,15933,1292,521,236,40
310M200US22540,22540,"Fond du Lac, WI Metro Area",1135,715,184,187,39,10
310M200US22660,22660,"Fort Collins, CO Metro Area",2590,1643,405,250,270,22
310M200US22900,22900,"Fort Smith, AR-OK Metro Area",10021,7792,1427,408,394,0
310M200US23060,23060,"Fort Wayne, IN Metro Area",42169,34035,6814,459,766,95
310M200US23420,23420,"Fresno, CA Metro Area",47211,36030,8830,1593,629,129
310M200US23460,23460,"Gadsden, AL Metro Area",15671,12792,2061,637,172,9
310M200US23540,23540,"Gainesville, FL Metro Area",50566,37871,8527,3397,533,238
310M200US23580,23580,"Gainesville, GA Metro Area",13540,9625,1893,1367,636,19
310M200US23900,23900,"Gettysburg, PA Metro Area",1565,1242,72,59,189,3
310M200US24020,24020,"Glens Falls, NY Metro Area",2521,1350,190,920,39,22
310M200US24140,24140,"Goldsboro, NC Metro Area",38057,29917,5486,1672,705,277
310M200US24220,24220,"Grand Forks, ND-MN Metro Area",1916,1128,291,19,424,54
310M200US24260,24260,"Grand Island, NE Metro Area",1260,569,442,82,167,0
310M200US24300,24300,"Grand Junction, CO Metro Area",976,682,167,38,89,0
310M200US24340,24340,"Grand Rapids-Wyoming, MI Metro Area",63644,46774,12991,2674,977,228
310M200US24420,24420,"Grants Pass, OR Metro Area",299,146,67,4,82,0
310M200US24500,24500,"Great Falls, MT Metro Area",995,590,144,27,150,84
310M200US24540,24540,"Greeley, CO Metro Area",2503,1544,350,293,315,1
310M200US24580,24580,"Green Bay, WI Metro Area",5882,3762,1055,276,725,64
310M200US24660,24660,"Greensboro-High Point, NC Metro Area",185523,152752,22591,5909,3558,713
310M200US24780,24780,"Greenville, NC Metro Area",57148,43494,9432,2977,1153,92
310M200US24860,24860,"Greenville-Anderson-Mauldin, SC Metro Area",136939,111318,18715,4441,2160,305
310M200US25060,25060,"Gulfport-Biloxi-Pascagoula, MS Metro Area",76049,59537,10221,2353,3833,105
310M200US25180,25180,"Hagerstown-Martinsburg, MD-WV Metro Area",22503,16290,2791,1905,1470,47
310M200US25220,25220,"Hammond, LA Metro Area",36424,29173,5178,1635,427,11
310M200US25260,25260,"Hanford-Corcoran, CA Metro Area",10207,7179,978,1462,525,63
310M200US25420,25420,"Harrisburg-Carlisle, PA Metro Area",54956,42714,7724,2805,1494,219
310M200US25500,25500,"Harrisonburg, VA Metro Area",4652,2921,456,971,180,124
310M200US25540,25540,"Hartford-West Hartford-East Hartford, CT Metro Area",129626,107599,14422,3390,3261,954
310M200US25620,25620,"Hattiesburg, MS Metro Area",40964,32111,4328,3895,515,115
310M200US25860,25860,"Hickory-Lenoir-Morganton, NC Metro Area",24313,20497,1809,1494,485,28
310M200US25940,25940,"Hilton Head Island-Bluffton-Beaufort, SC Metro Area",42515,33701,5041,1314,2088,371
310M200US25980,25980,"Hinesville, GA Metro Area",30051,23652,2446,1305,2223,425
310M200US26140,26140,"Homosassa Springs, FL Metro Area",4116,3342,439,249,44,42
310M200US26300,26300,"Hot Springs, AR Metro Area",7869,5012,2094,594,133,36
310M200US26380,26380,"Houma-Thibodaux, LA Metro Area",32665,26854,3917,1650,244,0
310M200US26420,26420,"Houston-The Woodlands-Sugar Land, TX Metro Area",1031799,818148,158679,31861,18637,4474
310M200US26580,26580,"Huntington-Ashland, WV-KY-OH Metro Area",7666,5849,691,322,777,27
310M200US26620,26620,"Huntsville, AL Metro Area",91359,73166,12321,2644,2923,305
310M200US26820,26820,"Idaho Falls, ID Metro Area",809,752,20,13,14,10
310M200US26900,26900,"Indianapolis-Carmel-Anderson, IN Metro Area",274069,216458,43403,6694,6120,1394
310M200US26980,26980,"Iowa City, IA Metro Area",6605,4089,1409,378,627,102
310M200US27060,27060,"Ithaca, NY Metro Area",3959,2250,626,330,639,114
310M200US27100,27100,"Jackson, MI Metro Area",13127,8832,2395,1468,375,57
310M200US27140,27140,"Jackson, MS Metro Area",272803,231687,27916,9596,3363,241
310M200US27180,27180,"Jackson, TN Metro Area",39294,32791,4597,1043,840,23
310M200US27260,27260,"Jacksonville, FL Metro Area",290625,230866,44602,7274,7078,805
310M200US27340,27340,"Jacksonville, NC Metro Area",28466,20860,3951,1050,2241,364
310M200US27500,27500,"Janesville-Beloit, WI Metro Area",5740,4107,1305,137,191,0
310M200US27620,27620,"Jefferson City, MO Metro Area",10951,7140,1773,1790,216,32
310M200US27740,27740,"Johnson City, TN Metro Area",5516,3764,1130,297,299,26
310M200US27780,27780,"Johnstown, PA Metro Area",5008,3779,646,381,139,63
310M200US27860,27860,"Jonesboro, AR Metro Area",14865,9938,2789,1685,429,24
310M200US27900,27900,"Joplin, MO Metro Area",2863,2017,433,218,195,0
310M200US27980,27980,"Kahului-Wailuku-Lahaina, HI Metro Area",711,563,54,0,94,0
310M200US28020,28020,"Kalamazoo-Portage, MI Metro Area",30779,22017,6236,1636,864,26
310M200US28100,28100,"Kankakee, IL Metro Area",16416,13634,2110,483,184,5
310M200US28140,28140,"Kansas City, MO-KS Metro Area",250127,193754,39990,5836,9320,1227
310M200US28420,28420,"Kennewick-Richland, WA Metro Area",4023,2683,783,277,210,70
310M200US28660,28660,"Killeen-Temple, TX Metro Area",78906,59572,9213,2218,6187,1716
310M200US28700,28700,"Kingsport-Bristol-Bristol, TN-VA Metro Area",5658,3980,648,540,470,20
310M200US28740,28740,"Kingston, NY Metro Area",10377,8336,819,1093,96,33
310M200US28940,28940,"Knoxville, TN Metro Area",49416,41861,5176,1410,803,166
310M200US29020,29020,"Kokomo, IN Metro Area",5831,4308,980,272,246,25
310M200US29100,29100,"La Crosse-Onalaska, WI-MN Metro Area",1754,1193,349,126,73,13
310M200US29180,29180,"Lafayette, LA Metro Area",113905,95171,13560,4146,903,125
310M200US29200,29200,"Lafayette-West Lafayette, IN Metro Area",7377,4839,1231,742,500,65
310M200US29340,29340,"Lake Charles, LA Metro Area",47394,37642,6966,1634,1075,77
310M200US29420,29420,"Lake Havasu City-Kingman, AZ Metro Area",2225,1388,292,176,331,38
310M200US29460,29460,"Lakeland-Winter Haven, FL Metro Area",89090,70871,13588,3114,1140,377
310M200US29540,29540,"Lancaster, PA Metro Area",19275,14654,2617,799,838,367
310M200US29620,29620,"Lansing-East Lansing, MI Metro Area",38550,28503,5460,3461,883,243
310M200US29700,29700,"Laredo, TX Metro Area",1091,967,15,93,7,9
310M200US29740,29740,"Las Cruces, NM Metro Area",3287,2266,488,171,352,10
310M200US29820,29820,"Las Vegas-Henderson-Paradise, NV Metro Area",206326,141875,51461,547,11212,1231
310M200US29940,29940,"Lawrence, KS Metro Area",4043,2677,777,198,355,36
310M200US30020,30020,"Lawton, OK Metro Area",21047,14088,3797,822,2001,339
310M200US30140,30140,"Lebanon, PA Metro Area",2363,1739,447,139,12,26
310M200US30300,30300,"Lewiston, ID-WA Metro Area",240,173,49,16,2,0
310M200US30340,30340,"Lewiston-Auburn, ME Metro Area",1900,1329,345,51,151,24
310M200US30460,30460,"Lexington-Fayette, KY Metro Area",51174,38016,9564,1967,1435,192
310M200US30620,30620,"Lima, OH Metro Area",12185,9317,2293,320,231,24
310M200US30700,30700,"Lincoln, NE Metro Area",10935,6711,2823,539,737,125
310M200US30780,30780,"Little Rock-North Little Rock-Conway, AR Metro Area",157172,124093,25347,3804,3747,181
310M200US30860,30860,"Logan, UT-ID Metro Area",710,345,283,6,60,16
310M200US30980,30980,"Longview, TX Metro Area",36960,29068,4477,2816,557,42
310M200US31020,31020,"Longview, WA Metro Area",564,405,112,10,37,0
310M200US31080,31080,"Los Angeles-Long Beach-Anaheim, CA Metro Area",873820,728734,118021,13805,10396,2864
310M200US31140,31140,"Louisville/Jefferson County, KY-IN Metro Area",170706,140520,22215,3156,4390,425
310M200US31180,31180,"Lubbock, TX Metro Area",20307,13496,4286,1998,462,65
310M200US31340,31340,"Lynchburg, VA Metro Area",42976,34888,4317,2796,918,57
310M200US31420,31420,"Macon, GA Metro Area",100020,81342,13731,3924,956,67
310M200US31460,31460,"Madera, CA Metro Area",5087,3982,270,834,1,0
310M200US31540,31540,"Madison, WI Metro Area",25969,18818,4758,1188,990,215
310M200US31700,31700,"Manchester-Nashua, NH Metro Area",8714,6772,1457,19,323,143
310M200US31740,31740,"Manhattan, KS Metro Area",4961,3291,428,363,759,120
310M200US31860,31860,"Mankato-North Mankato, MN Metro Area",2735,1953,159,410,199,14
310M200US31900,31900,"Mansfield, OH Metro Area",10626,8255,1072,1207,92,0
310M200US32580,32580,"McAllen-Edinburg-Mission, TX Metro Area",4495,3384,388,568,143,12
310M200US32780,32780,"Medford, OR Metro Area",1420,796,302,142,164,16
310M200US32820,32820,"Memphis, TN-MS-AR Metro Area",597655,487067,88678,7624,13404,882
310M200US32900,32900,"Merced, CA Metro Area",9508,7461,1198,727,78,44
310M200US33100,33100,"Miami-Fort Lauderdale-West Palm Beach, FL Metro Area",1182661,982298,145754,27456,14574,12579
310M200US33140,33140,"Michigan City-La Porte, IN Metro Area",11811,8669,1495,1212,430,5
310M200US33220,33220,"Midland, MI Metro Area",1155,845,171,101,21,17
310M200US33260,33260,"Midland, TX Metro Area",9310,6730,1488,785,301,6
310M200US33340,33340,"Milwaukee-Waukesha-West Allis, WI Metro Area",254805,190565,57599,2931,3000,710
310M200US33460,33460,"Minneapolis-St. Paul-Bloomington, MN-WI Metro Area",242143,175620,42092,14017,7353,3061
310M200US33540,33540,"Missoula, MT Metro Area",451,276,124,26,25,0
310M200US33660,33660,"Mobile, AL Metro Area",141946,119867,19228,705,2063,83
310M200US33700,33700,"Modesto, CA Metro Area",14411,10665,2378,1249,44,75
310M200US33740,33740,"Monroe, LA Metro Area",61814,51317,7025,2600,786,86
310M200US33780,33780,"Monroe, MI Metro Area",3317,2658,314,294,51,0
310M200US33860,33860,"Montgomery, AL Metro Area",158430,121640,25784,7358,3516,132
310M200US34060,34060,"Morgantown, WV Metro Area",4473,3077,602,267,443,84
310M200US34100,34100,"Morristown, TN Metro Area",3820,2897,679,188,56,0
310M200US34580,34580,"Mount Vernon-Anacortes, WA Metro Area",724,507,44,100,73,0
310M200US34620,34620,"Muncie, IN Metro Area",5506,3603,1356,329,210,8
310M200US34740,34740,"Muskegon, MI Metro Area",23318,17036,4484,1381,404,13
310M200US34820,34820,"Myrtle Beach-Conway-North Myrtle Beach, SC-NC Metro Area",48913,40487,5107,1799,1295,225
310M200US34900,34900,"Napa, CA Metro Area",2913,2535,130,224,19,5
310M200US34940,34940,"Naples-Immokalee-Marco Island, FL Metro Area",21816,18046,2700,695,252,123
310M200US34980,34980,"Nashville-Davidson--Murfreesboro--Franklin, TN Metro Area",256879,203280,39341,8763,4910,585
310M200US35100,35100,"New Bern, NC Metro Area",27939,23434,2024,1388,898,195
310M200US35300,35300,"New Haven-Milford, CT Metro Area",107308,90646,12388,1581,2103,590
310M200US35380,35380,"New Orleans-Metairie, LA Metro Area",412413,348198,40517,14488,8696,514
310M200US35620,35620,"New York-Newark-Jersey City, NY-NJ-PA Metro Area",3353643,3007421,212437,80745,33873,19167
310M200US35660,35660,"Niles-Benton Harbor, MI Metro Area",23415,19020,3503,239,433,220
310M200US35840,35840,"North Port-Sarasota-Bradenton, FL Metro Area",46415,35385,7201,2639,979,211
310M200US35980,35980,"Norwich-New London, CT Metro Area",14977,10941,2012,857,620,547
310M200US36100,36100,"Ocala, FL Metro Area",41691,32441,6008,1903,1211,128
310M200US36140,36140,"Ocean City, NJ Metro Area",4447,3874,370,148,54,1
310M200US36220,36220,"Odessa, TX Metro Area",5817,4327,866,338,190,96
310M200US36260,36260,"Ogden-Clearfield, UT Metro Area",7173,5840,786,223,319,5
310M200US36420,36420,"Oklahoma City, OK Metro Area",127371,96506,22212,4039,3970,644
310M200US36500,36500,"Olympia-Tumwater, WA Metro Area",6863,4650,1009,430,218,556
310M200US36540,36540,"Omaha-Council Bluffs, NE-IA Metro Area",66323,50441,12066,1656,1907,253
310M200US36740,36740,"Orlando-Kissimmee-Sanford, FL Metro Area",344831,268821,51600,13510,8252,2648
310M200US36780,36780,"Oshkosh-Neenah, WI Metro Area",2844,1919,336,568,21,0
310M200US36980,36980,"Owensboro, KY Metro Area",4827,3690,767,175,174,21
310M200US37100,37100,"Oxnard-Thousand Oaks-Ventura, CA Metro Area",15027,11528,2170,803,513,13
310M200US37340,37340,"Palm Bay-Melbourne-Titusville, FL Metro Area",54386,43652,7709,1422,1229,374
310M200US37460,37460,"Panama City, FL Metro Area",20138,16537,2161,825,516,99
310M200US37620,37620,"Parkersburg-Vienna, WV Metro Area",945,840,42,28,24,11
310M200US37860,37860,"Pensacola-Ferry Pass-Brent, FL Metro Area",73732,60008,8990,2187,2296,251
310M200US37900,37900,"Peoria, IL Metro Area",34152,26667,5596,889,916,84
310M200US37980,37980,"Philadelphia-Camden-Wilmington, PA-NJ-DE-MD Metro Area",1233971,1064267,119858,26460,18809,4577
310M200US38060,38060,"Phoenix-Mesa-Scottsdale, AZ Metro Area",213422,150211,44637,3769,12920,1885
310M200US38220,38220,"Pine Bluff, AR Metro Area",46643,38735,5449,1379,1006,74
310M200US38300,38300,"Pittsburgh, PA Metro Area",190876,154019,28407,4201,3677,572
310M200US38340,38340,"Pittsfield, MA Metro Area",3436,2625,402,133,239,37
310M200US38540,38540,"Pocatello, ID Metro Area",574,345,122,35,63,9
310M200US38860,38860,"Portland-South Portland, ME Metro Area",8580,6491,1240,242,240,367
310M200US38900,38900,"Portland-Vancouver-Hillsboro, OR-WA Metro Area",64059,49206,9757,1874,2963,259
310M200US38940,38940,"Port St. Lucie, FL Metro Area",60968,51517,5801,2023,989,638
310M200US39140,39140,"Prescott, AZ Metro Area",1293,888,151,127,110,17
310M200US39300,39300,"Providence-Warwick, RI-MA Metro Area",84604,68207,10919,1795,2953,730
310M200US39340,39340,"Provo-Orem, UT Metro Area",3187,2159,356,146,344,182
310M200US39380,39380,"Pueblo, CO Metro Area",3350,2664,394,192,100,0
310M200US39460,39460,"Punta Gorda, FL Metro Area",9072,7518,534,719,301,0
310M200US39540,39540,"Racine, WI Metro Area",20678,16431,2873,808,532,34
310M200US39580,39580,"Raleigh, NC Metro Area",232027,188465,27130,10884,4483,1065
310M200US39660,39660,"Rapid City, SD Metro Area",1548,1033,207,106,126,76
310M200US39740,39740,"Reading, PA Metro Area",19399,14486,3253,898,718,44
310M200US39820,39820,"Redding, CA Metro Area",1658,1190,388,52,10,18
310M200US39900,39900,"Reno, NV Metro Area",10428,7378,1754,370,926,0
310M200US40060,40060,"Richmond, VA Metro Area",364174,302876,31918,22235,6405,740
310M200US40140,40140,"Riverside-San Bernardino-Ontario, CA Metro Area",314696,243052,46042,18807,5825,970
310M200US40220,40220,"Roanoke, VA Metro Area",39500,30658,5945,1933,942,22
310M200US40340,40340,"Rochester, MN Metro Area",7205,5198,1214,252,430,111
310M200US40380,40380,"Rochester, NY Metro Area",121982,95116,21451,2978,2005,432
310M200US40420,40420,"Rockford, IL Metro Area",36584,29293,5771,752,717,51
310M200US40580,40580,"Rocky Mount, NC Metro Area",67074,55961,5980,3885,1208,40
310M200US40660,40660,"Rome, GA Metro Area",13573,11092,1383,869,136,93
310M200US40900,40900,"Sacramento--Roseville--Arden-Arcade, CA Metro Area",153884,111213,33515,6163,2576,417
310M200US40980,40980,"Saginaw, MI Metro Area",36326,29238,4937,1236,889,26
310M200US41060,41060,"St. Cloud, MN Metro Area",5576,3481,889,637,346,223
310M200US41100,41100,"St. George, UT Metro Area",584,496,51,6,13,18
310M200US41140,41140,"St. Joseph, MO-KS Metro Area",5705,3807,738,922,216,22
310M200US41180,41180,"St. Louis, MO-IL Metro Area",504906,405297,67093,22055,9275,1186
310M200US41420,41420,"Salem, OR Metro Area",3461,2314,474,249,415,9
310M200US41500,41500,"Salinas, CA Metro Area",12289,9717,780,1316,429,47
310M200US41540,41540,"Salisbury, MD-DE Metro Area",66270,54203,7056,2936,1881,194
310M200US41620,41620,"Salt Lake City, UT Metro Area",17796,12978,3153,470,985,210
310M200US41660,41660,"San Angelo, TX Metro Area",4706,3009,615,571,457,54
310M200US41700,41700,"San Antonio-New Braunfels, TX Metro Area",139805,107643,20635,4587,6172,768
310M200US41740,41740,"San Diego-Carlsbad, CA Metro Area",156790,126804,20736,2908,4910,1432
310M200US41860,41860,"San Francisco-Oakland-Hayward, CA Metro Area",354336,293001,40320,14992,4702,1321
310M200US41940,41940,"San Jose-Sunnyvale-Santa Clara, CA Metro Area",48148,38355,6572,2000,855,366
310M200US42020,42020,"San Luis Obispo-Paso Robles-Arroyo Grande, CA Metro Area",5861,4010,472,1231,45,103
310M200US42100,42100,"Santa Cruz-Watsonville, CA Metro Area",2567,1724,464,278,76,25
310M200US42140,42140,"Santa Fe, NM Metro Area",1154,860,114,82,98,0
310M200US42200,42200,"Santa Maria-Santa Barbara, CA Metro Area",8414,6395,1263,358,353,45
310M200US42220,42220,"Santa Rosa, CA Metro Area",7552,6111,982,294,102,63
310M200US42340,42340,"Savannah, GA Metro Area",117869,102578,9907,3241,1881,262
310M200US42540,42540,"Scranton--Wilkes-Barre--Hazleton, PA Metro Area",17848,11572,3292,1348,1129,507
310M200US42660,42660,"Seattle-Tacoma-Bellevue, WA Metro Area",191435,146548,29708,5218,7449,2512
310M200US42680,42680,"Sebastian-Vero Beach, FL Metro Area",12594,9924,1435,902,300,33
310M200US42700,42700,"Sebring, FL Metro Area",9302,7382,1429,155,289,47
310M200US43100,43100,"Sheboygan, WI Metro Area",1672,928,273,343,128,0
310M200US43300,43300,"Sherman-Denison, TX Metro Area",6861,4922,1571,153,197,18
310M200US43340,43340,"Shreveport-Bossier City, LA Metro Area",168454,144494,18429,3698,1596,237
310M200US43420,43420,"Sierra Vista-Douglas, AZ Metro Area",4961,3312,213,464,734,238
310M200US43580,43580,"Sioux City, IA-NE-SD Metro Area",3779,2634,782,85,269,9
310M200US43620,43620,"Sioux Falls, SD Metro Area",7065,5111,1265,240,364,85
310M200US43780,43780,"South Bend-Mishawaka, IN-MI Metro Area",36381,27862,6928,532,898,161
310M200US43900,43900,"Spartanburg, SC Metro Area",66643,52916,10477,2000,1071,179
310M200US44060,44060,"Spokane-Spokane Valley, WA Metro Area",9067,6591,1800,231,360,85
310M200US44100,44100,"Springfield, IL Metro Area",23752,18077,3914,1158,419,184
310M200US44140,44140,"Springfield, MA Metro Area",44219,35747,5926,805,1279,462
310M200US44180,44180,"Springfield, MO Metro Area",8825,5703,1751,827,532,12
310M200US44220,44220,"Springfield, OH Metro Area",11669,9604,1458,323,277,7
310M200US44300,44300,"State College, PA Metro Area",4844,2981,498,829,400,136
310M200US44420,44420,"Staunton-Waynesboro, VA Metro Area",8653,6654,770,962,252,15
310M200US44700,44700,"Stockton-Lodi, CA Metro Area",49041,37683,7711,3117,498,32
310M200US44940,44940,"Sumter, SC Metro Area",49285,43025,4041,1377,724,118
310M200US45060,45060,"Syracuse, NY Metro Area",52628,39699,9609,1669,1331,320
310M200US45220,45220,"Tallahassee, FL Metro Area",119591,88223,19782,8765,2595,226
310M200US45300,45300,"Tampa-St. Petersburg-Clearwater, FL Metro Area",333141,260948,53566,9848,7255,1524
310M200US45460,45460,"Terre Haute, IN Metro Area",8268,6610,734,643,213,68
310M200US45500,45500,"Texarkana, TX-AR Metro Area",34633,27293,4069,1122,2105,44
310M200US45540,45540,"The Villages, FL Metro Area",9060,7265,792,586,367,50
310M200US45780,45780,"Toledo, OH Metro Area",85719,66144,15548,2002,1836,189
310M200US45820,45820,"Topeka, KS Metro Area",14620,10497,3312,507,247,57
310M200US45940,45940,"Trenton, NJ Metro Area",73448,62169,7361,2104,1461,353
310M200US46060,46060,"Tucson, AZ Metro Area",35354,23927,8210,802,1779,636
310M200US46140,46140,"Tulsa, OK Metro Area",75616,58512,11998,2728,2202,176
310M200US46220,46220,"Tuscaloosa, AL Metro Area",75593,63048,9265,1856,1322,102
310M200US46340,46340,"Tyler, TX Metro Area",37782,28904,5692,2690,474,22
310M200US46520,46520,"Urban Honolulu, HI Metro Area",21855,14882,2954,72,3252,695
310M200US46540,46540,"Utica-Rome, NY Metro Area",13855,9213,2468,1766,368,40
310M200US46660,46660,"Valdosta, GA Metro Area",47334,36513,6461,2792,1419,149
310M200US46700,46700,"Vallejo-Fairfield, CA Metro Area",57915,46807,7270,2778,938,122
310M200US47020,47020,"Victoria, TX Metro Area",5665,4373,1126,122,44,0
310M200US47220,47220,"Vineland-Bridgeton, NJ Metro Area",32188,26211,3045,2381,414,137
310M200US47260,47260,"Virginia Beach-Norfolk-Newport News, VA-NC Metro Area",516182,415897,51863,30891,15807,1724
310M200US47300,47300,"Visalia-Porterville, CA Metro Area",7419,6046,1065,186,116,6
310M200US47380,47380,"Waco, TX Metro Area",38507,29796,6583,1451,615,62
310M200US47460,47460,"Walla Walla, WA Metro Area",980,706,11,239,24,0
310M200US47580,47580,"Warner Robins, GA Metro Area",57137,46353,5933,3684,973,194
310M200US47900,47900,"Washington-Arlington-Alexandria, DC-VA-MD-WV Metro Area",1452533,1221480,130606,32230,56909,11308
310M200US47940,47940,"Waterloo-Cedar Falls, IA Metro Area",12029,10067,1519,182,208,53
310M200US48060,48060,"Watertown-Fort Drum, NY Metro Area",5630,2758,608,465,948,851
310M200US48140,48140,"Wausau, WI Metro Area",794,489,164,130,5,6
310M200US48260,48260,"Weirton-Steubenville, WV-OH Metro Area",5131,4071,540,294,208,18
310M200US48300,48300,"Wenatchee, WA Metro Area",318,236,17,23,21,21
310M200US48540,48540,"Wheeling, WV-OH Metro Area",4349,3259,273,595,212,10
310M200US48620,48620,"Wichita, KS Metro Area",46286,34599,8955,1142,1447,143
310M200US48660,48660,"Wichita Falls, TX Metro Area",13737,9996,1734,973,866,168
310M200US48700,48700,"Williamsport, PA Metro Area",5509,4003,735,487,284,0
310M200US48900,48900,"Wilmington, NC Metro Area",39350,32503,4352,1674,694,127
310M200US49020,49020,"Winchester, VA-WV Metro Area",6459,5445,351,430,201,32
310M200US49180,49180,"Winston-Salem, NC Metro Area",111743,91142,15419,3452,1603,127
310M200US49340,49340,"Worcester, MA-CT Metro Area",36340,30489,3386,923,792,750
310M200US49420,49420,"Yakima, WA Metro Area",2008,1488,440,68,11,1
310M200US49620,49620,"York-Hanover, PA Metro Area",23411,18070,3367,602,1172,200
310M200US49660,49660,"Youngstown-Warren-Boardman, OH-PA Metro Area",60204,50029,6793,2004,1317,61
310M200US49700,49700,"Yuba City, CA Metro Area",3925,2989,461,280,159,36
310M200US49740,49740,"Yuma, AZ Metro Area",4269,3172,571,189,261,76
