GEO.id,GEO.id2,GEO.display-label,HD01_VD01,HD01_VD02,HD01_VD03,HD01_VD04,HD01_VD05,HD01_VD06
Id,Id2,Geography,Estimate; Total:,Estimate; Total: - Same house 1 year ago,Estimate; Total: - Moved within same county,Estimate; Total: - Moved from different county within same state,Estimate; Total: - Moved from different state,Estimate; Total: - Moved from abroad
310M200US10180,10180,"Abilene, TX Metro Area",837,515,194,92,23,13
310M200US10420,10420,"Akron, OH Metro Area",1177,982,162,11,22,0
310M200US10500,10500,"Albany, GA Metro Area",183,159,16,0,8,0
310M200US10540,10540,"Albany, OR Metro Area",2219,1945,84,164,26,0
310M200US10580,10580,"Albany-Schenectady-Troy, NY Metro Area",1440,1130,165,84,34,27
310M200US10740,10740,"Albuquerque, NM Metro Area",49076,41314,4195,2566,903,98
310M200US10780,10780,"Alexandria, LA Metro Area",1012,868,104,4,36,0
310M200US10900,10900,"Allentown-Bethlehem-Easton, PA-NJ Metro Area",1991,1702,133,41,62,53
310M200US11020,11020,"Altoona, PA Metro Area",67,59,8,0,0,0
310M200US11100,11100,"Amarillo, TX Metro Area",1705,1277,105,222,89,12
310M200US11180,11180,"Ames, IA Metro Area",142,120,0,0,22,0
310M200US11260,11260,"Anchorage, AK Metro Area",25374,20122,3022,1555,585,90
310M200US11460,11460,"Ann Arbor, MI Metro Area",981,738,94,63,72,14
310M200US11500,11500,"Anniston-Oxford-Jacksonville, AL Metro Area",272,232,21,11,8,0
310M200US11540,11540,"Appleton, WI Metro Area",3007,2792,115,100,0,0
310M200US11700,11700,"Asheville, NC Metro Area",1311,1131,47,54,79,0
310M200US12020,12020,"Athens-Clarke County, GA Metro Area",333,310,0,22,1,0
310M200US12060,12060,"Atlanta-Sandy Springs-Roswell, GA Metro Area",14659,12253,780,1085,402,139
310M200US12100,12100,"Atlantic City-Hammonton, NJ Metro Area",561,395,145,14,7,0
310M200US12220,12220,"Auburn-Opelika, AL Metro Area",277,170,40,54,13,0
310M200US12260,12260,"Augusta-Richmond County, GA-SC Metro Area",1438,1159,65,43,152,19
310M200US12420,12420,"Austin-Round Rock, TX Metro Area",8747,6532,1087,685,299,144
310M200US12540,12540,"Bakersfield, CA Metro Area",10464,8447,1571,394,49,3
310M200US12580,12580,"Baltimore-Columbia-Towson, MD Metro Area",6482,5068,832,437,45,100
310M200US12620,12620,"Bangor, ME Metro Area",1646,1305,292,44,5,0
310M200US12700,12700,"Barnstable Town, MA Metro Area",891,786,43,7,55,0
310M200US12940,12940,"Baton Rouge, LA Metro Area",1871,1557,220,18,57,19
310M200US12980,12980,"Battle Creek, MI Metro Area",1003,770,88,81,64,0
310M200US13020,13020,"Bay City, MI Metro Area",358,312,41,5,0,0
310M200US13140,13140,"Beaumont-Port Arthur, TX Metro Area",1392,1258,5,51,78,0
310M200US13220,13220,"Beckley, WV Metro Area",243,230,13,0,0,0
310M200US13380,13380,"Bellingham, WA Metro Area",5468,4497,838,97,36,0
310M200US13460,13460,"Bend-Redmond, OR Metro Area",927,738,91,36,59,3
310M200US13740,13740,"Billings, MT Metro Area",6448,4470,1104,820,54,0
310M200US13780,13780,"Binghamton, NY Metro Area",603,509,62,22,10,0
310M200US13820,13820,"Birmingham-Hoover, AL Metro Area",3273,2741,265,79,79,109
310M200US13900,13900,"Bismarck, ND Metro Area",7616,5990,757,641,220,8
310M200US13980,13980,"Blacksburg-Christiansburg-Radford, VA Metro Area",344,220,91,19,8,6
310M200US14010,14010,"Bloomington, IL Metro Area",269,242,27,0,0,0
310M200US14020,14020,"Bloomington, IN Metro Area",612,298,278,36,0,0
310M200US14100,14100,"Bloomsburg-Berwick, PA Metro Area",86,78,7,1,0,0
310M200US14260,14260,"Boise City, ID Metro Area",4706,3168,859,308,371,0
310M200US14460,14460,"Boston-Cambridge-Newton, MA-NH Metro Area",8112,6624,777,326,291,94
310M200US14500,14500,"Boulder, CO Metro Area",1566,978,331,193,42,22
310M200US14540,14540,"Bowling Green, KY Metro Area",447,392,26,29,0,0
310M200US14740,14740,"Bremerton-Silverdale, WA Metro Area",3488,2787,542,81,78,0
310M200US14860,14860,"Bridgeport-Stamford-Norwalk, CT Metro Area",1979,1623,168,90,38,60
310M200US15180,15180,"Brownsville-Harlingen, TX Metro Area",745,624,26,5,31,59
310M200US15260,15260,"Brunswick, GA Metro Area",355,237,28,35,21,34
310M200US15380,15380,"Buffalo-Cheektowaga-Niagara Falls, NY Metro Area",6365,5457,629,143,24,112
310M200US15500,15500,"Burlington, NC Metro Area",512,366,68,15,8,55
310M200US15540,15540,"Burlington-South Burlington, VT Metro Area",745,598,112,19,3,13
310M200US15680,15680,"California-Lexington Park, MD Metro Area",252,217,0,0,35,0
310M200US15940,15940,"Canton-Massillon, OH Metro Area",482,444,8,17,13,0
310M200US15980,15980,"Cape Coral-Fort Myers, FL Metro Area",2050,1142,589,153,166,0
310M200US16020,16020,"Cape Girardeau, MO-IL Metro Area",228,127,74,1,0,26
310M200US16060,16060,"Carbondale-Marion, IL Metro Area",479,388,9,76,6,0
310M200US16180,16180,"Carson City, NV Metro Area",1391,1030,132,83,143,3
310M200US16220,16220,"Casper, WY Metro Area",910,565,206,47,47,45
310M200US16300,16300,"Cedar Rapids, IA Metro Area",679,527,26,47,79,0
310M200US16540,16540,"Chambersburg-Waynesboro, PA Metro Area",376,210,0,166,0,0
310M200US16580,16580,"Champaign-Urbana, IL Metro Area",381,277,59,31,14,0
310M200US16620,16620,"Charleston, WV Metro Area",347,231,66,22,28,0
310M200US16700,16700,"Charleston-North Charleston, SC Metro Area",2383,1981,161,98,143,0
310M200US16740,16740,"Charlotte-Concord-Gastonia, NC-SC Metro Area",9378,7846,723,286,392,131
310M200US16820,16820,"Charlottesville, VA Metro Area",447,352,33,26,36,0
310M200US16860,16860,"Chattanooga, TN-GA Metro Area",1607,1420,73,60,32,22
310M200US16940,16940,"Cheyenne, WY Metro Area",863,321,417,84,41,0
310M200US16980,16980,"Chicago-Naperville-Elgin, IL-IN-WI Metro Area",23337,20342,1591,721,447,236
310M200US17020,17020,"Chico, CA Metro Area",2626,1842,615,93,76,0
310M200US17140,17140,"Cincinnati, OH-KY-IN Metro Area",3831,3057,445,98,157,74
310M200US17300,17300,"Clarksville, TN-KY Metro Area",1519,1213,98,33,119,56
310M200US17420,17420,"Cleveland, TN Metro Area",262,147,59,7,49,0
310M200US17460,17460,"Cleveland-Elyria, OH Metro Area",4313,3325,613,179,117,79
310M200US17660,17660,"Coeur d'Alene, ID Metro Area",1983,1377,187,129,290,0
310M200US17780,17780,"College Station-Bryan, TX Metro Area",740,573,65,80,9,13
310M200US17820,17820,"Colorado Springs, CO Metro Area",4166,2968,645,97,403,53
310M200US17860,17860,"Columbia, MO Metro Area",467,435,2,20,10,0
310M200US17900,17900,"Columbia, SC Metro Area",1558,1176,140,120,101,21
310M200US17980,17980,"Columbus, GA-AL Metro Area",914,622,164,20,107,1
310M200US18020,18020,"Columbus, IN Metro Area",274,266,8,0,0,0
310M200US18140,18140,"Columbus, OH Metro Area",3173,2420,363,189,45,156
310M200US18580,18580,"Corpus Christi, TX Metro Area",1941,1752,76,48,65,0
310M200US18700,18700,"Corvallis, OR Metro Area",484,341,36,107,0,0
310M200US18880,18880,"Crestview-Fort Walton Beach-Destin, FL Metro Area",1967,1586,85,49,247,0
310M200US19060,19060,"Cumberland, MD-WV Metro Area",100,78,15,7,0,0
310M200US19100,19100,"Dallas-Fort Worth-Arlington, TX Metro Area",29730,23723,3819,1385,611,192
310M200US19140,19140,"Dalton, GA Metro Area",293,293,0,0,0,0
310M200US19180,19180,"Danville, IL Metro Area",281,279,2,0,0,0
310M200US19300,19300,"Daphne-Fairhope-Foley, AL Metro Area",999,922,77,0,0,0
310M200US19340,19340,"Davenport-Moline-Rock Island, IA-IL Metro Area",1035,907,96,5,17,10
310M200US19380,19380,"Dayton, OH Metro Area",1451,1263,128,38,15,7
310M200US19460,19460,"Decatur, AL Metro Area",2760,2456,235,56,13,0
310M200US19500,19500,"Decatur, IL Metro Area",150,105,45,0,0,0
310M200US19660,19660,"Deltona-Daytona Beach-Ormond Beach, FL Metro Area",2018,1672,166,82,98,0
310M200US19740,19740,"Denver-Aurora-Lakewood, CO Metro Area",21624,17449,2133,1294,730,18
310M200US19780,19780,"Des Moines-West Des Moines, IA Metro Area",1209,969,104,36,94,6
310M200US19820,19820,"Detroit-Warren-Dearborn, MI Metro Area",12724,10592,1391,437,74,230
310M200US20020,20020,"Dothan, AL Metro Area",448,349,73,2,24,0
310M200US20100,20100,"Dover, DE Metro Area",1056,1019,37,0,0,0
310M200US20220,20220,"Dubuque, IA Metro Area",75,70,2,0,3,0
310M200US20260,20260,"Duluth, MN-WI Metro Area",6988,5591,948,304,130,15
310M200US20500,20500,"Durham-Chapel Hill, NC Metro Area",2152,1685,250,113,93,11
310M200US20700,20700,"East Stroudsburg, PA Metro Area",612,530,15,10,57,0
310M200US20740,20740,"Eau Claire, WI Metro Area",611,491,54,50,16,0
310M200US20940,20940,"El Centro, CA Metro Area",2447,2023,184,175,55,10
310M200US21060,21060,"Elizabethtown-Fort Knox, KY Metro Area",398,247,47,29,62,13
310M200US21140,21140,"Elkhart-Goshen, IN Metro Area",283,268,11,0,0,4
310M200US21300,21300,"Elmira, NY Metro Area",317,110,189,17,1,0
310M200US21340,21340,"El Paso, TX Metro Area",4895,3948,597,74,186,90
310M200US21500,21500,"Erie, PA Metro Area",748,592,63,62,31,0
310M200US21660,21660,"Eugene, OR Metro Area",3781,2771,521,284,205,0
310M200US21780,21780,"Evansville, IN-KY Metro Area",677,502,135,11,9,20
310M200US21820,21820,"Fairbanks, AK Metro Area",6176,4508,991,431,140,106
310M200US22020,22020,"Fargo, ND-MN Metro Area",2562,1708,405,276,169,4
310M200US22140,22140,"Farmington, NM Metro Area",46654,42488,3376,308,468,14
310M200US22180,22180,"Fayetteville, NC Metro Area",7907,6971,378,222,280,56
310M200US22220,22220,"Fayetteville-Springdale-Rogers, AR-MO Metro Area",6498,4893,914,124,530,37
310M200US22380,22380,"Flagstaff, AZ Metro Area",35899,32454,2200,787,454,4
310M200US22420,22420,"Flint, MI Metro Area",2019,1572,267,151,22,7
310M200US22500,22500,"Florence, SC Metro Area",428,396,7,5,20,0
310M200US22520,22520,"Florence-Muscle Shoals, AL Metro Area",796,744,15,30,0,7
310M200US22540,22540,"Fond du Lac, WI Metro Area",445,348,62,35,0,0
310M200US22660,22660,"Fort Collins, CO Metro Area",1850,1204,320,174,152,0
310M200US22900,22900,"Fort Smith, AR-OK Metro Area",13328,11428,1270,435,195,0
310M200US23060,23060,"Fort Wayne, IN Metro Area",1220,1033,92,76,12,7
310M200US23420,23420,"Fresno, CA Metro Area",9780,8250,1246,108,65,111
310M200US23460,23460,"Gadsden, AL Metro Area",373,284,45,26,18,0
310M200US23540,23540,"Gainesville, FL Metro Area",755,579,100,12,53,11
310M200US23580,23580,"Gainesville, GA Metro Area",660,611,0,37,12,0
310M200US23900,23900,"Gettysburg, PA Metro Area",144,94,40,0,10,0
310M200US24020,24020,"Glens Falls, NY Metro Area",209,173,32,3,0,1
310M200US24140,24140,"Goldsboro, NC Metro Area",199,154,24,18,3,0
310M200US24220,24220,"Grand Forks, ND-MN Metro Area",2018,1491,263,89,175,0
310M200US24260,24260,"Grand Island, NE Metro Area",519,493,0,0,0,26
310M200US24300,24300,"Grand Junction, CO Metro Area",1157,1015,74,47,13,8
310M200US24340,24340,"Grand Rapids-Wyoming, MI Metro Area",4692,4034,488,115,18,37
310M200US24420,24420,"Grants Pass, OR Metro Area",1352,920,156,30,227,19
310M200US24500,24500,"Great Falls, MT Metro Area",3605,2618,475,399,113,0
310M200US24540,24540,"Greeley, CO Metro Area",2347,1936,229,120,62,0
310M200US24580,24580,"Green Bay, WI Metro Area",6364,4959,1022,285,81,17
310M200US24660,24660,"Greensboro-High Point, NC Metro Area",3501,2969,350,149,33,0
310M200US24780,24780,"Greenville, NC Metro Area",551,425,48,78,0,0
310M200US24860,24860,"Greenville-Anderson-Mauldin, SC Metro Area",2052,1458,410,59,93,32
310M200US25060,25060,"Gulfport-Biloxi-Pascagoula, MS Metro Area",1008,639,173,79,117,0
310M200US25180,25180,"Hagerstown-Martinsburg, MD-WV Metro Area",503,392,74,19,18,0
310M200US25220,25220,"Hammond, LA Metro Area",370,319,21,24,6,0
310M200US25260,25260,"Hanford-Corcoran, CA Metro Area",2016,1452,384,166,1,13
310M200US25420,25420,"Harrisburg-Carlisle, PA Metro Area",768,657,21,87,3,0
310M200US25500,25500,"Harrisonburg, VA Metro Area",372,347,16,9,0,0
310M200US25540,25540,"Hartford-West Hartford-East Hartford, CT Metro Area",2124,1545,375,64,53,87
310M200US25620,25620,"Hattiesburg, MS Metro Area",272,203,0,0,69,0
310M200US25860,25860,"Hickory-Lenoir-Morganton, NC Metro Area",1455,1223,99,33,100,0
310M200US25940,25940,"Hilton Head Island-Bluffton-Beaufort, SC Metro Area",418,317,8,0,86,7
310M200US25980,25980,"Hinesville, GA Metro Area",361,254,3,54,35,15
310M200US26140,26140,"Homosassa Springs, FL Metro Area",513,472,0,0,30,11
310M200US26300,26300,"Hot Springs, AR Metro Area",611,592,0,0,0,19
310M200US26380,26380,"Houma-Thibodaux, LA Metro Area",8356,6984,927,334,7,104
310M200US26420,26420,"Houston-The Woodlands-Sugar Land, TX Metro Area",26198,21972,2880,678,457,211
310M200US26580,26580,"Huntington-Ashland, WV-KY-OH Metro Area",718,605,63,13,18,19
310M200US26620,26620,"Huntsville, AL Metro Area",2771,2235,359,77,93,7
310M200US26820,26820,"Idaho Falls, ID Metro Area",581,417,142,16,6,0
310M200US26900,26900,"Indianapolis-Carmel-Anderson, IN Metro Area",4131,3271,569,216,55,20
310M200US26980,26980,"Iowa City, IA Metro Area",322,245,29,13,28,7
310M200US27060,27060,"Ithaca, NY Metro Area",268,222,16,24,6,0
310M200US27100,27100,"Jackson, MI Metro Area",734,486,110,133,5,0
310M200US27140,27140,"Jackson, MS Metro Area",926,830,0,14,82,0
310M200US27180,27180,"Jackson, TN Metro Area",267,205,57,0,5,0
310M200US27260,27260,"Jacksonville, FL Metro Area",3599,2933,253,155,244,14
310M200US27340,27340,"Jacksonville, NC Metro Area",1086,670,177,54,164,21
310M200US27500,27500,"Janesville-Beloit, WI Metro Area",292,243,28,9,12,0
310M200US27620,27620,"Jefferson City, MO Metro Area",698,410,124,134,1,29
310M200US27740,27740,"Johnson City, TN Metro Area",558,501,31,20,6,0
310M200US27780,27780,"Johnstown, PA Metro Area",127,100,21,0,6,0
310M200US27860,27860,"Jonesboro, AR Metro Area",469,421,33,0,15,0
310M200US27900,27900,"Joplin, MO Metro Area",3161,2736,164,162,85,14
310M200US27980,27980,"Kahului-Wailuku-Lahaina, HI Metro Area",259,205,40,14,0,0
310M200US28020,28020,"Kalamazoo-Portage, MI Metro Area",1430,1286,59,73,12,0
310M200US28100,28100,"Kankakee, IL Metro Area",234,177,57,0,0,0
310M200US28140,28140,"Kansas City, MO-KS Metro Area",9049,7077,1071,285,536,80
310M200US28420,28420,"Kennewick-Richland, WA Metro Area",1972,1427,223,135,187,0
310M200US28660,28660,"Killeen-Temple, TX Metro Area",3250,2549,355,198,111,37
310M200US28700,28700,"Kingsport-Bristol-Bristol, TN-VA Metro Area",834,701,27,60,46,0
310M200US28740,28740,"Kingston, NY Metro Area",228,169,1,56,2,0
310M200US28940,28940,"Knoxville, TN Metro Area",2240,1948,134,60,98,0
310M200US29020,29020,"Kokomo, IN Metro Area",232,208,15,9,0,0
310M200US29100,29100,"La Crosse-Onalaska, WI-MN Metro Area",495,396,40,6,53,0
310M200US29180,29180,"Lafayette, LA Metro Area",1615,1359,27,198,31,0
310M200US29200,29200,"Lafayette-West Lafayette, IN Metro Area",190,120,53,13,0,4
310M200US29340,29340,"Lake Charles, LA Metro Area",728,612,53,0,20,43
310M200US29420,29420,"Lake Havasu City-Kingman, AZ Metro Area",3775,3078,335,270,75,17
310M200US29460,29460,"Lakeland-Winter Haven, FL Metro Area",1734,1321,272,137,0,4
310M200US29540,29540,"Lancaster, PA Metro Area",893,593,224,12,64,0
310M200US29620,29620,"Lansing-East Lansing, MI Metro Area",1868,1451,229,153,35,0
310M200US29700,29700,"Laredo, TX Metro Area",953,593,64,281,0,15
310M200US29740,29740,"Las Cruces, NM Metro Area",2566,2012,261,157,136,0
310M200US29820,29820,"Las Vegas-Henderson-Paradise, NV Metro Area",11489,7971,2532,85,901,0
310M200US29940,29940,"Lawrence, KS Metro Area",2345,1484,600,46,215,0
310M200US30020,30020,"Lawton, OK Metro Area",7086,5082,1124,661,211,8
310M200US30140,30140,"Lebanon, PA Metro Area",168,137,6,19,6,0
310M200US30300,30300,"Lewiston, ID-WA Metro Area",2363,1913,260,67,123,0
310M200US30340,30340,"Lewiston-Auburn, ME Metro Area",208,189,19,0,0,0
310M200US30460,30460,"Lexington-Fayette, KY Metro Area",1367,1019,161,10,52,125
310M200US30620,30620,"Lima, OH Metro Area",285,229,10,29,17,0
310M200US30700,30700,"Lincoln, NE Metro Area",1686,1153,405,67,61,0
310M200US30780,30780,"Little Rock-North Little Rock-Conway, AR Metro Area",2527,1995,191,275,66,0
310M200US30860,30860,"Logan, UT-ID Metro Area",730,581,84,60,0,5
310M200US30980,30980,"Longview, TX Metro Area",1079,806,29,223,5,16
310M200US31020,31020,"Longview, WA Metro Area",1227,1010,111,62,44,0
310M200US31080,31080,"Los Angeles-Long Beach-Anaheim, CA Metro Area",65611,56632,7025,1154,415,385
310M200US31140,31140,"Louisville/Jefferson County, KY-IN Metro Area",1825,1350,188,110,88,89
310M200US31180,31180,"Lubbock, TX Metro Area",1586,1098,368,80,34,6
310M200US31340,31340,"Lynchburg, VA Metro Area",697,525,16,74,0,82
310M200US31420,31420,"Macon, GA Metro Area",208,183,0,25,0,0
310M200US31460,31460,"Madera, CA Metro Area",2234,1915,184,135,0,0
310M200US31540,31540,"Madison, WI Metro Area",1534,1041,262,163,37,31
310M200US31700,31700,"Manchester-Nashua, NH Metro Area",574,456,100,0,18,0
310M200US31740,31740,"Manhattan, KS Metro Area",521,316,56,89,40,20
310M200US31860,31860,"Mankato-North Mankato, MN Metro Area",308,224,12,62,10,0
310M200US31900,31900,"Mansfield, OH Metro Area",121,99,13,9,0,0
310M200US32580,32580,"McAllen-Edinburg-Mission, TX Metro Area",2733,2349,319,18,47,0
310M200US32780,32780,"Medford, OR Metro Area",1634,1170,317,98,32,17
310M200US32820,32820,"Memphis, TN-MS-AR Metro Area",2852,2250,353,9,195,45
310M200US32900,32900,"Merced, CA Metro Area",2007,1480,384,109,11,23
310M200US33100,33100,"Miami-Fort Lauderdale-West Palm Beach, FL Metro Area",11375,9236,1395,256,267,221
310M200US33140,33140,"Michigan City-La Porte, IN Metro Area",283,222,28,18,15,0
310M200US33220,33220,"Midland, MI Metro Area",374,361,8,3,2,0
310M200US33260,33260,"Midland, TX Metro Area",680,485,112,34,49,0
310M200US33340,33340,"Milwaukee-Waukesha-West Allis, WI Metro Area",6387,5064,887,168,231,37
310M200US33460,33460,"Minneapolis-St. Paul-Bloomington, MN-WI Metro Area",20856,15908,2867,1389,578,114
310M200US33540,33540,"Missoula, MT Metro Area",2935,2079,79,660,59,58
310M200US33660,33660,"Mobile, AL Metro Area",2788,2565,180,13,30,0
310M200US33700,33700,"Modesto, CA Metro Area",4217,3296,735,144,42,0
310M200US33740,33740,"Monroe, LA Metro Area",588,510,59,10,9,0
310M200US33780,33780,"Monroe, MI Metro Area",593,539,1,25,28,0
310M200US33860,33860,"Montgomery, AL Metro Area",1173,756,270,77,70,0
310M200US34060,34060,"Morgantown, WV Metro Area",226,186,7,20,13,0
310M200US34100,34100,"Morristown, TN Metro Area",125,78,47,0,0,0
310M200US34580,34580,"Mount Vernon-Anacortes, WA Metro Area",1844,1574,142,108,14,6
310M200US34620,34620,"Muncie, IN Metro Area",239,114,69,6,0,50
310M200US34740,34740,"Muskegon, MI Metro Area",978,712,207,40,19,0
310M200US34820,34820,"Myrtle Beach-Conway-North Myrtle Beach, SC-NC Metro Area",1294,1182,88,0,24,0
310M200US34900,34900,"Napa, CA Metro Area",681,504,75,54,48,0
310M200US34940,34940,"Naples-Immokalee-Marco Island, FL Metro Area",816,688,22,4,31,71
310M200US34980,34980,"Nashville-Davidson--Murfreesboro--Franklin, TN Metro Area",4966,4289,206,118,333,20
310M200US35100,35100,"New Bern, NC Metro Area",590,379,8,110,86,7
310M200US35300,35300,"New Haven-Milford, CT Metro Area",1664,1378,182,38,63,3
310M200US35380,35380,"New Orleans-Metairie, LA Metro Area",5232,4604,379,85,112,52
310M200US35620,35620,"New York-Newark-Jersey City, NY-NJ-PA Metro Area",58596,51629,3836,1329,1041,761
310M200US35660,35660,"Niles-Benton Harbor, MI Metro Area",609,512,88,9,0,0
310M200US35840,35840,"North Port-Sarasota-Bradenton, FL Metro Area",2012,1517,309,97,89,0
310M200US35980,35980,"Norwich-New London, CT Metro Area",1534,1300,126,8,100,0
310M200US36100,36100,"Ocala, FL Metro Area",1274,1177,30,42,25,0
310M200US36140,36140,"Ocean City, NJ Metro Area",330,275,50,0,5,0
310M200US36220,36220,"Odessa, TX Metro Area",976,643,252,53,0,28
310M200US36260,36260,"Ogden-Clearfield, UT Metro Area",3768,2802,445,283,200,38
310M200US36420,36420,"Oklahoma City, OK Metro Area",46091,37120,4804,3120,1001,46
310M200US36500,36500,"Olympia-Tumwater, WA Metro Area",3606,2703,286,492,94,31
310M200US36540,36540,"Omaha-Council Bluffs, NE-IA Metro Area",4648,3695,575,177,121,80
310M200US36740,36740,"Orlando-Kissimmee-Sanford, FL Metro Area",5619,4080,757,261,476,45
310M200US36780,36780,"Oshkosh-Neenah, WI Metro Area",994,841,82,64,0,7
310M200US36980,36980,"Owensboro, KY Metro Area",184,160,10,8,6,0
310M200US37100,37100,"Oxnard-Thousand Oaks-Ventura, CA Metro Area",5937,4773,764,172,86,142
310M200US37340,37340,"Palm Bay-Melbourne-Titusville, FL Metro Area",1442,1155,245,2,37,3
310M200US37460,37460,"Panama City, FL Metro Area",1115,947,145,8,9,6
310M200US37620,37620,"Parkersburg-Vienna, WV Metro Area",118,89,20,0,9,0
310M200US37860,37860,"Pensacola-Ferry Pass-Brent, FL Metro Area",2480,1973,200,85,144,78
310M200US37900,37900,"Peoria, IL Metro Area",787,597,162,20,8,0
310M200US37980,37980,"Philadelphia-Camden-Wilmington, PA-NJ-DE-MD Metro Area",11816,10426,851,216,186,137
310M200US38060,38060,"Phoenix-Mesa-Scottsdale, AZ Metro Area",93838,71537,15455,4834,1859,153
310M200US38220,38220,"Pine Bluff, AR Metro Area",229,156,12,61,0,0
310M200US38300,38300,"Pittsburgh, PA Metro Area",2653,2162,200,111,146,34
310M200US38340,38340,"Pittsfield, MA Metro Area",366,301,50,5,10,0
310M200US38540,38540,"Pocatello, ID Metro Area",2728,2407,179,105,37,0
310M200US38860,38860,"Portland-South Portland, ME Metro Area",1308,1108,74,99,25,2
310M200US38900,38900,"Portland-Vancouver-Hillsboro, OR-WA Metro Area",18771,14034,2628,947,1060,102
310M200US38940,38940,"Port St. Lucie, FL Metro Area",1646,1219,319,91,10,7
310M200US39140,39140,"Prescott, AZ Metro Area",3998,2379,917,539,163,0
310M200US39300,39300,"Providence-Warwick, RI-MA Metro Area",5792,4561,1010,69,136,16
310M200US39340,39340,"Provo-Orem, UT Metro Area",2925,2434,224,96,124,47
310M200US39380,39380,"Pueblo, CO Metro Area",3924,2886,788,193,49,8
310M200US39460,39460,"Punta Gorda, FL Metro Area",380,360,20,0,0,0
310M200US39540,39540,"Racine, WI Metro Area",905,816,56,23,10,0
310M200US39580,39580,"Raleigh, NC Metro Area",4074,2982,479,276,324,13
310M200US39660,39660,"Rapid City, SD Metro Area",9592,6240,2038,868,430,16
310M200US39740,39740,"Reading, PA Metro Area",1739,1538,145,46,0,10
310M200US39820,39820,"Redding, CA Metro Area",4157,3292,529,144,192,0
310M200US39900,39900,"Reno, NV Metro Area",6800,5630,908,90,148,24
310M200US40060,40060,"Richmond, VA Metro Area",4334,3456,388,329,136,25
310M200US40140,40140,"Riverside-San Bernardino-Ontario, CA Metro Area",40084,32129,4806,2395,587,167
310M200US40220,40220,"Roanoke, VA Metro Area",406,335,0,67,4,0
310M200US40340,40340,"Rochester, MN Metro Area",301,251,17,15,10,8
310M200US40380,40380,"Rochester, NY Metro Area",3552,2596,815,84,20,37
310M200US40420,40420,"Rockford, IL Metro Area",606,497,85,24,0,0
310M200US40580,40580,"Rocky Mount, NC Metro Area",774,574,68,121,11,0
310M200US40660,40660,"Rome, GA Metro Area",637,623,0,0,0,14
310M200US40900,40900,"Sacramento--Roseville--Arden-Arcade, CA Metro Area",18345,14840,2244,843,392,26
310M200US40980,40980,"Saginaw, MI Metro Area",560,479,75,2,4,0
310M200US41060,41060,"St. Cloud, MN Metro Area",740,365,246,76,53,0
310M200US41100,41100,"St. George, UT Metro Area",1592,1209,280,77,26,0
310M200US41140,41140,"St. Joseph, MO-KS Metro Area",530,369,114,40,7,0
310M200US41180,41180,"St. Louis, MO-IL Metro Area",4798,3816,505,302,167,8
310M200US41420,41420,"Salem, OR Metro Area",4914,3639,792,414,58,11
310M200US41500,41500,"Salinas, CA Metro Area",4080,3312,439,150,150,29
310M200US41540,41540,"Salisbury, MD-DE Metro Area",1308,1026,231,38,11,2
310M200US41620,41620,"Salt Lake City, UT Metro Area",8948,6756,1393,476,305,18
310M200US41660,41660,"San Angelo, TX Metro Area",482,309,62,21,90,0
310M200US41700,41700,"San Antonio-New Braunfels, TX Metro Area",14407,10694,2505,634,468,106
310M200US41740,41740,"San Diego-Carlsbad, CA Metro Area",21036,17858,2066,461,357,294
310M200US41860,41860,"San Francisco-Oakland-Hayward, CA Metro Area",21019,17285,2104,981,371,278
310M200US41940,41940,"San Jose-Sunnyvale-Santa Clara, CA Metro Area",9857,8176,1073,413,98,97
310M200US42020,42020,"San Luis Obispo-Paso Robles-Arroyo Grande, CA Metro Area",2045,1584,327,71,38,25
310M200US42100,42100,"Santa Cruz-Watsonville, CA Metro Area",1610,1413,173,4,20,0
310M200US42140,42140,"Santa Fe, NM Metro Area",4406,3522,362,291,228,3
310M200US42200,42200,"Santa Maria-Santa Barbara, CA Metro Area",4352,3168,934,197,53,0
310M200US42220,42220,"Santa Rosa, CA Metro Area",6069,5066,817,86,71,29
310M200US42340,42340,"Savannah, GA Metro Area",860,671,79,2,76,32
310M200US42540,42540,"Scranton--Wilkes-Barre--Hazleton, PA Metro Area",1231,1158,37,5,31,0
310M200US42660,42660,"Seattle-Tacoma-Bellevue, WA Metro Area",32859,26426,4077,854,1259,243
310M200US42680,42680,"Sebastian-Vero Beach, FL Metro Area",280,211,16,47,6,0
310M200US42700,42700,"Sebring, FL Metro Area",621,582,30,9,0,0
310M200US43100,43100,"Sheboygan, WI Metro Area",308,279,8,17,4,0
310M200US43300,43300,"Sherman-Denison, TX Metro Area",1504,1177,195,115,17,0
310M200US43340,43340,"Shreveport-Bossier City, LA Metro Area",2368,2100,117,52,58,41
310M200US43420,43420,"Sierra Vista-Douglas, AZ Metro Area",1599,1249,145,99,60,46
310M200US43580,43580,"Sioux City, IA-NE-SD Metro Area",2327,1324,605,157,210,31
310M200US43620,43620,"Sioux Falls, SD Metro Area",4909,3265,1254,232,140,18
310M200US43780,43780,"South Bend-Mishawaka, IN-MI Metro Area",1516,1301,196,0,19,0
310M200US43900,43900,"Spartanburg, SC Metro Area",621,504,82,28,7,0
310M200US44060,44060,"Spokane-Spokane Valley, WA Metro Area",8903,7247,770,584,249,53
310M200US44100,44100,"Springfield, IL Metro Area",333,261,46,1,25,0
310M200US44140,44140,"Springfield, MA Metro Area",1792,1428,276,62,14,12
310M200US44180,44180,"Springfield, MO Metro Area",2175,1616,251,191,100,17
310M200US44220,44220,"Springfield, OH Metro Area",290,202,79,1,8,0
310M200US44300,44300,"State College, PA Metro Area",314,203,72,32,3,4
310M200US44420,44420,"Staunton-Waynesboro, VA Metro Area",346,333,0,13,0,0
310M200US44700,44700,"Stockton-Lodi, CA Metro Area",6023,4372,1317,277,33,24
310M200US44940,44940,"Sumter, SC Metro Area",251,212,39,0,0,0
310M200US45060,45060,"Syracuse, NY Metro Area",3961,3365,414,109,48,25
310M200US45220,45220,"Tallahassee, FL Metro Area",1215,947,130,101,37,0
310M200US45300,45300,"Tampa-St. Petersburg-Clearwater, FL Metro Area",10891,8918,1298,339,249,87
310M200US45460,45460,"Terre Haute, IN Metro Area",375,294,44,0,37,0
310M200US45500,45500,"Texarkana, TX-AR Metro Area",1062,943,51,27,41,0
310M200US45540,45540,"The Villages, FL Metro Area",269,214,11,16,28,0
310M200US45780,45780,"Toledo, OH Metro Area",1536,922,305,189,114,6
310M200US45820,45820,"Topeka, KS Metro Area",2685,1995,516,119,55,0
310M200US45940,45940,"Trenton, NJ Metro Area",655,598,23,11,12,11
310M200US46060,46060,"Tucson, AZ Metro Area",31204,24428,5603,746,345,82
310M200US46140,46140,"Tulsa, OK Metro Area",65338,54357,6675,3529,692,85
310M200US46220,46220,"Tuscaloosa, AL Metro Area",404,229,94,52,29,0
310M200US46340,46340,"Tyler, TX Metro Area",734,545,70,65,40,14
310M200US46520,46520,"Urban Honolulu, HI Metro Area",1747,1260,240,47,162,38
310M200US46540,46540,"Utica-Rome, NY Metro Area",618,526,54,34,4,0
310M200US46660,46660,"Valdosta, GA Metro Area",144,98,25,11,10,0
310M200US46700,46700,"Vallejo-Fairfield, CA Metro Area",2340,1665,443,144,79,9
310M200US47020,47020,"Victoria, TX Metro Area",339,247,92,0,0,0
310M200US47220,47220,"Vineland-Bridgeton, NJ Metro Area",1226,1132,67,25,2,0
310M200US47260,47260,"Virginia Beach-Norfolk-Newport News, VA-NC Metro Area",5396,4453,334,274,260,75
310M200US47300,47300,"Visalia-Porterville, CA Metro Area",5540,4607,759,146,22,6
310M200US47380,47380,"Waco, TX Metro Area",1102,940,58,42,56,6
310M200US47460,47460,"Walla Walla, WA Metro Area",753,589,49,90,22,3
310M200US47580,47580,"Warner Robins, GA Metro Area",269,269,0,0,0,0
310M200US47900,47900,"Washington-Arlington-Alexandria, DC-VA-MD-WV Metro Area",19198,16076,1201,737,958,226
310M200US47940,47940,"Waterloo-Cedar Falls, IA Metro Area",341,239,51,13,38,0
310M200US48060,48060,"Watertown-Fort Drum, NY Metro Area",552,352,116,42,19,23
310M200US48140,48140,"Wausau, WI Metro Area",324,230,60,33,1,0
310M200US48260,48260,"Weirton-Steubenville, WV-OH Metro Area",138,104,27,0,7,0
310M200US48300,48300,"Wenatchee, WA Metro Area",1235,1114,30,11,44,36
310M200US48540,48540,"Wheeling, WV-OH Metro Area",228,170,22,36,0,0
310M200US48620,48620,"Wichita, KS Metro Area",5385,4302,650,313,120,0
310M200US48660,48660,"Wichita Falls, TX Metro Area",1336,1101,150,10,75,0
310M200US48700,48700,"Williamsport, PA Metro Area",143,143,0,0,0,0
310M200US48900,48900,"Wilmington, NC Metro Area",1121,887,122,59,42,11
310M200US49020,49020,"Winchester, VA-WV Metro Area",172,132,19,9,12,0
310M200US49180,49180,"Winston-Salem, NC Metro Area",1988,1856,76,21,35,0
310M200US49340,49340,"Worcester, MA-CT Metro Area",2065,1625,199,159,43,39
310M200US49420,49420,"Yakima, WA Metro Area",9768,8868,785,104,11,0
310M200US49620,49620,"York-Hanover, PA Metro Area",367,294,49,21,3,0
310M200US49660,49660,"Youngstown-Warren-Boardman, OH-PA Metro Area",837,802,26,0,9,0
310M200US49700,49700,"Yuba City, CA Metro Area",2357,1769,422,88,70,8
310M200US49740,49740,"Yuma, AZ Metro Area",2530,2155,166,196,13,0
