GEO.id,GEO.id2,GEO.display-label,HD01_VD01,HD01_VD02,HD01_VD03,HD01_VD04,HD01_VD05,HD01_VD06
Id,Id2,Geography,Estimate; Total:,Estimate; Total: - Same house 1 year ago,Estimate; Total: - Moved within same county,Estimate; Total: - Moved from different county within same state,Estimate; Total: - Moved from different state,Estimate; Total: - Moved from abroad
310M300US10180,10180,"Abilene, TX Metro Area",11691,9350,1336,968,26,11
310M300US10420,10420,"Akron, OH Metro Area",2723,2283,190,123,56,71
310M300US10500,10500,"Albany, GA Metro Area",1293,880,270,49,87,7
310M300US10540,10540,"Albany, OR Metro Area",2333,2046,126,68,63,30
310M300US10580,10580,"Albany-Schenectady-Troy, NY Metro Area",11844,9468,1038,1103,217,18
310M300US10740,10740,"Albuquerque, NM Metro Area",114352,95838,13499,2804,1592,619
310M300US10780,10780,"Alexandria, LA Metro Area",610,535,0,15,20,40
310M300US10900,10900,"Allentown-Bethlehem-Easton, PA-NJ Metro Area",37800,26930,6935,1642,1397,896
310M300US11020,11020,"Altoona, PA Metro Area",338,240,0,54,44,0
310M300US11100,11100,"Amarillo, TX Metro Area",5935,4905,685,284,31,30
310M300US11180,11180,"Ames, IA Metro Area",320,167,63,24,57,9
310M300US11260,11260,"Anchorage, AK Metro Area",6645,4539,1472,34,503,97
310M300US11460,11460,"Ann Arbor, MI Metro Area",2994,1977,763,47,48,159
310M300US11500,11500,"Anniston-Oxford-Jacksonville, AL Metro Area",1221,824,187,171,15,24
310M300US11540,11540,"Appleton, WI Metro Area",3829,3322,339,34,98,36
310M300US11700,11700,"Asheville, NC Metro Area",5084,4302,297,189,155,141
310M300US12020,12020,"Athens-Clarke County, GA Metro Area",4040,2552,1017,275,196,0
310M300US12060,12060,"Atlanta-Sandy Springs-Roswell, GA Metro Area",179274,151771,15572,5824,4165,1942
310M300US12100,12100,"Atlantic City-Hammonton, NJ Metro Area",14000,11874,1649,372,91,14
310M300US12220,12220,"Auburn-Opelika, AL Metro Area",2388,1660,583,0,145,0
310M300US12260,12260,"Augusta-Richmond County, GA-SC Metro Area",7650,5786,888,248,580,148
310M300US12420,12420,"Austin-Round Rock, TX Metro Area",97373,79050,9985,5829,1221,1288
310M300US12540,12540,"Bakersfield, CA Metro Area",92855,76800,12024,2833,751,447
310M300US12580,12580,"Baltimore-Columbia-Towson, MD Metro Area",37667,32002,2792,1228,835,810
310M300US12620,12620,"Bangor, ME Metro Area",258,229,0,10,19,0
310M300US12700,12700,"Barnstable Town, MA Metro Area",2325,2094,137,22,10,62
310M300US12940,12940,"Baton Rouge, LA Metro Area",7096,5032,1191,193,393,287
310M300US12980,12980,"Battle Creek, MI Metro Area",661,585,62,9,5,0
310M300US13020,13020,"Bay City, MI Metro Area",477,451,8,9,9,0
310M300US13140,13140,"Beaumont-Port Arthur, TX Metro Area",5345,4623,392,160,148,22
310M300US13220,13220,"Beckley, WV Metro Area",631,495,0,25,91,20
310M300US13380,13380,"Bellingham, WA Metro Area",6172,4754,902,115,353,48
310M300US13460,13460,"Bend-Redmond, OR Metro Area",2591,2160,258,116,57,0
310M300US13740,13740,"Billings, MT Metro Area",1357,941,303,103,7,3
310M300US13780,13780,"Binghamton, NY Metro Area",2161,1419,450,236,31,25
310M300US13820,13820,"Birmingham-Hoover, AL Metro Area",22005,17522,3209,684,280,310
310M300US13900,13900,"Bismarck, ND Metro Area",434,307,17,32,78,0
310M300US13980,13980,"Blacksburg-Christiansburg-Radford, VA Metro Area",1144,513,163,135,176,157
310M300US14010,14010,"Bloomington, IL Metro Area",1872,1530,107,165,6,64
310M300US14020,14020,"Bloomington, IN Metro Area",827,600,175,37,15,0
310M300US14100,14100,"Bloomsburg-Berwick, PA Metro Area",445,318,117,0,10,0
310M300US14260,14260,"Boise City, ID Metro Area",18123,15049,2011,644,384,35
310M300US14460,14460,"Boston-Cambridge-Newton, MA-NH Metro Area",189379,156010,20560,5149,3697,3963
310M300US14500,14500,"Boulder, CO Metro Area",8350,5901,1840,281,253,75
310M300US14540,14540,"Bowling Green, KY Metro Area",3915,2735,628,128,319,105
310M300US14740,14740,"Bremerton-Silverdale, WA Metro Area",4851,3380,633,200,536,102
310M300US14860,14860,"Bridgeport-Stamford-Norwalk, CT Metro Area",61791,50283,8815,401,1515,777
310M300US15180,15180,"Brownsville-Harlingen, TX Metro Area",19251,17918,880,141,173,139
310M300US15260,15260,"Brunswick, GA Metro Area",2469,1935,204,3,63,264
310M300US15380,15380,"Buffalo-Cheektowaga-Niagara Falls, NY Metro Area",21029,15851,3272,1055,252,599
310M300US15500,15500,"Burlington, NC Metro Area",9233,8178,794,81,29,151
310M300US15540,15540,"Burlington-South Burlington, VT Metro Area",1051,898,98,31,24,0
310M300US15680,15680,"California-Lexington Park, MD Metro Area",585,380,84,101,20,0
310M300US15940,15940,"Canton-Massillon, OH Metro Area",1255,1057,67,77,14,40
310M300US15980,15980,"Cape Coral-Fort Myers, FL Metro Area",19305,14792,2748,1079,410,276
310M300US16020,16020,"Cape Girardeau, MO-IL Metro Area",326,275,26,20,0,5
310M300US16060,16060,"Carbondale-Marion, IL Metro Area",838,666,135,37,0,0
310M300US16180,16180,"Carson City, NV Metro Area",4575,3081,845,348,301,0
310M300US16220,16220,"Casper, WY Metro Area",908,873,29,6,0,0
310M300US16300,16300,"Cedar Rapids, IA Metro Area",1730,1460,122,79,69,0
310M300US16540,16540,"Chambersburg-Waynesboro, PA Metro Area",876,731,29,56,60,0
310M300US16580,16580,"Champaign-Urbana, IL Metro Area",2110,1748,82,86,182,12
310M300US16620,16620,"Charleston, WV Metro Area",455,368,37,10,40,0
310M300US16700,16700,"Charleston-North Charleston, SC Metro Area",9842,7916,738,352,744,92
310M300US16740,16740,"Charlotte-Concord-Gastonia, NC-SC Metro Area",79511,66677,8016,2043,1966,809
310M300US16820,16820,"Charlottesville, VA Metro Area",2574,1884,241,111,253,85
310M300US16860,16860,"Chattanooga, TN-GA Metro Area",3880,3107,321,67,336,49
310M300US16940,16940,"Cheyenne, WY Metro Area",3197,2723,370,32,72,0
310M300US16980,16980,"Chicago-Naperville-Elgin, IL-IN-WI Metro Area",747200,640618,87185,8734,6487,4176
310M300US17020,17020,"Chico, CA Metro Area",8110,6524,945,550,81,10
310M300US17140,17140,"Cincinnati, OH-KY-IN Metro Area",17770,14202,1936,534,748,350
310M300US17300,17300,"Clarksville, TN-KY Metro Area",3637,2660,431,111,394,41
310M300US17420,17420,"Cleveland, TN Metro Area",697,430,112,50,97,8
310M300US17460,17460,"Cleveland-Elyria, OH Metro Area",22162,17808,2709,411,812,422
310M300US17660,17660,"Coeur d'Alene, ID Metro Area",653,548,0,27,69,9
310M300US17780,17780,"College Station-Bryan, TX Metro Area",13714,11325,1601,612,26,150
310M300US17820,17820,"Colorado Springs, CO Metro Area",29149,21570,4677,941,1567,394
310M300US17860,17860,"Columbia, MO Metro Area",1618,1115,347,95,61,0
310M300US17900,17900,"Columbia, SC Metro Area",13281,10443,1397,379,793,269
310M300US17980,17980,"Columbus, GA-AL Metro Area",6296,4633,548,245,751,119
310M300US18020,18020,"Columbus, IN Metro Area",3372,2679,288,33,178,194
310M300US18140,18140,"Columbus, OH Metro Area",20393,16797,2152,630,536,278
310M300US18580,18580,"Corpus Christi, TX Metro Area",18498,15896,2025,417,75,85
310M300US18700,18700,"Corvallis, OR Metro Area",1066,810,79,99,38,40
310M300US18880,18880,"Crestview-Fort Walton Beach-Destin, FL Metro Area",8334,6695,897,325,349,68
310M300US19060,19060,"Cumberland, MD-WV Metro Area",250,198,22,11,19,0
310M300US19100,19100,"Dallas-Fort Worth-Arlington, TX Metro Area",378591,309154,49237,10078,5392,4730
310M300US19140,19140,"Dalton, GA Metro Area",4517,3960,421,111,17,8
310M300US19180,19180,"Danville, IL Metro Area",526,401,79,10,36,0
310M300US19300,19300,"Daphne-Fairhope-Foley, AL Metro Area",1763,1431,200,131,1,0
310M300US19340,19340,"Davenport-Moline-Rock Island, IA-IL Metro Area",6414,5809,355,80,82,88
310M300US19380,19380,"Dayton, OH Metro Area",4386,3384,628,169,134,71
310M300US19460,19460,"Decatur, AL Metro Area",2527,1855,545,118,0,9
310M300US19500,19500,"Decatur, IL Metro Area",548,447,33,50,18,0
310M300US19660,19660,"Deltona-Daytona Beach-Ormond Beach, FL Metro Area",12373,10616,1003,472,165,117
310M300US19740,19740,"Denver-Aurora-Lakewood, CO Metro Area",114709,91130,12227,7493,2784,1075
310M300US19780,19780,"Des Moines-West Des Moines, IA Metro Area",7775,5758,1325,293,333,66
310M300US19820,19820,"Detroit-Warren-Dearborn, MI Metro Area",47405,39364,5412,1350,558,721
310M300US20020,20020,"Dothan, AL Metro Area",900,661,99,112,28,0
310M300US20100,20100,"Dover, DE Metro Area",2470,1994,279,26,152,19
310M300US20220,20220,"Dubuque, IA Metro Area",268,192,31,38,7,0
310M300US20260,20260,"Duluth, MN-WI Metro Area",823,677,39,52,27,28
310M300US20500,20500,"Durham-Chapel Hill, NC Metro Area",16033,12375,2602,377,430,249
310M300US20700,20700,"East Stroudsburg, PA Metro Area",5022,4547,98,129,223,25
310M300US20740,20740,"Eau Claire, WI Metro Area",297,211,0,52,1,33
310M300US20940,20940,"El Centro, CA Metro Area",35437,29972,3845,1209,133,278
310M300US21060,21060,"Elizabethtown-Fort Knox, KY Metro Area",1638,993,166,108,344,27
310M300US21140,21140,"Elkhart-Goshen, IN Metro Area",5652,5021,576,13,42,0
310M300US21300,21300,"Elmira, NY Metro Area",367,262,45,51,0,9
310M300US21340,21340,"El Paso, TX Metro Area",78785,64199,9112,1241,2365,1868
310M300US21420,21420,"Enid, OK Metro Area",2678,2106,511,6,55,0
310M300US21500,21500,"Erie, PA Metro Area",2410,1782,304,185,6,133
310M300US21660,21660,"Eugene, OR Metro Area",7774,5687,1509,246,307,25
310M300US21780,21780,"Evansville, IN-KY Metro Area",2229,1961,108,105,55,0
310M300US21820,21820,"Fairbanks, AK Metro Area",925,381,142,29,373,0
310M300US22020,22020,"Fargo, ND-MN Metro Area",1090,713,251,33,58,35
310M300US22140,22140,"Farmington, NM Metro Area",5651,5119,256,37,101,138
310M300US22180,22180,"Fayetteville, NC Metro Area",10205,7157,1331,549,836,332
310M300US22220,22220,"Fayetteville-Springdale-Rogers, AR-MO Metro Area",26152,21417,3291,285,839,320
310M300US22380,22380,"Flagstaff, AZ Metro Area",4142,3054,510,286,269,23
310M300US22420,22420,"Flint, MI Metro Area",2091,1756,186,24,57,68
310M300US22500,22500,"Florence, SC Metro Area",680,604,45,6,25,0
310M300US22520,22520,"Florence-Muscle Shoals, AL Metro Area",762,624,0,138,0,0
310M300US22540,22540,"Fond du Lac, WI Metro Area",1973,1563,312,57,21,20
310M300US22660,22660,"Fort Collins, CO Metro Area",6698,5412,842,184,230,30
310M300US22900,22900,"Fort Smith, AR-OK Metro Area",7639,6374,769,116,252,128
310M300US23060,23060,"Fort Wayne, IN Metro Area",7091,5404,1119,112,409,47
310M300US23420,23420,"Fresno, CA Metro Area",173564,144699,23053,4752,570,490
310M300US23460,23460,"Gadsden, AL Metro Area",584,548,36,0,0,0
310M300US23540,23540,"Gainesville, FL Metro Area",2382,1763,351,138,66,64
310M300US23580,23580,"Gainesville, GA Metro Area",10560,9167,982,179,198,34
310M300US23900,23900,"Gettysburg, PA Metro Area",3521,2777,415,120,162,47
310M300US24020,24020,"Glens Falls, NY Metro Area",565,300,15,206,44,0
310M300US24140,24140,"Goldsboro, NC Metro Area",5926,4749,581,179,230,187
310M300US24220,24220,"Grand Forks, ND-MN Metro Area",888,440,375,0,72,1
310M300US24260,24260,"Grand Island, NE Metro Area",2605,2156,181,176,59,33
310M300US24300,24300,"Grand Junction, CO Metro Area",2020,1602,192,106,57,63
310M300US24340,24340,"Grand Rapids-Wyoming, MI Metro Area",25429,20834,3806,305,307,177
310M300US24420,24420,"Grants Pass, OR Metro Area",1294,1219,2,20,53,0
310M300US24500,24500,"Great Falls, MT Metro Area",532,373,91,24,44,0
310M300US24540,24540,"Greeley, CO Metro Area",17497,12594,3151,1143,524,85
310M300US24580,24580,"Green Bay, WI Metro Area",8105,5833,1376,545,92,259
310M300US24660,24660,"Greensboro-High Point, NC Metro Area",21735,18553,1873,573,538,198
310M300US24780,24780,"Greenville, NC Metro Area",4981,3858,676,187,260,0
310M300US24860,24860,"Greenville-Anderson-Mauldin, SC Metro Area",10787,8147,1671,707,217,45
310M300US25060,25060,"Gulfport-Biloxi-Pascagoula, MS Metro Area",5207,4382,200,148,357,120
310M300US25180,25180,"Hagerstown-Martinsburg, MD-WV Metro Area",2013,1601,138,105,161,8
310M300US25220,25220,"Hammond, LA Metro Area",294,271,4,7,0,12
310M300US25260,25260,"Hanford-Corcoran, CA Metro Area",25230,19157,2813,2767,209,284
310M300US25420,25420,"Harrisburg-Carlisle, PA Metro Area",10188,7091,1227,946,788,136
310M300US25500,25500,"Harrisonburg, VA Metro Area",1885,1595,186,97,0,7
310M300US25540,25540,"Hartford-West Hartford-East Hartford, CT Metro Area",52783,40026,9136,1572,1312,737
310M300US25620,25620,"Hattiesburg, MS Metro Area",1057,952,12,77,16,0
310M300US25860,25860,"Hickory-Lenoir-Morganton, NC Metro Area",15307,13790,698,375,338,106
310M300US25940,25940,"Hilton Head Island-Bluffton-Beaufort, SC Metro Area",7414,6215,750,53,395,1
310M300US25980,25980,"Hinesville, GA Metro Area",3458,2155,745,106,348,104
310M300US26140,26140,"Homosassa Springs, FL Metro Area",442,360,74,8,0,0
310M300US26300,26300,"Hot Springs, AR Metro Area",2645,1963,594,2,86,0
310M300US26380,26380,"Houma-Thibodaux, LA Metro Area",2830,2358,311,1,44,116
310M300US26420,26420,"Houston-The Woodlands-Sugar Land, TX Metro Area",451491,376574,53852,8990,5243,6832
310M300US26580,26580,"Huntington-Ashland, WV-KY-OH Metro Area",673,568,37,0,68,0
310M300US26620,26620,"Huntsville, AL Metro Area",4578,3752,375,136,276,39
310M300US26820,26820,"Idaho Falls, ID Metro Area",7688,6237,849,227,175,200
310M300US26900,26900,"Indianapolis-Carmel-Anderson, IN Metro Area",47887,40080,5084,969,1304,450
310M300US26980,26980,"Iowa City, IA Metro Area",3023,1900,568,48,449,58
310M300US27060,27060,"Ithaca, NY Metro Area",1116,667,103,146,95,105
310M300US27100,27100,"Jackson, MI Metro Area",822,649,94,60,0,19
310M300US27140,27140,"Jackson, MS Metro Area",5142,4087,443,266,256,90
310M300US27180,27180,"Jackson, TN Metro Area",1313,1133,138,9,27,6
310M300US27260,27260,"Jacksonville, FL Metro Area",15233,11720,1820,629,878,186
310M300US27340,27340,"Jacksonville, NC Metro Area",4736,3063,516,89,794,274
310M300US27500,27500,"Janesville-Beloit, WI Metro Area",2703,2131,407,27,125,13
310M300US27620,27620,"Jefferson City, MO Metro Area",1458,1273,40,49,96,0
310M300US27740,27740,"Johnson City, TN Metro Area",650,480,107,25,22,16
310M300US27780,27780,"Johnstown, PA Metro Area",395,292,46,10,44,3
310M300US27860,27860,"Jonesboro, AR Metro Area",1760,1125,398,60,105,72
310M300US27900,27900,"Joplin, MO Metro Area",1677,1458,112,77,30,0
310M300US27980,27980,"Kahului-Wailuku-Lahaina, HI Metro Area",1432,1185,175,12,23,37
310M300US28020,28020,"Kalamazoo-Portage, MI Metro Area",4612,3845,458,197,69,43
310M300US28100,28100,"Kankakee, IL Metro Area",1856,1440,306,79,31,0
310M300US28140,28140,"Kansas City, MO-KS Metro Area",50177,41166,5529,1443,1742,297
310M300US28420,28420,"Kennewick-Richland, WA Metro Area",38177,31522,3710,1924,770,251
310M300US28660,28660,"Killeen-Temple, TX Metro Area",14964,11233,1741,688,1079,223
310M300US28700,28700,"Kingsport-Bristol-Bristol, TN-VA Metro Area",1980,1503,143,195,127,12
310M300US28740,28740,"Kingston, NY Metro Area",3385,2872,338,161,14,0
310M300US28940,28940,"Knoxville, TN Metro Area",5709,4572,654,326,119,38
310M300US29020,29020,"Kokomo, IN Metro Area",579,328,75,0,170,6
310M300US29100,29100,"La Crosse-Onalaska, WI-MN Metro Area",866,682,89,50,36,9
310M300US29180,29180,"Lafayette, LA Metro Area",3352,2239,414,186,241,272
310M300US29200,29200,"Lafayette-West Lafayette, IN Metro Area",2990,2509,244,117,83,37
310M300US29340,29340,"Lake Charles, LA Metro Area",1344,1235,13,40,38,18
310M300US29420,29420,"Lake Havasu City-Kingman, AZ Metro Area",6281,4679,445,627,398,132
310M300US29460,29460,"Lakeland-Winter Haven, FL Metro Area",11018,8189,1368,748,429,284
310M300US29540,29540,"Lancaster, PA Metro Area",15505,13242,1541,513,103,106
310M300US29620,29620,"Lansing-East Lansing, MI Metro Area",6754,5225,798,462,166,103
310M300US29700,29700,"Laredo, TX Metro Area",8991,8147,562,137,57,88
310M300US29740,29740,"Las Cruces, NM Metro Area",11162,10289,602,121,131,19
310M300US29820,29820,"Las Vegas-Henderson-Paradise, NV Metro Area",217334,164806,43547,255,6941,1785
310M300US29940,29940,"Lawrence, KS Metro Area",1162,812,125,41,106,78
310M300US30020,30020,"Lawton, OK Metro Area",2603,1691,433,247,184,48
310M300US30140,30140,"Lebanon, PA Metro Area",8664,5675,1812,384,279,514
310M300US30300,30300,"Lewiston, ID-WA Metro Area",222,150,18,3,51,0
310M300US30340,30340,"Lewiston-Auburn, ME Metro Area",220,109,17,67,27,0
310M300US30460,30460,"Lexington-Fayette, KY Metro Area",11335,7877,2066,258,544,590
310M300US30620,30620,"Lima, OH Metro Area",703,304,72,133,194,0
310M300US30700,30700,"Lincoln, NE Metro Area",4371,3233,747,225,62,104
310M300US30780,30780,"Little Rock-North Little Rock-Conway, AR Metro Area",8244,6921,883,131,217,92
310M300US30860,30860,"Logan, UT-ID Metro Area",4615,3611,797,74,81,52
310M300US30980,30980,"Longview, TX Metro Area",3570,3127,205,215,23,0
310M300US31020,31020,"Longview, WA Metro Area",1391,1113,194,43,41,0
310M300US31080,31080,"Los Angeles-Long Beach-Anaheim, CA Metro Area",2358294,2095297,226521,19175,7387,9914
310M300US31140,31140,"Louisville/Jefferson County, KY-IN Metro Area",9408,8194,701,90,299,124
310M300US31180,31180,"Lubbock, TX Metro Area",21623,16654,3493,1115,297,64
310M300US31340,31340,"Lynchburg, VA Metro Area",1550,976,364,158,12,40
310M300US31420,31420,"Macon-Bibb County, GA Metro Area",1118,614,136,182,20,166
310M300US31460,31460,"Madera, CA Metro Area",15832,13188,1262,1348,24,10
310M300US31540,31540,"Madison, WI Metro Area",10641,8107,1723,258,423,130
310M300US31700,31700,"Manchester-Nashua, NH Metro Area",3594,3011,336,118,17,112
310M300US31740,31740,"Manhattan, KS Metro Area",1013,497,108,6,44,358
310M300US31860,31860,"Mankato-North Mankato, MN Metro Area",549,438,27,41,29,14
310M300US31900,31900,"Mansfield, OH Metro Area",600,340,191,65,2,2
310M300US32580,32580,"McAllen-Edinburg-Mission, TX Metro Area",59862,52355,5567,1130,208,602
310M300US32780,32780,"Medford, OR Metro Area",3774,3146,551,37,17,23
310M300US32820,32820,"Memphis, TN-MS-AR Metro Area",28905,22400,5262,249,747,247
310M300US32900,32900,"Merced, CA Metro Area",65819,53454,9047,2704,420,194
310M300US33100,33100,"Miami-Fort Lauderdale-West Palm Beach, FL Metro Area",162420,132395,19330,4303,2612,3780
310M300US33140,33140,"Michigan City-La Porte, IN Metro Area",2009,1341,372,172,89,35
310M300US33220,33220,"Midland, MI Metro Area",344,250,4,63,27,0
310M300US33260,33260,"Midland, TX Metro Area",10662,8158,845,641,961,57
310M300US33340,33340,"Milwaukee-Waukesha-West Allis, WI Metro Area",48393,41411,5632,596,536,218
310M300US33460,33460,"Minneapolis-St. Paul-Bloomington, MN-WI Metro Area",67184,53128,8013,3206,1033,1804
310M300US33540,33540,"Missoula, MT Metro Area",183,155,27,0,0,1
310M300US33660,33660,"Mobile, AL Metro Area",3144,2684,382,21,32,25
310M300US33700,33700,"Modesto, CA Metro Area",60291,49971,6965,2701,157,497
310M300US33740,33740,"Monroe, LA Metro Area",957,754,140,14,19,30
310M300US33780,33780,"Monroe, MI Metro Area",561,517,14,4,6,20
310M300US33860,33860,"Montgomery, AL Metro Area",4211,3134,741,219,115,2
310M300US34060,34060,"Morgantown, WV Metro Area",656,344,39,139,82,52
310M300US34100,34100,"Morristown, TN Metro Area",2835,2495,249,18,43,30
310M300US34580,34580,"Mount Vernon-Anacortes, WA Metro Area",8204,7339,749,91,21,4
310M300US34620,34620,"Muncie, IN Metro Area",712,621,35,51,5,0
310M300US34740,34740,"Muskegon, MI Metro Area",885,678,156,49,0,2
310M300US34820,34820,"Myrtle Beach-Conway-North Myrtle Beach, SC-NC Metro Area",8546,6771,1261,120,97,297
310M300US34900,34900,"Napa, CA Metro Area",17040,14770,1787,292,109,82
310M300US34940,34940,"Naples-Immokalee-Marco Island, FL Metro Area",8205,7277,465,235,85,143
310M300US34980,34980,"Nashville-Davidson--Murfreesboro--Franklin, TN Metro Area",31749,26308,2940,1027,781,693
310M300US35100,35100,"New Bern, NC Metro Area",2281,1681,294,134,145,27
310M300US35300,35300,"New Haven-Milford, CT Metro Area",46147,37623,6361,871,913,379
310M300US35380,35380,"New Orleans-Metairie, LA Metro Area",22515,18529,1960,1222,629,175
310M300US35620,35620,"New York-Newark-Jersey City, NY-NJ-PA Metro Area",2037193,1827141,133353,38553,15734,22412
310M300US35660,35660,"Niles-Benton Harbor, MI Metro Area",2501,1991,266,58,152,34
310M300US35840,35840,"North Port-Sarasota-Bradenton, FL Metro Area",8637,7086,936,253,158,204
310M300US35980,35980,"Norwich-New London, CT Metro Area",8647,6417,1291,534,405,0
310M300US36100,36100,"Ocala, FL Metro Area",3644,2628,718,222,46,30
310M300US36140,36140,"Ocean City, NJ Metro Area",1269,864,290,54,52,9
310M300US36220,36220,"Odessa, TX Metro Area",9214,7826,863,350,67,108
310M300US36260,36260,"Ogden-Clearfield, UT Metro Area",22121,18058,1851,1041,744,427
310M300US36420,36420,"Oklahoma City, OK Metro Area",33980,27931,3727,865,1008,449
310M300US36500,36500,"Olympia-Tumwater, WA Metro Area",2732,1959,353,187,173,60
310M300US36540,36540,"Omaha-Council Bluffs, NE-IA Metro Area",18343,14300,2814,335,719,175
310M300US36740,36740,"Orlando-Kissimmee-Sanford, FL Metro Area",111148,88148,12413,4740,3425,2422
310M300US36780,36780,"Oshkosh-Neenah, WI Metro Area",1304,1032,250,22,0,0
310M300US36980,36980,"Owensboro, KY Metro Area",394,388,0,0,6,0
310M300US37100,37100,"Oxnard-Thousand Oaks-Ventura, CA Metro Area",53830,46871,4545,1634,347,433
310M300US37340,37340,"Palm Bay-Melbourne-Titusville, FL Metro Area",6349,4826,645,386,319,173
310M300US37460,37460,"Panama City, FL Metro Area",1112,825,109,37,57,84
310M300US37620,37620,"Parkersburg-Vienna, WV Metro Area",126,121,5,0,0,0
310M300US37860,37860,"Pensacola-Ferry Pass-Brent, FL Metro Area",6111,3897,782,427,938,67
310M300US37900,37900,"Peoria, IL Metro Area",3374,2990,171,132,49,32
310M300US37980,37980,"Philadelphia-Camden-Wilmington, PA-NJ-DE-MD Metro Area",190758,157360,19882,4783,4618,4115
310M300US38060,38060,"Phoenix-Mesa-Scottsdale, AZ Metro Area",297432,238320,46750,3278,6349,2735
310M300US38220,38220,"Pine Bluff, AR Metro Area",757,702,0,55,0,0
310M300US38300,38300,"Pittsburgh, PA Metro Area",7607,5951,1043,131,357,125
310M300US38340,38340,"Pittsfield, MA Metro Area",1758,1050,360,46,137,165
310M300US38540,38540,"Pocatello, ID Metro Area",1244,1082,123,14,0,25
310M300US38860,38860,"Portland-South Portland, ME Metro Area",1400,1138,79,16,50,117
310M300US38900,38900,"Portland-Vancouver-Hillsboro, OR-WA Metro Area",75735,61459,8478,1826,3513,459
310M300US38940,38940,"Port St. Lucie, FL Metro Area",13350,10423,1718,523,405,281
310M300US39140,39140,"Prescott, AZ Metro Area",5621,5175,214,113,103,16
310M300US39300,39300,"Providence-Warwick, RI-MA Metro Area",86598,70839,11293,1265,1925,1276
310M300US39340,39340,"Provo-Orem, UT Metro Area",10442,8482,1296,193,248,223
310M300US39380,39380,"Pueblo, CO Metro Area",18088,13788,3767,423,110,0
310M300US39460,39460,"Punta Gorda, FL Metro Area",1262,1003,197,29,23,10
310M300US39540,39540,"Racine, WI Metro Area",7379,6327,713,192,133,14
310M300US39580,39580,"Raleigh, NC Metro Area",36894,30438,4117,615,901,823
310M300US39660,39660,"Rapid City, SD Metro Area",950,675,54,136,82,3
310M300US39740,39740,"Reading, PA Metro Area",17242,13646,2897,193,366,140
310M300US39820,39820,"Redding, CA Metro Area",3688,2787,549,315,17,20
310M300US39900,39900,"Reno, NV Metro Area",24286,20081,3331,147,643,84
310M300US40060,40060,"Richmond, VA Metro Area",18914,15169,2012,1367,333,33
310M300US40140,40140,"Riverside-San Bernardino-Ontario, CA Metro Area",779987,660464,81058,31095,3956,3414
310M300US40220,40220,"Roanoke, VA Metro Area",2580,1778,535,177,38,52
310M300US40340,40340,"Rochester, MN Metro Area",1738,1422,217,34,44,21
310M300US40380,40380,"Rochester, NY Metro Area",17327,13547,2468,499,477,336
310M300US40420,40420,"Rockford, IL Metro Area",12110,10288,1257,404,34,127
310M300US40580,40580,"Rocky Mount, NC Metro Area",4854,4445,189,89,87,44
310M300US40660,40660,"Rome, GA Metro Area",4957,4201,713,0,18,25
310M300US40900,40900,"Sacramento--Roseville--Arden-Arcade, CA Metro Area",140877,113647,19615,6186,747,682
310M300US40980,40980,"Saginaw, MI Metro Area",3336,2908,352,48,20,8
310M300US41060,41060,"St. Cloud, MN Metro Area",1957,1444,146,226,103,38
310M300US41100,41100,"St. George, UT Metro Area",4410,3695,539,63,113,0
310M300US41140,41140,"St. Joseph, MO-KS Metro Area",850,489,247,67,42,5
310M300US41180,41180,"St. Louis, MO-IL Metro Area",16919,14230,1229,569,705,186
310M300US41420,41420,"Salem, OR Metro Area",24678,20706,2053,1196,430,293
310M300US41500,41500,"Salinas, CA Metro Area",68964,62970,3886,1627,176,305
310M300US41540,41540,"Salisbury, MD-DE Metro Area",5303,4532,493,116,127,35
310M300US41620,41620,"Salt Lake City, UT Metro Area",91057,74640,12358,588,2796,675
310M300US41660,41660,"San Angelo, TX Metro Area",6193,4908,812,321,61,91
310M300US41700,41700,"San Antonio-New Braunfels, TX Metro Area",165182,138197,20450,3512,2022,1001
310M300US41740,41740,"San Diego-Carlsbad, CA Metro Area",204905,175409,23163,2879,1724,1730
310M300US41860,41860,"San Francisco-Oakland-Hayward, CA Metro Area",387661,334398,34743,13614,2064,2842
310M300US41940,41940,"San Jose-Sunnyvale-Santa Clara, CA Metro Area",199852,173296,21099,3830,653,974
310M300US42020,42020,"San Luis Obispo-Paso Robles-Arroyo Grande, CA Metro Area",12973,10229,1400,1057,148,139
310M300US42100,42100,"Santa Cruz-Watsonville, CA Metro Area",26858,24127,1623,968,53,87
310M300US42140,42140,"Santa Fe, NM Metro Area",12457,11336,600,430,86,5
310M300US42200,42200,"Santa Maria-Santa Barbara, CA Metro Area",56687,43248,9491,2656,690,602
310M300US42220,42220,"Santa Rosa, CA Metro Area",59107,50963,5929,1772,109,334
310M300US42340,42340,"Savannah, GA Metro Area",4696,3759,376,246,265,50
310M300US42540,42540,"Scranton--Wilkes-Barre--Hazleton, PA Metro Area",11321,9326,1165,261,420,149
310M300US42660,42660,"Seattle-Tacoma-Bellevue, WA Metro Area",106775,81678,17135,2771,3387,1804
310M300US42680,42680,"Sebastian-Vero Beach, FL Metro Area",2699,2439,113,96,9,42
310M300US42700,42700,"Sebring, FL Metro Area",4047,3021,552,96,19,359
310M300US43100,43100,"Sheboygan, WI Metro Area",1163,1011,111,31,10,0
310M300US43300,43300,"Sherman-Denison, TX Metro Area",2528,2032,364,121,8,3
310M300US43340,43340,"Shreveport-Bossier City, LA Metro Area",3852,3024,439,164,208,17
310M300US43420,43420,"Sierra Vista-Douglas, AZ Metro Area",6464,5429,590,90,249,106
310M300US43580,43580,"Sioux City, IA-NE-SD Metro Area",7642,5899,858,239,614,32
310M300US43620,43620,"Sioux Falls, SD Metro Area",4103,3237,424,229,213,0
310M300US43780,43780,"South Bend-Mishawaka, IN-MI Metro Area",6680,5384,874,220,77,125
310M300US43900,43900,"Spartanburg, SC Metro Area",5465,3634,930,541,309,51
310M300US44060,44060,"Spokane-Spokane Valley, WA Metro Area",6137,4511,641,472,437,76
310M300US44100,44100,"Springfield, IL Metro Area",1427,1123,194,74,32,4
310M300US44140,44140,"Springfield, MA Metro Area",31640,25121,5169,314,596,440
310M300US44180,44180,"Springfield, MO Metro Area",3209,2682,206,152,133,36
310M300US44220,44220,"Springfield, OH Metro Area",1260,738,299,197,26,0
310M300US44300,44300,"State College, PA Metro Area",837,616,95,63,35,28
310M300US44420,44420,"Staunton-Waynesboro, VA Metro Area",781,686,9,40,46,0
310M300US44700,44700,"Stockton-Lodi, CA Metro Area",81814,69043,10080,2145,407,139
310M300US44940,44940,"Sumter, SC Metro Area",723,587,40,15,75,6
310M300US45060,45060,"Syracuse, NY Metro Area",6186,4436,995,380,184,191
310M300US45220,45220,"Tallahassee, FL Metro Area",3192,2184,436,448,31,93
310M300US45300,45300,"Tampa-St. Petersburg-Clearwater, FL Metro Area",83970,68224,10044,1827,2581,1294
310M300US45460,45460,"Terre Haute, IN Metro Area",961,652,187,42,80,0
310M300US45500,45500,"Texarkana, TX-AR Metro Area",2456,1761,430,203,62,0
310M300US45540,45540,"The Villages, FL Metro Area",1062,953,28,25,0,56
310M300US45780,45780,"Toledo, OH Metro Area",11441,8161,2582,369,213,116
310M300US45820,45820,"Topeka, KS Metro Area",4376,3536,581,174,39,46
310M300US45940,45940,"Trenton, NJ Metro Area",13468,11716,907,309,367,169
310M300US46060,46060,"Tucson, AZ Metro Area",88091,65218,18488,2315,1245,825
310M300US46140,46140,"Tulsa, OK Metro Area",26447,21089,3759,449,628,522
310M300US46220,46220,"Tuscaloosa, AL Metro Area",2186,1594,296,72,76,148
310M300US46340,46340,"Tyler, TX Metro Area",4473,4050,250,109,51,13
310M300US46520,46520,"Urban Honolulu, HI Metro Area",8313,6017,1098,15,918,265
310M300US46540,46540,"Utica-Rome, NY Metro Area",3526,2575,481,329,105,36
310M300US46660,46660,"Valdosta, GA Metro Area",2733,1734,600,225,98,76
310M300US46700,46700,"Vallejo-Fairfield, CA Metro Area",38559,31275,5020,1722,327,215
310M300US47020,47020,"Victoria, TX Metro Area",4185,3707,291,161,21,5
310M300US47220,47220,"Vineland-Bridgeton, NJ Metro Area",15066,13315,877,641,142,91
310M300US47260,47260,"Virginia Beach-Norfolk-Newport News, VA-NC Metro Area",24084,17390,2987,1293,1849,565
310M300US47300,47300,"Visalia-Porterville, CA Metro Area",47407,42245,3724,807,176,455
310M300US47380,47380,"Waco, TX Metro Area",9985,8563,1110,223,86,3
310M300US47460,47460,"Walla Walla, WA Metro Area",3896,3185,372,114,214,11
310M300US47580,47580,"Warner Robins, GA Metro Area",4181,3599,122,239,221,0
310M300US47900,47900,"Washington-Arlington-Alexandria, DC-VA-MD-WV Metro Area",323673,272985,31355,8048,6774,4511
310M300US47940,47940,"Waterloo-Cedar Falls, IA Metro Area",1965,1669,68,80,144,4
310M300US48060,48060,"Watertown-Fort Drum, NY Metro Area",1734,1001,127,303,248,55
310M300US48140,48140,"Wausau, WI Metro Area",363,295,14,45,0,9
310M300US48260,48260,"Weirton-Steubenville, WV-OH Metro Area",77,29,0,40,8,0
310M300US48300,48300,"Wenatchee, WA Metro Area",11351,9474,1035,462,246,134
310M300US48540,48540,"Wheeling, WV-OH Metro Area",416,309,11,70,14,12
310M300US48620,48620,"Wichita, KS Metro Area",11220,9759,1065,257,40,99
310M300US48660,48660,"Wichita Falls, TX Metro Area",4159,3504,341,199,16,99
310M300US48700,48700,"Williamsport, PA Metro Area",644,436,137,7,44,20
310M300US48900,48900,"Wilmington, NC Metro Area",4381,3638,564,81,42,56
310M300US49020,49020,"Winchester, VA-WV Metro Area",1414,1184,110,86,34,0
310M300US49180,49180,"Winston-Salem, NC Metro Area",15052,12835,1560,378,244,35
310M300US49340,49340,"Worcester, MA-CT Metro Area",27171,21376,4433,617,184,561
310M300US49420,49420,"Yakima, WA Metro Area",30177,25496,3973,338,297,73
310M300US49620,49620,"York-Hanover, PA Metro Area",6208,4020,1437,523,150,78
310M300US49660,49660,"Youngstown-Warren-Boardman, OH-PA Metro Area",2265,1636,262,82,214,71
310M300US49700,49700,"Yuba City, CA Metro Area",10363,8589,743,797,212,22
310M300US49740,49740,"Yuma, AZ Metro Area",40283,32640,5146,392,1289,816
