GEO.id,GEO.id2,GEO.display-label,HD01_VD01,HD01_VD02,HD01_VD03,HD01_VD04,HD01_VD05,HD01_VD06
Id,Id2,Geography,Estimate; Total:,Estimate; Total: - Same house 1 year ago,Estimate; Total: - Moved within same county,Estimate; Total: - Moved from different county within same state,Estimate; Total: - Moved from different state,Estimate; Total: - Moved from abroad
310M200US10180,10180,"Abilene, TX Metro Area",13036,8780,2189,1445,448,174
310M200US10420,10420,"Akron, OH Metro Area",82514,69518,9588,2520,669,219
310M200US10500,10500,"Albany, GA Metro Area",80978,66641,9209,4369,686,73
310M200US10540,10540,"Albany, OR Metro Area",558,478,39,41,0,0
310M200US10580,10580,"Albany-Schenectady-Troy, NY Metro Area",66387,53466,7176,4523,865,357
310M200US10740,10740,"Albuquerque, NM Metro Area",23611,18725,3036,639,1115,96
310M200US10780,10780,"Alexandria, LA Metro Area",45514,38247,5424,1023,726,94
310M200US10900,10900,"Allentown-Bethlehem-Easton, PA-NJ Metro Area",43170,33132,5458,2139,2100,341
310M200US11020,11020,"Altoona, PA Metro Area",2035,1533,287,170,45,0
310M200US11100,11100,"Amarillo, TX Metro Area",15064,11215,1986,1464,299,100
310M200US11180,11180,"Ames, IA Metro Area",2211,1012,505,243,324,127
310M200US11260,11260,"Anchorage, AK Metro Area",18179,13176,3054,508,1241,200
310M200US11460,11460,"Ann Arbor, MI Metro Area",42003,30816,6988,2725,1263,211
310M200US11500,11500,"Anniston-Oxford-Jacksonville, AL Metro Area",23979,18840,3400,1167,547,25
310M200US11540,11540,"Appleton, WI Metro Area",2193,1608,214,196,122,53
310M200US11700,11700,"Asheville, NC Metro Area",20144,15855,2419,989,799,82
310M200US12020,12020,"Athens-Clarke County, GA Metro Area",37652,30954,3442,2445,684,127
310M200US12060,12060,"Atlanta-Sandy Springs-Roswell, GA Metro Area",1771855,1409876,190821,109532,55645,5981
310M200US12100,12100,"Atlantic City-Hammonton, NJ Metro Area",43229,36884,4431,990,803,121
310M200US12220,12220,"Auburn-Opelika, AL Metro Area",33681,26172,4172,2212,1046,79
310M200US12260,12260,"Augusta-Richmond County, GA-SC Metro Area",202114,169217,20162,5556,6494,685
310M200US12420,12420,"Austin-Round Rock, TX Metro Area",132518,100386,18589,8863,3638,1042
310M200US12540,12540,"Bakersfield, CA Metro Area",47787,34309,7460,4784,611,623
310M200US12580,12580,"Baltimore-Columbia-Towson, MD Metro Area",784319,662902,76858,30448,10686,3425
310M200US12620,12620,"Bangor, ME Metro Area",1182,737,154,41,228,22
310M200US12700,12700,"Barnstable Town, MA Metro Area",5384,4199,602,78,351,154
310M200US12940,12940,"Baton Rouge, LA Metro Area",286419,242638,30433,9420,3605,323
310M200US12980,12980,"Battle Creek, MI Metro Area",14532,11066,2540,536,390,0
310M200US13020,13020,"Bay City, MI Metro Area",1377,1163,108,87,4,15
310M200US13140,13140,"Beaumont-Port Arthur, TX Metro Area",96433,79006,11989,4235,1063,140
310M200US13220,13220,"Beckley, WV Metro Area",8739,7597,468,139,421,114
310M200US13380,13380,"Bellingham, WA Metro Area",1836,1506,197,58,61,14
310M200US13460,13460,"Bend-Redmond, OR Metro Area",619,500,65,3,51,0
310M200US13740,13740,"Billings, MT Metro Area",1030,888,87,36,19,0
310M200US13780,13780,"Binghamton, NY Metro Area",10190,6768,2043,993,380,6
310M200US13820,13820,"Birmingham-Hoover, AL Metro Area",318851,261509,44994,7552,4181,615
310M200US13900,13900,"Bismarck, ND Metro Area",875,357,161,137,220,0
310M200US13980,13980,"Blacksburg-Christiansburg-Radford, VA Metro Area",8138,6385,746,724,238,45
310M200US14010,14010,"Bloomington, IL Metro Area",13462,9833,2333,847,395,54
310M200US14020,14020,"Bloomington, IN Metro Area",4205,2526,855,650,174,0
310M200US14100,14100,"Bloomsburg-Berwick, PA Metro Area",1603,1052,126,344,81,0
310M200US14260,14260,"Boise City, ID Metro Area",5198,3577,889,176,393,163
310M200US14460,14460,"Boston-Cambridge-Newton, MA-NH Metro Area",352896,295293,33457,12711,6779,4656
310M200US14500,14500,"Boulder, CO Metro Area",2784,1798,444,202,302,38
310M200US14540,14540,"Bowling Green, KY Metro Area",11306,8082,1542,866,704,112
310M200US14740,14740,"Bremerton-Silverdale, WA Metro Area",6642,4981,707,246,610,98
310M200US14860,14860,"Bridgeport-Stamford-Norwalk, CT Metro Area",102124,86566,10893,1305,2355,1005
310M200US15180,15180,"Brownsville-Harlingen, TX Metro Area",2171,1616,283,152,57,63
310M200US15260,15260,"Brunswick, GA Metro Area",26259,21226,3832,886,238,77
310M200US15380,15380,"Buffalo-Cheektowaga-Niagara Falls, NY Metro Area",135158,113090,17403,2411,1583,671
310M200US15500,15500,"Burlington, NC Metro Area",27433,22061,3694,1173,480,25
310M200US15540,15540,"Burlington-South Burlington, VT Metro Area",3540,2784,425,130,160,41
310M200US15680,15680,"California-Lexington Park, MD Metro Area",15299,12290,1637,617,644,111
310M200US15940,15940,"Canton-Massillon, OH Metro Area",26464,21735,3597,817,293,22
310M200US15980,15980,"Cape Coral-Fort Myers, FL Metro Area",54749,39243,9937,3105,1748,716
310M200US16020,16020,"Cape Girardeau, MO-IL Metro Area",8398,6135,942,1110,211,0
310M200US16060,16060,"Carbondale-Marion, IL Metro Area",11463,7302,2663,1163,322,13
310M200US16180,16180,"Carson City, NV Metro Area",838,598,10,203,27,0
310M200US16220,16220,"Casper, WY Metro Area",824,661,11,102,50,0
310M200US16300,16300,"Cedar Rapids, IA Metro Area",9937,7582,1208,343,713,91
310M200US16540,16540,"Chambersburg-Waynesboro, PA Metro Area",5539,4158,612,176,577,16
310M200US16580,16580,"Champaign-Urbana, IL Metro Area",25372,18005,5321,1308,508,230
310M200US16620,16620,"Charleston, WV Metro Area",8146,6228,1180,207,526,5
310M200US16700,16700,"Charleston-North Charleston, SC Metro Area",186203,155336,19071,8446,3031,319
310M200US16740,16740,"Charlotte-Concord-Gastonia, NC-SC Metro Area",500252,397161,71098,13321,17228,1444
310M200US16820,16820,"Charlottesville, VA Metro Area",30924,26721,1431,2230,512,30
310M200US16860,16860,"Chattanooga, TN-GA Metro Area",73306,58922,10923,1565,1720,176
310M200US16940,16940,"Cheyenne, WY Metro Area",2730,2156,328,96,150,0
310M200US16980,16980,"Chicago-Naperville-Elgin, IL-IN-WI Metro Area",1601501,1337228,205669,24623,29999,3982
310M200US17020,17020,"Chico, CA Metro Area",3239,2177,695,251,33,83
310M200US17140,17140,"Cincinnati, OH-KY-IN Metro Area",255971,199895,43784,6855,4723,714
310M200US17300,17300,"Clarksville, TN-KY Metro Area",49756,36634,6883,623,4655,961
310M200US17420,17420,"Cleveland, TN Metro Area",4491,3344,640,298,206,3
310M200US17460,17460,"Cleveland-Elyria, OH Metro Area",407290,328648,66710,6745,4259,928
310M200US17660,17660,"Coeur d'Alene, ID Metro Area",460,408,47,0,5,0
310M200US17780,17780,"College Station-Bryan, TX Metro Area",27211,19259,5272,2269,306,105
310M200US17820,17820,"Colorado Springs, CO Metro Area",38084,26206,6310,654,3563,1351
310M200US17860,17860,"Columbia, MO Metro Area",14288,9877,2724,976,709,2
310M200US17900,17900,"Columbia, SC Metro Area",256990,207613,28279,12378,8354,366
310M200US17980,17980,"Columbus, GA-AL Metro Area",121625,95562,16647,3971,4878,567
310M200US18020,18020,"Columbus, IN Metro Area",1495,1194,105,36,94,66
310M200US18140,18140,"Columbus, OH Metro Area",277862,218787,44788,7689,4894,1704
310M200US18580,18580,"Corpus Christi, TX Metro Area",15841,11112,2965,1249,331,184
310M200US18700,18700,"Corvallis, OR Metro Area",857,617,110,91,39,0
310M200US18880,18880,"Crestview-Fort Walton Beach-Destin, FL Metro Area",20420,15707,2471,1124,936,182
310M200US19060,19060,"Cumberland, MD-WV Metro Area",6832,5444,486,602,253,47
310M200US19100,19100,"Dallas-Fort Worth-Arlington, TX Metro Area",992933,784132,140664,41281,22597,4259
310M200US19140,19140,"Dalton, GA Metro Area",4603,3336,840,251,108,68
310M200US19180,19180,"Danville, IL Metro Area",10793,8843,1294,570,86,0
310M200US19300,19300,"Daphne-Fairhope-Foley, AL Metro Area",17656,14601,2378,404,212,61
310M200US19340,19340,"Davenport-Moline-Rock Island, IA-IL Metro Area",27515,21839,3308,1058,996,314
310M200US19380,19380,"Dayton, OH Metro Area",123593,95427,21454,3507,2723,482
310M200US19460,19460,"Decatur, AL Metro Area",18025,14950,2093,659,321,2
310M200US19500,19500,"Decatur, IL Metro Area",16329,12230,3048,678,351,22
310M200US19660,19660,"Deltona-Daytona Beach-Ormond Beach, FL Metro Area",62393,52168,5462,2937,1668,158
310M200US19740,19740,"Denver-Aurora-Lakewood, CO Metro Area",144597,111984,16461,10506,4279,1367
310M200US19780,19780,"Des Moines-West Des Moines, IA Metro Area",28070,19647,5488,1154,1474,307
310M200US19820,19820,"Detroit-Warren-Dearborn, MI Metro Area",953987,775661,131524,37297,7969,1536
310M200US20020,20020,"Dothan, AL Metro Area",33817,28813,3380,996,606,22
310M200US20100,20100,"Dover, DE Metro Area",40058,33587,3261,1175,1963,72
310M200US20220,20220,"Dubuque, IA Metro Area",1456,980,196,30,180,70
310M200US20260,20260,"Duluth, MN-WI Metro Area",3994,2611,740,410,192,41
310M200US20500,20500,"Durham-Chapel Hill, NC Metro Area",139631,109173,18765,8385,2905,403
310M200US20700,20700,"East Stroudsburg, PA Metro Area",22753,19804,1327,641,957,24
310M200US20740,20740,"Eau Claire, WI Metro Area",1585,940,189,362,84,10
310M200US20940,20940,"El Centro, CA Metro Area",5184,4393,333,360,97,1
310M200US21060,21060,"Elizabethtown-Fort Knox, KY Metro Area",14866,9840,2025,707,1893,401
310M200US21140,21140,"Elkhart-Goshen, IN Metro Area",11429,8113,2001,588,687,40
310M200US21300,21300,"Elmira, NY Metro Area",4990,3781,426,608,167,8
310M200US21340,21340,"El Paso, TX Metro Area",27707,18754,3239,823,3584,1307
310M200US21500,21500,"Erie, PA Metro Area",19617,15094,3300,621,435,167
310M200US21660,21660,"Eugene, OR Metro Area",3306,2048,766,230,234,28
310M200US21780,21780,"Evansville, IN-KY Metro Area",20823,16356,3490,491,414,72
310M200US21820,21820,"Fairbanks, AK Metro Area",4479,3179,434,113,675,78
310M200US22020,22020,"Fargo, ND-MN Metro Area",5396,3483,661,237,886,129
310M200US22140,22140,"Farmington, NM Metro Area",717,660,7,0,50,0
310M200US22180,22180,"Fayetteville, NC Metro Area",132032,104691,16121,4599,5200,1421
310M200US22220,22220,"Fayetteville-Springdale-Rogers, AR-MO Metro Area",10589,6180,2004,883,1509,13
310M200US22380,22380,"Flagstaff, AZ Metro Area",1991,1311,270,196,199,15
310M200US22420,22420,"Flint, MI Metro Area",84248,65908,15392,1483,1385,80
310M200US22500,22500,"Florence, SC Metro Area",83873,70492,9546,2961,833,41
310M200US22520,22520,"Florence-Muscle Shoals, AL Metro Area",17799,15519,1351,622,248,59
310M200US22540,22540,"Fond du Lac, WI Metro Area",1211,690,295,209,16,1
310M200US22660,22660,"Fort Collins, CO Metro Area",2905,1946,464,249,229,17
310M200US22900,22900,"Fort Smith, AR-OK Metro Area",10572,8430,1233,439,465,5
310M200US23060,23060,"Fort Wayne, IN Metro Area",41758,32839,7835,372,642,70
310M200US23420,23420,"Fresno, CA Metro Area",47562,37015,8290,1680,392,185
310M200US23460,23460,"Gadsden, AL Metro Area",15866,12967,2133,537,186,43
310M200US23540,23540,"Gainesville, FL Metro Area",51245,39506,7892,2997,539,311
310M200US23580,23580,"Gainesville, GA Metro Area",13895,10531,1560,1041,757,6
310M200US23900,23900,"Gettysburg, PA Metro Area",1517,1138,96,54,226,3
310M200US24020,24020,"Glens Falls, NY Metro Area",2576,1372,201,934,69,0
310M200US24140,24140,"Goldsboro, NC Metro Area",38464,30114,5612,2055,574,109
310M200US24220,24220,"Grand Forks, ND-MN Metro Area",2082,1432,156,27,413,54
310M200US24260,24260,"Grand Island, NE Metro Area",1396,845,315,85,151,0
310M200US24300,24300,"Grand Junction, CO Metro Area",1060,753,143,63,101,0
310M200US24340,24340,"Grand Rapids-Wyoming, MI Metro Area",64837,46855,13578,2879,1137,388
310M200US24420,24420,"Grants Pass, OR Metro Area",264,138,30,3,93,0
310M200US24500,24500,"Great Falls, MT Metro Area",1081,655,177,31,145,73
310M200US24540,24540,"Greeley, CO Metro Area",2842,1858,353,390,240,1
310M200US24580,24580,"Green Bay, WI Metro Area",5877,3631,1141,210,848,47
310M200US24660,24660,"Greensboro-High Point, NC Metro Area",188013,155727,21552,6569,3350,815
310M200US24780,24780,"Greenville, NC Metro Area",58135,45437,8731,2867,957,143
310M200US24860,24860,"Greenville-Anderson-Mauldin, SC Metro Area",139284,114242,17750,4388,2631,273
310M200US25060,25060,"Gulfport-Biloxi-Pascagoula, MS Metro Area",77717,61430,9474,2517,4162,134
310M200US25180,25180,"Hagerstown-Martinsburg, MD-WV Metro Area",22857,16663,2803,2025,1336,30
310M200US25220,25220,"Hammond, LA Metro Area",36698,29724,4934,1655,375,10
310M200US25260,25260,"Hanford-Corcoran, CA Metro Area",9810,6871,804,1509,541,85
310M200US25420,25420,"Harrisburg-Carlisle, PA Metro Area",55873,42796,8233,3160,1433,251
310M200US25500,25500,"Harrisonburg, VA Metro Area",4880,3236,498,809,227,110
310M200US25540,25540,"Hartford-West Hartford-East Hartford, CT Metro Area",130396,109425,14181,3143,2768,879
310M200US25620,25620,"Hattiesburg, MS Metro Area",41601,32820,4343,3806,567,65
310M200US25860,25860,"Hickory-Lenoir-Morganton, NC Metro Area",25004,20869,1843,1673,584,35
310M200US25940,25940,"Hilton Head Island-Bluffton-Beaufort, SC Metro Area",42646,34438,4536,1248,2005,419
310M200US25980,25980,"Hinesville, GA Metro Area",29674,23365,2275,1253,2178,603
310M200US26140,26140,"Homosassa Springs, FL Metro Area",4250,3324,574,252,80,20
310M200US26300,26300,"Hot Springs, AR Metro Area",7924,5103,2102,560,123,36
310M200US26380,26380,"Houma-Thibodaux, LA Metro Area",33663,27597,4125,1552,361,28
310M200US26420,26420,"Houston-The Woodlands-Sugar Land, TX Metro Area",1055739,839662,157622,33819,19793,4843
310M200US26580,26580,"Huntington-Ashland, WV-KY-OH Metro Area",8094,6610,522,342,604,16
310M200US26620,26620,"Huntsville, AL Metro Area",92273,74499,12184,2397,2854,339
310M200US26820,26820,"Idaho Falls, ID Metro Area",633,474,129,1,0,29
310M200US26900,26900,"Indianapolis-Carmel-Anderson, IN Metro Area",277864,221631,42782,6659,5401,1391
310M200US26980,26980,"Iowa City, IA Metro Area",7101,4454,1471,405,619,152
310M200US27060,27060,"Ithaca, NY Metro Area",4524,2743,597,426,655,103
310M200US27100,27100,"Jackson, MI Metro Area",13270,9234,2255,1417,279,85
310M200US27140,27140,"Jackson, MS Metro Area",275554,236265,25637,9731,3582,339
310M200US27180,27180,"Jackson, TN Metro Area",39414,32755,4855,966,786,52
310M200US27260,27260,"Jacksonville, FL Metro Area",293299,230870,45732,7850,8001,846
310M200US27340,27340,"Jacksonville, NC Metro Area",28635,21033,4116,722,2337,427
310M200US27500,27500,"Janesville-Beloit, WI Metro Area",5561,3974,1284,64,239,0
310M200US27620,27620,"Jefferson City, MO Metro Area",11022,7459,1783,1580,165,35
310M200US27740,27740,"Johnson City, TN Metro Area",5446,4042,906,301,184,13
310M200US27780,27780,"Johnstown, PA Metro Area",4873,3290,621,551,376,35
310M200US27860,27860,"Jonesboro, AR Metro Area",15219,9687,3560,1539,403,30
310M200US27900,27900,"Joplin, MO Metro Area",3216,2495,419,219,83,0
310M200US27980,27980,"Kahului-Wailuku-Lahaina, HI Metro Area",939,631,246,3,59,0
310M200US28020,28020,"Kalamazoo-Portage, MI Metro Area",31113,22857,5714,1431,1072,39
310M200US28100,28100,"Kankakee, IL Metro Area",16307,14101,1428,535,236,7
310M200US28140,28140,"Kansas City, MO-KS Metro Area",252268,197466,38765,5522,9280,1235
310M200US28420,28420,"Kennewick-Richland, WA Metro Area",4378,2995,671,483,114,115
310M200US28660,28660,"Killeen-Temple, TX Metro Area",80145,59213,10890,2322,5995,1725
310M200US28700,28700,"Kingsport-Bristol-Bristol, TN-VA Metro Area",5593,3940,823,411,364,55
310M200US28740,28740,"Kingston, NY Metro Area",10373,8097,999,1152,105,20
310M200US28940,28940,"Knoxville, TN Metro Area",49431,41039,5595,1606,1012,179
310M200US29020,29020,"Kokomo, IN Metro Area",5735,4369,800,258,281,27
310M200US29100,29100,"La Crosse-Onalaska, WI-MN Metro Area",1672,1095,305,195,66,11
310M200US29180,29180,"Lafayette, LA Metro Area",115730,96791,14016,3494,1259,170
310M200US29200,29200,"Lafayette-West Lafayette, IN Metro Area",7787,5331,1322,553,508,73
310M200US29340,29340,"Lake Charles, LA Metro Area",48234,37381,8005,1597,1156,95
310M200US29420,29420,"Lake Havasu City-Kingman, AZ Metro Area",2155,1370,312,191,279,3
310M200US29460,29460,"Lakeland-Winter Haven, FL Metro Area",91751,73215,13566,3170,1424,376
310M200US29540,29540,"Lancaster, PA Metro Area",20355,16021,2604,744,703,283
310M200US29620,29620,"Lansing-East Lansing, MI Metro Area",38855,28231,5669,3804,884,267
310M200US29700,29700,"Laredo, TX Metro Area",997,802,15,69,92,19
310M200US29740,29740,"Las Cruces, NM Metro Area",3521,2397,550,136,423,15
310M200US29820,29820,"Las Vegas-Henderson-Paradise, NV Metro Area",211577,145089,52433,540,12361,1154
310M200US29940,29940,"Lawrence, KS Metro Area",4333,2970,716,268,336,43
310M200US30020,30020,"Lawton, OK Metro Area",21024,13678,3585,1081,2334,346
310M200US30140,30140,"Lebanon, PA Metro Area",2550,2024,346,134,27,19
310M200US30300,30300,"Lewiston, ID-WA Metro Area",263,202,40,15,6,0
310M200US30340,30340,"Lewiston-Auburn, ME Metro Area",1702,1086,389,18,164,45
310M200US30460,30460,"Lexington-Fayette, KY Metro Area",51964,38472,9859,1723,1534,376
310M200US30620,30620,"Lima, OH Metro Area",12278,9220,2297,476,256,29
310M200US30700,30700,"Lincoln, NE Metro Area",11398,7167,2827,704,601,99
310M200US30780,30780,"Little Rock-North Little Rock-Conway, AR Metro Area",160312,128281,25182,3714,2972,163
310M200US30860,30860,"Logan, UT-ID Metro Area",788,442,275,6,63,2
310M200US30980,30980,"Longview, TX Metro Area",37408,29028,4804,3047,496,33
310M200US31020,31020,"Longview, WA Metro Area",584,483,72,7,22,0
310M200US31080,31080,"Los Angeles-Long Beach-Anaheim, CA Metro Area",873081,730886,114810,13315,11031,3039
310M200US31140,31140,"Louisville/Jefferson County, KY-IN Metro Area",171730,141078,23479,2799,3860,514
310M200US31180,31180,"Lubbock, TX Metro Area",21148,13893,4358,2302,541,54
310M200US31340,31340,"Lynchburg, VA Metro Area",43094,35389,4363,2538,730,74
310M200US31420,31420,"Macon, GA Metro Area",100307,82020,13219,3953,991,124
310M200US31460,31460,"Madera, CA Metro Area",5357,4464,173,720,0,0
310M200US31540,31540,"Madison, WI Metro Area",26423,18629,5096,1072,1386,240
310M200US31700,31700,"Manchester-Nashua, NH Metro Area",8606,6569,1501,9,411,116
310M200US31740,31740,"Manhattan, KS Metro Area",4980,3416,325,394,720,125
310M200US31860,31860,"Mankato-North Mankato, MN Metro Area",2760,1928,217,413,187,15
310M200US31900,31900,"Mansfield, OH Metro Area",10262,7883,1113,1174,92,0
310M200US32580,32580,"McAllen-Edinburg-Mission, TX Metro Area",4734,3674,395,536,119,10
310M200US32780,32780,"Medford, OR Metro Area",1459,756,338,150,196,19
310M200US32820,32820,"Memphis, TN-MS-AR Metro Area",605692,493820,89597,7675,13677,923
310M200US32900,32900,"Merced, CA Metro Area",9016,7100,828,957,119,12
310M200US33100,33100,"Miami-Fort Lauderdale-West Palm Beach, FL Metro Area",1211928,1008987,148374,25922,15637,13008
310M200US33140,33140,"Michigan City-La Porte, IN Metro Area",11664,8672,1410,1206,364,12
310M200US33220,33220,"Midland, MI Metro Area",1090,761,164,138,19,8
310M200US33260,33260,"Midland, TX Metro Area",9499,7558,948,709,242,42
310M200US33340,33340,"Milwaukee-Waukesha-West Allis, WI Metro Area",255241,192020,56248,2752,3655,566
310M200US33460,33460,"Minneapolis-St. Paul-Bloomington, MN-WI Metro Area",250385,185797,39753,13720,7747,3368
310M200US33540,33540,"Missoula, MT Metro Area",455,264,146,34,11,0
310M200US33660,33660,"Mobile, AL Metro Area",142948,120549,19563,762,1960,114
310M200US33700,33700,"Modesto, CA Metro Area",14296,10706,2117,1397,48,28
310M200US33740,33740,"Monroe, LA Metro Area",62170,52213,6904,2374,596,83
310M200US33780,33780,"Monroe, MI Metro Area",3354,2544,360,350,100,0
310M200US33860,33860,"Montgomery, AL Metro Area",160170,122948,26039,7549,3410,224
310M200US34060,34060,"Morgantown, WV Metro Area",4571,3172,565,197,540,97
310M200US34100,34100,"Morristown, TN Metro Area",3719,2759,418,180,362,0
310M200US34580,34580,"Mount Vernon-Anacortes, WA Metro Area",734,476,44,141,73,0
310M200US34620,34620,"Muncie, IN Metro Area",6162,4087,1463,464,138,10
310M200US34740,34740,"Muskegon, MI Metro Area",23146,17135,4252,1187,547,25
310M200US34820,34820,"Myrtle Beach-Conway-North Myrtle Beach, SC-NC Metro Area",50534,41621,5289,1828,1539,257
310M200US34900,34900,"Napa, CA Metro Area",2963,2547,178,223,9,6
310M200US34940,34940,"Naples-Immokalee-Marco Island, FL Metro Area",22220,18697,2441,867,104,111
310M200US34980,34980,"Nashville-Davidson--Murfreesboro--Franklin, TN Metro Area",261461,208842,38377,8459,4938,845
310M200US35100,35100,"New Bern, NC Metro Area",27840,23633,1815,1354,976,62
310M200US35300,35300,"New Haven-Milford, CT Metro Area",108674,91650,12752,1720,1985,567
310M200US35380,35380,"New Orleans-Metairie, LA Metro Area",420131,359335,39369,13142,7670,615
310M200US35620,35620,"New York-Newark-Jersey City, NY-NJ-PA Metro Area",3374266,3034984,208558,77158,33377,20189
310M200US35660,35660,"Niles-Benton Harbor, MI Metro Area",23210,18725,3533,345,470,137
310M200US35840,35840,"North Port-Sarasota-Bradenton, FL Metro Area",47156,36195,6466,3027,1274,194
310M200US35980,35980,"Norwich-New London, CT Metro Area",15277,11455,2206,778,745,93
310M200US36100,36100,"Ocala, FL Metro Area",41733,33156,5713,1888,856,120
310M200US36140,36140,"Ocean City, NJ Metro Area",4350,3960,107,226,56,1
310M200US36220,36220,"Odessa, TX Metro Area",6129,4369,556,870,201,133
310M200US36260,36260,"Ogden-Clearfield, UT Metro Area",6847,5532,760,308,240,7
310M200US36420,36420,"Oklahoma City, OK Metro Area",129771,99348,21530,4037,4213,643
310M200US36500,36500,"Olympia-Tumwater, WA Metro Area",7373,4802,1156,481,292,642
310M200US36540,36540,"Omaha-Council Bluffs, NE-IA Metro Area",67331,51531,11945,1609,1961,285
310M200US36740,36740,"Orlando-Kissimmee-Sanford, FL Metro Area",355686,276281,50957,15858,9444,3146
310M200US36780,36780,"Oshkosh-Neenah, WI Metro Area",3038,2037,395,497,109,0
310M200US36980,36980,"Owensboro, KY Metro Area",4562,3547,589,283,138,5
310M200US37100,37100,"Oxnard-Thousand Oaks-Ventura, CA Metro Area",14879,11631,1944,732,523,49
310M200US37340,37340,"Palm Bay-Melbourne-Titusville, FL Metro Area",55574,43710,8383,1419,1584,478
310M200US37460,37460,"Panama City, FL Metro Area",20537,16490,2370,865,668,144
310M200US37620,37620,"Parkersburg-Vienna, WV Metro Area",974,871,42,22,30,9
310M200US37860,37860,"Pensacola-Ferry Pass-Brent, FL Metro Area",74149,61003,8117,2155,2533,341
310M200US37900,37900,"Peoria, IL Metro Area",33877,27103,5088,784,813,89
310M200US37980,37980,"Philadelphia-Camden-Wilmington, PA-NJ-DE-MD Metro Area",1239500,1075511,115003,25716,18242,5028
310M200US38060,38060,"Phoenix-Mesa-Scottsdale, AZ Metro Area",218227,159682,40939,3382,12460,1764
310M200US38220,38220,"Pine Bluff, AR Metro Area",45979,38602,5035,1326,959,57
310M200US38300,38300,"Pittsburgh, PA Metro Area",190868,154169,27719,4385,4085,510
310M200US38340,38340,"Pittsfield, MA Metro Area",3628,2921,484,54,128,41
310M200US38540,38540,"Pocatello, ID Metro Area",621,355,175,31,52,8
310M200US38860,38860,"Portland-South Portland, ME Metro Area",8810,6430,1263,305,269,543
310M200US38900,38900,"Portland-Vancouver-Hillsboro, OR-WA Metro Area",64201,49414,9144,2090,2997,556
310M200US38940,38940,"Port St. Lucie, FL Metro Area",62056,52605,5562,1844,1272,773
310M200US39140,39140,"Prescott, AZ Metro Area",1188,681,172,179,137,19
310M200US39300,39300,"Providence-Warwick, RI-MA Metro Area",85569,68859,11065,1776,3064,805
310M200US39340,39340,"Provo-Orem, UT Metro Area",3318,2381,289,119,383,146
310M200US39380,39380,"Pueblo, CO Metro Area",3344,2722,333,191,94,4
310M200US39460,39460,"Punta Gorda, FL Metro Area",9306,7323,637,746,350,250
310M200US39540,39540,"Racine, WI Metro Area",21137,17204,2694,844,381,14
310M200US39580,39580,"Raleigh, NC Metro Area",237492,191946,29299,10929,4133,1185
310M200US39660,39660,"Rapid City, SD Metro Area",1754,1202,200,140,164,48
310M200US39740,39740,"Reading, PA Metro Area",19804,14457,3317,1010,979,41
310M200US39820,39820,"Redding, CA Metro Area",1712,1170,409,99,22,12
310M200US39900,39900,"Reno, NV Metro Area",10090,7334,1543,411,746,56
310M200US40060,40060,"Richmond, VA Metro Area",367560,305878,31320,22970,6572,820
310M200US40140,40140,"Riverside-San Bernardino-Ontario, CA Metro Area",317911,248018,44759,18511,5543,1080
310M200US40220,40220,"Roanoke, VA Metro Area",40012,30984,5315,2362,1263,88
310M200US40340,40340,"Rochester, MN Metro Area",7611,5572,1126,305,478,130
310M200US40380,40380,"Rochester, NY Metro Area",121869,95297,21234,2754,2082,502
310M200US40420,40420,"Rockford, IL Metro Area",36827,28527,6220,1075,887,118
310M200US40580,40580,"Rocky Mount, NC Metro Area",66832,55726,6025,3890,1144,47
310M200US40660,40660,"Rome, GA Metro Area",13809,10822,1611,1212,130,34
310M200US40900,40900,"Sacramento--Roseville--Arden-Arcade, CA Metro Area",156191,114459,31792,6861,2616,463
310M200US40980,40980,"Saginaw, MI Metro Area",35872,29237,4659,1291,656,29
310M200US41060,41060,"St. Cloud, MN Metro Area",6192,3667,1183,563,550,229
310M200US41100,41100,"St. George, UT Metro Area",681,592,39,13,24,13
310M200US41140,41140,"St. Joseph, MO-KS Metro Area",6299,4193,976,904,222,4
310M200US41180,41180,"St. Louis, MO-IL Metro Area",506110,407959,66234,21617,9140,1160
310M200US41420,41420,"Salem, OR Metro Area",3544,2342,416,278,382,126
310M200US41500,41500,"Salinas, CA Metro Area",11696,9099,817,1304,428,48
310M200US41540,41540,"Salisbury, MD-DE Metro Area",67443,54846,6660,3503,2237,197
310M200US41620,41620,"Salt Lake City, UT Metro Area",17689,13048,2835,604,936,266
310M200US41660,41660,"San Angelo, TX Metro Area",4786,3107,513,610,481,75
310M200US41700,41700,"San Antonio-New Braunfels, TX Metro Area",143392,110063,21150,4879,6217,1083
310M200US41740,41740,"San Diego-Carlsbad, CA Metro Area",158382,128464,19991,2970,5515,1442
310M200US41860,41860,"San Francisco-Oakland-Hayward, CA Metro Area",352260,292913,38515,14805,4865,1162
310M200US41940,41940,"San Jose-Sunnyvale-Santa Clara, CA Metro Area",48824,39152,6579,1907,973,213
310M200US42020,42020,"San Luis Obispo-Paso Robles-Arroyo Grande, CA Metro Area",5719,3942,637,958,28,154
310M200US42100,42100,"Santa Cruz-Watsonville, CA Metro Area",2431,1710,376,310,11,24
310M200US42140,42140,"Santa Fe, NM Metro Area",1097,759,157,62,112,7
310M200US42200,42200,"Santa Maria-Santa Barbara, CA Metro Area",8421,6272,1357,411,297,84
310M200US42220,42220,"Santa Rosa, CA Metro Area",7426,5902,905,387,164,68
310M200US42340,42340,"Savannah, GA Metro Area",119914,101344,12200,3723,2384,263
310M200US42540,42540,"Scranton--Wilkes-Barre--Hazleton, PA Metro Area",18212,11635,3431,1465,1204,477
310M200US42660,42660,"Seattle-Tacoma-Bellevue, WA Metro Area",195281,152381,27978,5215,6650,3057
310M200US42680,42680,"Sebastian-Vero Beach, FL Metro Area",12714,10110,1390,882,275,57
310M200US42700,42700,"Sebring, FL Metro Area",9091,7144,1391,129,349,78
310M200US43100,43100,"Sheboygan, WI Metro Area",1690,1079,253,265,93,0
310M200US43300,43300,"Sherman-Denison, TX Metro Area",6971,5059,1428,202,282,0
310M200US43340,43340,"Shreveport-Bossier City, LA Metro Area",169313,145148,18058,4042,1828,237
310M200US43420,43420,"Sierra Vista-Douglas, AZ Metro Area",5050,3644,253,373,570,210
310M200US43580,43580,"Sioux City, IA-NE-SD Metro Area",3968,2738,839,92,282,17
310M200US43620,43620,"Sioux Falls, SD Metro Area",7721,5832,1220,301,246,122
310M200US43780,43780,"South Bend-Mishawaka, IN-MI Metro Area",36551,28139,6499,819,976,118
310M200US43900,43900,"Spartanburg, SC Metro Area",67236,52939,10521,2353,1275,148
310M200US44060,44060,"Spokane-Spokane Valley, WA Metro Area",9342,7054,1500,244,352,192
310M200US44100,44100,"Springfield, IL Metro Area",24456,18396,4164,1242,483,171
310M200US44140,44140,"Springfield, MA Metro Area",44270,36011,5653,772,1249,585
310M200US44180,44180,"Springfield, MO Metro Area",9594,6237,1850,890,580,37
310M200US44220,44220,"Springfield, OH Metro Area",11451,9296,1489,384,256,26
310M200US44300,44300,"State College, PA Metro Area",5508,3459,647,794,402,206
310M200US44420,44420,"Staunton-Waynesboro, VA Metro Area",8349,6133,688,1163,350,15
310M200US44700,44700,"Stockton-Lodi, CA Metro Area",49490,38737,7071,3066,578,38
310M200US44940,44940,"Sumter, SC Metro Area",49524,42443,4543,1634,732,172
310M200US45060,45060,"Syracuse, NY Metro Area",53311,40962,8818,1731,1444,356
310M200US45220,45220,"Tallahassee, FL Metro Area",121281,91022,18846,8668,2374,371
310M200US45300,45300,"Tampa-St. Petersburg-Clearwater, FL Metro Area",336623,267447,50520,9927,7254,1475
310M200US45460,45460,"Terre Haute, IN Metro Area",8219,6350,729,719,263,158
310M200US45500,45500,"Texarkana, TX-AR Metro Area",35540,27664,3946,1272,2605,53
310M200US45540,45540,"The Villages, FL Metro Area",9015,7271,781,561,340,62
310M200US45780,45780,"Toledo, OH Metro Area",85006,65337,15715,2093,1618,243
310M200US45820,45820,"Topeka, KS Metro Area",14447,10631,3132,278,346,60
310M200US45940,45940,"Trenton, NJ Metro Area",73985,62468,7694,2050,1415,358
310M200US46060,46060,"Tucson, AZ Metro Area",35111,24169,7268,784,2203,687
310M200US46140,46140,"Tulsa, OK Metro Area",75788,59194,12006,2533,1882,173
310M200US46220,46220,"Tuscaloosa, AL Metro Area",76833,64009,9136,1981,1612,95
310M200US46340,46340,"Tyler, TX Metro Area",37943,29119,5940,2308,553,23
310M200US46520,46520,"Urban Honolulu, HI Metro Area",23731,16254,3217,50,3578,632
310M200US46540,46540,"Utica-Rome, NY Metro Area",14351,10008,2389,1629,261,64
310M200US46660,46660,"Valdosta, GA Metro Area",48064,36543,7024,2373,1917,207
310M200US46700,46700,"Vallejo-Fairfield, CA Metro Area",58914,47668,7361,2695,999,191
310M200US47020,47020,"Victoria, TX Metro Area",5976,4989,769,184,34,0
310M200US47220,47220,"Vineland-Bridgeton, NJ Metro Area",32422,26042,3502,2399,321,158
310M200US47260,47260,"Virginia Beach-Norfolk-Newport News, VA-NC Metro Area",517150,416009,51560,33538,14244,1799
310M200US47300,47300,"Visalia-Porterville, CA Metro Area",7763,6122,1379,160,98,4
310M200US47380,47380,"Waco, TX Metro Area",38628,29852,6730,1436,554,56
310M200US47460,47460,"Walla Walla, WA Metro Area",1007,653,27,322,5,0
310M200US47580,47580,"Warner Robins, GA Metro Area",58319,47478,5778,3843,1106,114
310M200US47900,47900,"Washington-Arlington-Alexandria, DC-VA-MD-WV Metro Area",1472003,1238626,131107,32866,57210,12194
310M200US47940,47940,"Waterloo-Cedar Falls, IA Metro Area",12163,10394,1397,169,195,8
310M200US48060,48060,"Watertown-Fort Drum, NY Metro Area",6093,2862,833,427,1023,948
310M200US48140,48140,"Wausau, WI Metro Area",903,655,123,114,0,11
310M200US48260,48260,"Weirton-Steubenville, WV-OH Metro Area",4973,4147,464,175,161,26
310M200US48300,48300,"Wenatchee, WA Metro Area",404,267,67,23,34,13
310M200US48540,48540,"Wheeling, WV-OH Metro Area",4599,3446,229,630,285,9
310M200US48620,48620,"Wichita, KS Metro Area",47404,36731,7794,1104,1572,203
310M200US48660,48660,"Wichita Falls, TX Metro Area",13872,10150,1537,1130,851,204
310M200US48700,48700,"Williamsport, PA Metro Area",5436,4001,687,472,276,0
310M200US48900,48900,"Wilmington, NC Metro Area",39341,32540,4287,1692,689,133
310M200US49020,49020,"Winchester, VA-WV Metro Area",6804,5629,382,496,239,58
310M200US49180,49180,"Winston-Salem, NC Metro Area",112974,90131,16392,4368,1937,146
310M200US49340,49340,"Worcester, MA-CT Metro Area",37668,31768,3632,933,717,618
310M200US49420,49420,"Yakima, WA Metro Area",1948,1435,437,56,19,1
310M200US49620,49620,"York-Hanover, PA Metro Area",23858,18478,3375,623,1189,193
310M200US49660,49660,"Youngstown-Warren-Boardman, OH-PA Metro Area",59454,48787,6756,2509,1320,82
310M200US49700,49700,"Yuba City, CA Metro Area",4303,3519,358,234,147,45
310M200US49740,49740,"Yuma, AZ Metro Area",4047,3007,512,168,314,46
