GEO.id,GEO.id2,GEO.display-label,HD01_VD01,HD01_VD02,HD01_VD03,HD01_VD04,HD01_VD05,HD01_VD06
Id,Id2,Geography,Estimate; Total:,Estimate; Total: - Same house 1 year ago,Estimate; Total: - Moved within same county,Estimate; Total: - Moved from different county within same state,Estimate; Total: - Moved from different state,Estimate; Total: - Moved from abroad
310M300US10180,10180,"Abilene, TX Metro Area",1334,896,246,186,0,6
310M300US10420,10420,"Akron, OH Metro Area",1362,1182,129,0,40,11
310M300US10500,10500,"Albany, GA Metro Area",374,321,10,34,9,0
310M300US10540,10540,"Albany, OR Metro Area",1255,1027,162,31,35,0
310M300US10580,10580,"Albany-Schenectady-Troy, NY Metro Area",1629,1359,163,55,31,21
310M300US10740,10740,"Albuquerque, NM Metro Area",51958,44080,4454,2264,1108,52
310M300US10780,10780,"Alexandria, LA Metro Area",1120,1058,24,23,15,0
310M300US10900,10900,"Allentown-Bethlehem-Easton, PA-NJ Metro Area",2051,1667,107,144,33,100
310M300US11020,11020,"Altoona, PA Metro Area",26,22,4,0,0,0
310M300US11100,11100,"Amarillo, TX Metro Area",1273,975,111,98,89,0
310M300US11180,11180,"Ames, IA Metro Area",278,182,27,48,21,0
310M300US11260,11260,"Anchorage, AK Metro Area",26493,21143,3038,1884,359,69
310M300US11460,11460,"Ann Arbor, MI Metro Area",1214,859,16,243,77,19
310M300US11500,11500,"Anniston-Oxford-Jacksonville, AL Metro Area",408,378,17,9,0,4
310M300US11540,11540,"Appleton, WI Metro Area",3299,3078,112,100,9,0
310M300US11700,11700,"Asheville, NC Metro Area",1627,1462,19,30,116,0
310M300US12020,12020,"Athens-Clarke County, GA Metro Area",276,256,0,20,0,0
310M300US12060,12060,"Atlanta-Sandy Springs-Roswell, GA Metro Area",18009,15733,1144,605,315,212
310M300US12100,12100,"Atlantic City-Hammonton, NJ Metro Area",908,521,360,0,27,0
310M300US12220,12220,"Auburn-Opelika, AL Metro Area",166,148,11,7,0,0
310M300US12260,12260,"Augusta-Richmond County, GA-SC Metro Area",1519,1312,52,19,67,69
310M300US12420,12420,"Austin-Round Rock, TX Metro Area",8243,6892,723,357,190,81
310M300US12540,12540,"Bakersfield, CA Metro Area",9657,8031,1024,508,90,4
310M300US12580,12580,"Baltimore-Columbia-Towson, MD Metro Area",6594,5065,751,494,252,32
310M300US12620,12620,"Bangor, ME Metro Area",1715,1278,324,55,58,0
310M300US12700,12700,"Barnstable Town, MA Metro Area",1007,931,50,26,0,0
310M300US12940,12940,"Baton Rouge, LA Metro Area",1718,1462,109,88,59,0
310M300US12980,12980,"Battle Creek, MI Metro Area",897,594,159,144,0,0
310M300US13020,13020,"Bay City, MI Metro Area",379,267,72,25,0,15
310M300US13140,13140,"Beaumont-Port Arthur, TX Metro Area",1355,1037,152,32,120,14
310M300US13220,13220,"Beckley, WV Metro Area",482,447,0,5,0,30
310M300US13380,13380,"Bellingham, WA Metro Area",6588,5707,727,123,25,6
310M300US13460,13460,"Bend-Redmond, OR Metro Area",809,707,10,31,61,0
310M300US13740,13740,"Billings, MT Metro Area",6622,4607,1472,389,154,0
310M300US13780,13780,"Binghamton, NY Metro Area",473,365,75,18,9,6
310M300US13820,13820,"Birmingham-Hoover, AL Metro Area",2907,2475,316,28,70,18
310M300US13900,13900,"Bismarck, ND Metro Area",8317,7059,454,548,256,0
310M300US13980,13980,"Blacksburg-Christiansburg-Radford, VA Metro Area",359,167,137,29,21,5
310M300US14010,14010,"Bloomington, IL Metro Area",337,299,38,0,0,0
310M300US14020,14020,"Bloomington, IN Metro Area",347,261,32,48,0,6
310M300US14100,14100,"Bloomsburg-Berwick, PA Metro Area",86,70,8,8,0,0
310M300US14260,14260,"Boise City, ID Metro Area",5049,3776,641,259,371,2
310M300US14460,14460,"Boston-Cambridge-Newton, MA-NH Metro Area",8663,7457,416,412,291,87
310M300US14500,14500,"Boulder, CO Metro Area",1664,1110,201,215,115,23
310M300US14540,14540,"Bowling Green, KY Metro Area",530,288,192,46,0,4
310M300US14740,14740,"Bremerton-Silverdale, WA Metro Area",2844,2351,284,110,99,0
310M300US14860,14860,"Bridgeport-Stamford-Norwalk, CT Metro Area",2502,2039,343,25,14,81
310M300US15180,15180,"Brownsville-Harlingen, TX Metro Area",1085,935,40,31,0,79
310M300US15260,15260,"Brunswick, GA Metro Area",419,280,71,52,16,0
310M300US15380,15380,"Buffalo-Cheektowaga-Niagara Falls, NY Metro Area",6689,5840,572,207,37,33
310M300US15500,15500,"Burlington, NC Metro Area",551,431,57,40,2,21
310M300US15540,15540,"Burlington-South Burlington, VT Metro Area",815,716,51,13,18,17
310M300US15680,15680,"California-Lexington Park, MD Metro Area",220,220,0,0,0,0
310M300US15940,15940,"Canton-Massillon, OH Metro Area",424,369,42,9,4,0
310M300US15980,15980,"Cape Coral-Fort Myers, FL Metro Area",1246,1087,107,20,32,0
310M300US16020,16020,"Cape Girardeau, MO-IL Metro Area",284,190,30,43,0,21
310M300US16060,16060,"Carbondale-Marion, IL Metro Area",362,264,7,73,18,0
310M300US16180,16180,"Carson City, NV Metro Area",1361,1105,97,64,95,0
310M300US16220,16220,"Casper, WY Metro Area",713,425,99,99,47,43
310M300US16300,16300,"Cedar Rapids, IA Metro Area",456,421,35,0,0,0
310M300US16540,16540,"Chambersburg-Waynesboro, PA Metro Area",300,239,57,4,0,0
310M300US16580,16580,"Champaign-Urbana, IL Metro Area",389,301,70,4,14,0
310M300US16620,16620,"Charleston, WV Metro Area",226,202,16,8,0,0
310M300US16700,16700,"Charleston-North Charleston, SC Metro Area",2093,1688,181,127,97,0
310M300US16740,16740,"Charlotte-Concord-Gastonia, NC-SC Metro Area",7983,6536,565,276,418,188
310M300US16820,16820,"Charlottesville, VA Metro Area",522,374,40,39,69,0
310M300US16860,16860,"Chattanooga, TN-GA Metro Area",998,898,77,4,15,4
310M300US16940,16940,"Cheyenne, WY Metro Area",836,459,316,3,58,0
310M300US16980,16980,"Chicago-Naperville-Elgin, IL-IN-WI Metro Area",23408,20379,1901,626,295,207
310M300US17020,17020,"Chico, CA Metro Area",2607,2055,335,175,42,0
310M300US17140,17140,"Cincinnati, OH-KY-IN Metro Area",2864,2369,306,82,85,22
310M300US17300,17300,"Clarksville, TN-KY Metro Area",1551,983,235,16,310,7
310M300US17420,17420,"Cleveland, TN Metro Area",183,176,0,0,7,0
310M300US17460,17460,"Cleveland-Elyria, OH Metro Area",4875,3791,665,109,157,153
310M300US17660,17660,"Coeur d'Alene, ID Metro Area",2061,1722,224,53,62,0
310M300US17780,17780,"College Station-Bryan, TX Metro Area",991,835,92,32,24,8
310M300US17820,17820,"Colorado Springs, CO Metro Area",4514,3290,645,80,468,31
310M300US17860,17860,"Columbia, MO Metro Area",460,337,62,5,42,14
310M300US17900,17900,"Columbia, SC Metro Area",1601,1266,115,99,103,18
310M300US17980,17980,"Columbus, GA-AL Metro Area",1091,781,129,0,93,88
310M300US18020,18020,"Columbus, IN Metro Area",195,178,7,10,0,0
310M300US18140,18140,"Columbus, OH Metro Area",3233,2740,171,181,87,54
310M300US18580,18580,"Corpus Christi, TX Metro Area",1991,1530,225,34,202,0
310M300US18700,18700,"Corvallis, OR Metro Area",457,340,11,42,64,0
310M300US18880,18880,"Crestview-Fort Walton Beach-Destin, FL Metro Area",1576,1328,100,23,125,0
310M300US19060,19060,"Cumberland, MD-WV Metro Area",124,81,26,14,3,0
310M300US19100,19100,"Dallas-Fort Worth-Arlington, TX Metro Area",30338,24756,3362,1389,623,208
310M300US19140,19140,"Dalton, GA Metro Area",609,609,0,0,0,0
310M300US19180,19180,"Danville, IL Metro Area",186,186,0,0,0,0
310M300US19300,19300,"Daphne-Fairhope-Foley, AL Metro Area",1668,1465,166,37,0,0
310M300US19340,19340,"Davenport-Moline-Rock Island, IA-IL Metro Area",1066,896,138,9,17,6
310M300US19380,19380,"Dayton, OH Metro Area",1588,1298,205,35,45,5
310M300US19460,19460,"Decatur, AL Metro Area",2399,2111,214,40,34,0
310M300US19500,19500,"Decatur, IL Metro Area",302,225,77,0,0,0
310M300US19660,19660,"Deltona-Daytona Beach-Ormond Beach, FL Metro Area",2307,1870,248,153,27,9
310M300US19740,19740,"Denver-Aurora-Lakewood, CO Metro Area",21958,17952,1804,1305,797,100
310M300US19780,19780,"Des Moines-West Des Moines, IA Metro Area",1551,1221,151,60,119,0
310M300US19820,19820,"Detroit-Warren-Dearborn, MI Metro Area",12349,10118,1202,563,229,237
310M300US20020,20020,"Dothan, AL Metro Area",587,449,98,18,22,0
310M300US20100,20100,"Dover, DE Metro Area",1066,976,50,35,5,0
310M300US20220,20220,"Dubuque, IA Metro Area",133,125,3,0,5,0
310M300US20260,20260,"Duluth, MN-WI Metro Area",6222,5106,738,276,102,0
310M300US20500,20500,"Durham-Chapel Hill, NC Metro Area",1911,1534,211,65,101,0
310M300US20700,20700,"East Stroudsburg, PA Metro Area",720,677,14,0,26,3
310M300US20740,20740,"Eau Claire, WI Metro Area",599,449,5,135,10,0
310M300US20940,20940,"El Centro, CA Metro Area",1959,1630,114,189,24,2
310M300US21060,21060,"Elizabethtown-Fort Knox, KY Metro Area",516,265,31,47,157,16
310M300US21140,21140,"Elkhart-Goshen, IN Metro Area",313,301,12,0,0,0
310M300US21300,21300,"Elmira, NY Metro Area",326,80,236,9,1,0
310M300US21340,21340,"El Paso, TX Metro Area",5711,4742,457,91,361,60
310M300US21420,21420,"Enid, OK Metro Area",1256,918,180,65,78,15
310M300US21500,21500,"Erie, PA Metro Area",715,597,72,12,29,5
310M300US21660,21660,"Eugene, OR Metro Area",3806,2779,537,151,250,89
310M300US21780,21780,"Evansville, IN-KY Metro Area",557,383,107,26,27,14
310M300US21820,21820,"Fairbanks, AK Metro Area",6751,5364,908,412,59,8
310M300US22020,22020,"Fargo, ND-MN Metro Area",2440,1781,159,266,234,0
310M300US22140,22140,"Farmington, NM Metro Area",49396,44849,3462,365,703,17
310M300US22180,22180,"Fayetteville, NC Metro Area",8853,7722,487,302,273,69
310M300US22220,22220,"Fayetteville-Springdale-Rogers, AR-MO Metro Area",6351,5375,418,130,377,51
310M300US22380,22380,"Flagstaff, AZ Metro Area",36378,33347,1731,931,323,46
310M300US22420,22420,"Flint, MI Metro Area",1540,1357,70,94,13,6
310M300US22500,22500,"Florence, SC Metro Area",496,455,7,25,9,0
310M300US22520,22520,"Florence-Muscle Shoals, AL Metro Area",743,632,57,47,0,7
310M300US22540,22540,"Fond du Lac, WI Metro Area",496,427,26,43,0,0
310M300US22660,22660,"Fort Collins, CO Metro Area",2113,1496,335,59,216,7
310M300US22900,22900,"Fort Smith, AR-OK Metro Area",15742,13108,1826,444,345,19
310M300US23060,23060,"Fort Wayne, IN Metro Area",865,675,95,70,25,0
310M300US23420,23420,"Fresno, CA Metro Area",9688,7810,1618,206,54,0
310M300US23460,23460,"Gadsden, AL Metro Area",729,508,36,4,128,53
310M300US23540,23540,"Gainesville, FL Metro Area",888,698,86,42,44,18
310M300US23580,23580,"Gainesville, GA Metro Area",510,473,0,37,0,0
310M300US23900,23900,"Gettysburg, PA Metro Area",50,43,6,0,1,0
310M300US24020,24020,"Glens Falls, NY Metro Area",280,212,4,62,0,2
310M300US24140,24140,"Goldsboro, NC Metro Area",318,224,33,58,3,0
310M300US24220,24220,"Grand Forks, ND-MN Metro Area",2083,1444,368,111,160,0
310M300US24260,24260,"Grand Island, NE Metro Area",438,381,26,16,0,15
310M300US24300,24300,"Grand Junction, CO Metro Area",1136,1009,50,52,25,0
310M300US24340,24340,"Grand Rapids-Wyoming, MI Metro Area",3976,3304,452,141,65,14
310M300US24420,24420,"Grants Pass, OR Metro Area",1225,730,16,197,272,10
310M300US24500,24500,"Great Falls, MT Metro Area",3767,2659,715,369,24,0
310M300US24540,24540,"Greeley, CO Metro Area",2037,1667,81,214,75,0
310M300US24580,24580,"Green Bay, WI Metro Area",6446,5036,1054,240,91,25
310M300US24660,24660,"Greensboro-High Point, NC Metro Area",3193,2731,316,65,55,26
310M300US24780,24780,"Greenville, NC Metro Area",432,318,30,78,6,0
310M300US24860,24860,"Greenville-Anderson-Mauldin, SC Metro Area",2173,1897,137,61,70,8
310M300US25060,25060,"Gulfport-Biloxi-Pascagoula, MS Metro Area",1765,1145,245,342,33,0
310M300US25180,25180,"Hagerstown-Martinsburg, MD-WV Metro Area",427,393,20,10,4,0
310M300US25220,25220,"Hammond, LA Metro Area",354,334,0,14,6,0
310M300US25260,25260,"Hanford-Corcoran, CA Metro Area",2247,1613,429,199,0,6
310M300US25420,25420,"Harrisburg-Carlisle, PA Metro Area",865,711,14,63,56,21
310M300US25500,25500,"Harrisonburg, VA Metro Area",293,177,116,0,0,0
310M300US25540,25540,"Hartford-West Hartford-East Hartford, CT Metro Area",2834,2165,471,113,65,20
310M300US25620,25620,"Hattiesburg, MS Metro Area",223,165,0,0,58,0
310M300US25860,25860,"Hickory-Lenoir-Morganton, NC Metro Area",1318,940,223,138,17,0
310M300US25940,25940,"Hilton Head Island-Bluffton-Beaufort, SC Metro Area",417,265,55,0,87,10
310M300US25980,25980,"Hinesville, GA Metro Area",345,234,27,53,17,14
310M300US26140,26140,"Homosassa Springs, FL Metro Area",499,419,0,10,50,20
310M300US26300,26300,"Hot Springs, AR Metro Area",758,752,0,6,0,0
310M300US26380,26380,"Houma-Thibodaux, LA Metro Area",8475,7205,873,290,72,35
310M300US26420,26420,"Houston-The Woodlands-Sugar Land, TX Metro Area",26875,22637,2350,722,834,332
310M300US26580,26580,"Huntington-Ashland, WV-KY-OH Metro Area",390,315,69,0,0,6
310M300US26620,26620,"Huntsville, AL Metro Area",2877,2488,259,60,70,0
310M300US26820,26820,"Idaho Falls, ID Metro Area",482,374,43,33,32,0
310M300US26900,26900,"Indianapolis-Carmel-Anderson, IN Metro Area",4062,3357,617,64,24,0
310M300US26980,26980,"Iowa City, IA Metro Area",335,252,10,19,17,37
310M300US27060,27060,"Ithaca, NY Metro Area",247,192,12,10,33,0
310M300US27100,27100,"Jackson, MI Metro Area",566,422,52,89,3,0
310M300US27140,27140,"Jackson, MS Metro Area",733,718,2,5,8,0
310M300US27180,27180,"Jackson, TN Metro Area",113,100,11,0,2,0
310M300US27260,27260,"Jacksonville, FL Metro Area",3262,2656,396,99,111,0
310M300US27340,27340,"Jacksonville, NC Metro Area",973,585,144,30,195,19
310M300US27500,27500,"Janesville-Beloit, WI Metro Area",211,169,18,24,0,0
310M300US27620,27620,"Jefferson City, MO Metro Area",633,469,54,71,1,38
310M300US27740,27740,"Johnson City, TN Metro Area",673,574,28,52,19,0
310M300US27780,27780,"Johnstown, PA Metro Area",61,36,23,2,0,0
310M300US27860,27860,"Jonesboro, AR Metro Area",640,566,7,61,6,0
310M300US27900,27900,"Joplin, MO Metro Area",2953,2648,85,120,92,8
310M300US27980,27980,"Kahului-Wailuku-Lahaina, HI Metro Area",279,219,12,48,0,0
310M300US28020,28020,"Kalamazoo-Portage, MI Metro Area",1338,880,189,216,46,7
310M300US28100,28100,"Kankakee, IL Metro Area",321,317,0,4,0,0
310M300US28140,28140,"Kansas City, MO-KS Metro Area",8544,6991,743,449,338,23
310M300US28420,28420,"Kennewick-Richland, WA Metro Area",2163,1666,221,194,70,12
310M300US28660,28660,"Killeen-Temple, TX Metro Area",3242,2467,182,293,282,18
310M300US28700,28700,"Kingsport-Bristol-Bristol, TN-VA Metro Area",415,362,30,17,5,1
310M300US28740,28740,"Kingston, NY Metro Area",322,255,20,45,2,0
310M300US28940,28940,"Knoxville, TN Metro Area",2377,2080,111,70,109,7
310M300US29020,29020,"Kokomo, IN Metro Area",368,347,9,12,0,0
310M300US29100,29100,"La Crosse-Onalaska, WI-MN Metro Area",396,203,101,92,0,0
310M300US29180,29180,"Lafayette, LA Metro Area",1178,1074,52,52,0,0
310M300US29200,29200,"Lafayette-West Lafayette, IN Metro Area",373,195,155,4,9,10
310M300US29340,29340,"Lake Charles, LA Metro Area",648,550,81,0,17,0
310M300US29420,29420,"Lake Havasu City-Kingman, AZ Metro Area",4778,4131,290,141,216,0
310M300US29460,29460,"Lakeland-Winter Haven, FL Metro Area",2037,1676,264,57,16,24
310M300US29540,29540,"Lancaster, PA Metro Area",791,629,135,13,14,0
310M300US29620,29620,"Lansing-East Lansing, MI Metro Area",1691,1490,96,66,39,0
310M300US29700,29700,"Laredo, TX Metro Area",567,485,52,0,5,25
310M300US29740,29740,"Las Cruces, NM Metro Area",2391,1894,253,156,88,0
310M300US29820,29820,"Las Vegas-Henderson-Paradise, NV Metro Area",13180,9623,2527,43,910,77
310M300US29940,29940,"Lawrence, KS Metro Area",2718,1889,441,91,297,0
310M300US30020,30020,"Lawton, OK Metro Area",7185,5264,1296,495,121,9
310M300US30140,30140,"Lebanon, PA Metro Area",123,101,4,18,0,0
310M300US30300,30300,"Lewiston, ID-WA Metro Area",2585,2217,240,74,54,0
310M300US30340,30340,"Lewiston-Auburn, ME Metro Area",183,119,26,16,22,0
310M300US30460,30460,"Lexington-Fayette, KY Metro Area",1466,1062,136,10,107,151
310M300US30620,30620,"Lima, OH Metro Area",221,153,31,29,8,0
310M300US30700,30700,"Lincoln, NE Metro Area",1738,1264,238,86,150,0
310M300US30780,30780,"Little Rock-North Little Rock-Conway, AR Metro Area",2105,1602,166,254,83,0
310M300US30860,30860,"Logan, UT-ID Metro Area",641,508,39,58,21,15
310M300US30980,30980,"Longview, TX Metro Area",830,689,21,94,26,0
310M300US31020,31020,"Longview, WA Metro Area",1241,991,165,45,40,0
310M300US31080,31080,"Los Angeles-Long Beach-Anaheim, CA Metro Area",81669,71543,7579,1267,606,674
310M300US31140,31140,"Louisville/Jefferson County, KY-IN Metro Area",2294,1723,440,99,32,0
310M300US31180,31180,"Lubbock, TX Metro Area",2961,1872,759,225,67,38
310M300US31340,31340,"Lynchburg, VA Metro Area",503,455,27,9,0,12
310M300US31420,31420,"Macon-Bibb County, GA Metro Area",363,293,16,54,0,0
310M300US31460,31460,"Madera, CA Metro Area",2540,2008,196,336,0,0
310M300US31540,31540,"Madison, WI Metro Area",1777,1300,195,141,36,105
310M300US31700,31700,"Manchester-Nashua, NH Metro Area",458,348,95,5,7,3
310M300US31740,31740,"Manhattan, KS Metro Area",703,574,46,41,21,21
310M300US31860,31860,"Mankato-North Mankato, MN Metro Area",257,188,37,4,18,10
310M300US31900,31900,"Mansfield, OH Metro Area",176,83,27,62,4,0
310M300US32580,32580,"McAllen-Edinburg-Mission, TX Metro Area",1683,1417,198,38,30,0
310M300US32780,32780,"Medford, OR Metro Area",1822,1363,227,50,182,0
310M300US32820,32820,"Memphis, TN-MS-AR Metro Area",2421,2098,182,48,55,38
310M300US32900,32900,"Merced, CA Metro Area",1826,1557,166,90,13,0
310M300US33100,33100,"Miami-Fort Lauderdale-West Palm Beach, FL Metro Area",11252,9216,1184,333,162,357
310M300US33140,33140,"Michigan City-La Porte, IN Metro Area",313,231,58,6,18,0
310M300US33220,33220,"Midland, MI Metro Area",387,294,47,32,0,14
310M300US33260,33260,"Midland, TX Metro Area",822,688,85,12,37,0
310M300US33340,33340,"Milwaukee-Waukesha-West Allis, WI Metro Area",6550,5576,731,149,92,2
310M300US33460,33460,"Minneapolis-St. Paul-Bloomington, MN-WI Metro Area",20141,15302,2557,1560,589,133
310M300US33540,33540,"Missoula, MT Metro Area",2987,2120,251,528,88,0
310M300US33660,33660,"Mobile, AL Metro Area",2535,2381,134,0,20,0
310M300US33700,33700,"Modesto, CA Metro Area",3756,2952,643,161,0,0
310M300US33740,33740,"Monroe, LA Metro Area",377,275,88,14,0,0
310M300US33780,33780,"Monroe, MI Metro Area",586,533,1,32,20,0
310M300US33860,33860,"Montgomery, AL Metro Area",852,569,176,76,31,0
310M300US34060,34060,"Morgantown, WV Metro Area",290,240,31,0,19,0
310M300US34100,34100,"Morristown, TN Metro Area",203,195,0,0,8,0
310M300US34580,34580,"Mount Vernon-Anacortes, WA Metro Area",2007,1627,227,110,42,1
310M300US34620,34620,"Muncie, IN Metro Area",88,53,17,18,0,0
310M300US34740,34740,"Muskegon, MI Metro Area",1083,834,148,88,13,0
310M300US34820,34820,"Myrtle Beach-Conway-North Myrtle Beach, SC-NC Metro Area",1931,1765,34,38,94,0
310M300US34900,34900,"Napa, CA Metro Area",1226,738,335,84,0,69
310M300US34940,34940,"Naples-Immokalee-Marco Island, FL Metro Area",1063,918,37,21,5,82
310M300US34980,34980,"Nashville-Davidson--Murfreesboro--Franklin, TN Metro Area",5177,4419,332,153,219,54
310M300US35100,35100,"New Bern, NC Metro Area",874,453,0,127,294,0
310M300US35300,35300,"New Haven-Milford, CT Metro Area",1165,1001,91,31,37,5
310M300US35380,35380,"New Orleans-Metairie, LA Metro Area",4289,3734,310,61,176,8
310M300US35620,35620,"New York-Newark-Jersey City, NY-NJ-PA Metro Area",61774,55216,3519,1150,1029,860
310M300US35660,35660,"Niles-Benton Harbor, MI Metro Area",478,388,66,10,0,14
310M300US35840,35840,"North Port-Sarasota-Bradenton, FL Metro Area",1745,1582,142,15,6,0
310M300US35980,35980,"Norwich-New London, CT Metro Area",1710,1494,89,6,119,2
310M300US36100,36100,"Ocala, FL Metro Area",1080,797,236,40,7,0
310M300US36140,36140,"Ocean City, NJ Metro Area",37,37,0,0,0,0
310M300US36220,36220,"Odessa, TX Metro Area",793,634,81,72,0,6
310M300US36260,36260,"Ogden-Clearfield, UT Metro Area",3646,2740,425,258,192,31
310M300US36420,36420,"Oklahoma City, OK Metro Area",45769,37117,4617,3260,679,96
310M300US36500,36500,"Olympia-Tumwater, WA Metro Area",3951,3465,238,187,35,26
310M300US36540,36540,"Omaha-Council Bluffs, NE-IA Metro Area",3836,3082,377,181,170,26
310M300US36740,36740,"Orlando-Kissimmee-Sanford, FL Metro Area",6011,4750,394,202,587,78
310M300US36780,36780,"Oshkosh-Neenah, WI Metro Area",961,807,71,62,21,0
310M300US36980,36980,"Owensboro, KY Metro Area",215,206,0,0,9,0
310M300US37100,37100,"Oxnard-Thousand Oaks-Ventura, CA Metro Area",6814,5784,520,311,49,150
310M300US37340,37340,"Palm Bay-Melbourne-Titusville, FL Metro Area",1878,1503,183,133,36,23
310M300US37460,37460,"Panama City, FL Metro Area",1408,1114,207,44,37,6
310M300US37620,37620,"Parkersburg-Vienna, WV Metro Area",115,106,9,0,0,0
310M300US37860,37860,"Pensacola-Ferry Pass-Brent, FL Metro Area",2271,1782,319,99,71,0
310M300US37900,37900,"Peoria, IL Metro Area",664,528,35,41,60,0
310M300US37980,37980,"Philadelphia-Camden-Wilmington, PA-NJ-DE-MD Metro Area",12286,10537,1096,351,245,57
310M300US38060,38060,"Phoenix-Mesa-Scottsdale, AZ Metro Area",97814,76814,14660,3337,2723,280
310M300US38220,38220,"Pine Bluff, AR Metro Area",258,241,0,2,15,0
310M300US38300,38300,"Pittsburgh, PA Metro Area",2252,1641,195,241,108,67
310M300US38340,38340,"Pittsfield, MA Metro Area",392,340,52,0,0,0
310M300US38540,38540,"Pocatello, ID Metro Area",2505,2019,186,230,60,10
310M300US38860,38860,"Portland-South Portland, ME Metro Area",1508,1240,142,116,10,0
310M300US38900,38900,"Portland-Vancouver-Hillsboro, OR-WA Metro Area",17917,14282,1581,1134,824,96
310M300US38940,38940,"Port St. Lucie, FL Metro Area",1834,1368,302,94,0,70
310M300US39140,39140,"Prescott, AZ Metro Area",3753,2847,430,375,101,0
310M300US39300,39300,"Providence-Warwick, RI-MA Metro Area",5762,4552,969,95,92,54
310M300US39340,39340,"Provo-Orem, UT Metro Area",2974,2489,194,124,159,8
310M300US39380,39380,"Pueblo, CO Metro Area",5749,4269,1186,165,129,0
310M300US39460,39460,"Punta Gorda, FL Metro Area",508,483,17,8,0,0
310M300US39540,39540,"Racine, WI Metro Area",993,926,38,22,7,0
310M300US39580,39580,"Raleigh, NC Metro Area",5465,3982,864,337,276,6
310M300US39660,39660,"Rapid City, SD Metro Area",10474,7535,1187,1391,327,34
310M300US39740,39740,"Reading, PA Metro Area",3628,3107,414,98,9,0
310M300US39820,39820,"Redding, CA Metro Area",4350,3586,494,163,101,6
310M300US39900,39900,"Reno, NV Metro Area",7167,5952,816,87,183,129
310M300US40060,40060,"Richmond, VA Metro Area",4071,3281,453,209,128,0
310M300US40140,40140,"Riverside-San Bernardino-Ontario, CA Metro Area",36427,30202,3745,1631,624,225
310M300US40220,40220,"Roanoke, VA Metro Area",547,391,5,100,51,0
310M300US40340,40340,"Rochester, MN Metro Area",544,380,109,15,15,25
310M300US40380,40380,"Rochester, NY Metro Area",4005,2792,855,238,28,92
310M300US40420,40420,"Rockford, IL Metro Area",1006,756,73,11,14,152
310M300US40580,40580,"Rocky Mount, NC Metro Area",702,538,26,117,21,0
310M300US40660,40660,"Rome, GA Metro Area",103,67,30,6,0,0
310M300US40900,40900,"Sacramento--Roseville--Arden-Arcade, CA Metro Area",15034,12007,1989,589,402,47
310M300US40980,40980,"Saginaw, MI Metro Area",562,452,85,18,7,0
310M300US41060,41060,"St. Cloud, MN Metro Area",611,296,214,80,21,0
310M300US41100,41100,"St. George, UT Metro Area",2149,1744,268,39,98,0
310M300US41140,41140,"St. Joseph, MO-KS Metro Area",507,309,124,74,0,0
310M300US41180,41180,"St. Louis, MO-IL Metro Area",5585,4493,459,249,328,56
310M300US41420,41420,"Salem, OR Metro Area",4058,3064,573,282,109,30
310M300US41500,41500,"Salinas, CA Metro Area",2871,2564,99,167,41,0
310M300US41540,41540,"Salisbury, MD-DE Metro Area",1320,1003,254,60,0,3
310M300US41620,41620,"Salt Lake City, UT Metro Area",8764,7017,1012,426,309,0
310M300US41660,41660,"San Angelo, TX Metro Area",392,246,85,26,35,0
310M300US41700,41700,"San Antonio-New Braunfels, TX Metro Area",13704,10837,2108,520,148,91
310M300US41740,41740,"San Diego-Carlsbad, CA Metro Area",20714,17123,2572,348,399,272
310M300US41860,41860,"San Francisco-Oakland-Hayward, CA Metro Area",21902,18582,1681,1131,288,220
310M300US41940,41940,"San Jose-Sunnyvale-Santa Clara, CA Metro Area",9588,8365,915,208,100,0
310M300US42020,42020,"San Luis Obispo-Paso Robles-Arroyo Grande, CA Metro Area",2041,1704,74,199,21,43
310M300US42100,42100,"Santa Cruz-Watsonville, CA Metro Area",1507,1373,66,68,0,0
310M300US42140,42140,"Santa Fe, NM Metro Area",5079,4366,304,227,173,9
310M300US42200,42200,"Santa Maria-Santa Barbara, CA Metro Area",3850,3189,445,161,55,0
310M300US42220,42220,"Santa Rosa, CA Metro Area",5730,4876,659,68,127,0
310M300US42340,42340,"Savannah, GA Metro Area",1139,740,171,49,112,67
310M300US42540,42540,"Scranton--Wilkes-Barre--Hazleton, PA Metro Area",940,829,82,13,16,0
310M300US42660,42660,"Seattle-Tacoma-Bellevue, WA Metro Area",31320,24841,3961,1169,1218,131
310M300US42680,42680,"Sebastian-Vero Beach, FL Metro Area",370,303,33,34,0,0
310M300US42700,42700,"Sebring, FL Metro Area",319,284,4,16,15,0
310M300US43100,43100,"Sheboygan, WI Metro Area",262,192,9,46,15,0
310M300US43300,43300,"Sherman-Denison, TX Metro Area",1664,1335,181,125,23,0
310M300US43340,43340,"Shreveport-Bossier City, LA Metro Area",2282,2058,63,75,53,33
310M300US43420,43420,"Sierra Vista-Douglas, AZ Metro Area",1517,1117,97,171,111,21
310M300US43580,43580,"Sioux City, IA-NE-SD Metro Area",2584,1909,377,147,146,5
310M300US43620,43620,"Sioux Falls, SD Metro Area",4641,2840,1108,483,210,0
310M300US43780,43780,"South Bend-Mishawaka, IN-MI Metro Area",1730,1561,93,53,20,3
310M300US43900,43900,"Spartanburg, SC Metro Area",505,424,53,18,10,0
310M300US44060,44060,"Spokane-Spokane Valley, WA Metro Area",9033,7439,775,466,276,77
310M300US44100,44100,"Springfield, IL Metro Area",179,136,18,0,0,25
310M300US44140,44140,"Springfield, MA Metro Area",1730,1293,303,80,29,25
310M300US44180,44180,"Springfield, MO Metro Area",2376,1922,163,168,107,16
310M300US44220,44220,"Springfield, OH Metro Area",276,164,84,17,11,0
310M300US44300,44300,"State College, PA Metro Area",206,126,76,4,0,0
310M300US44420,44420,"Staunton-Waynesboro, VA Metro Area",396,354,8,12,22,0
310M300US44700,44700,"Stockton-Lodi, CA Metro Area",4304,3375,687,207,28,7
310M300US44940,44940,"Sumter, SC Metro Area",336,296,38,0,2,0
310M300US45060,45060,"Syracuse, NY Metro Area",3087,2609,357,116,5,0
310M300US45220,45220,"Tallahassee, FL Metro Area",940,614,191,120,8,7
310M300US45300,45300,"Tampa-St. Petersburg-Clearwater, FL Metro Area",9052,7419,866,329,280,158
310M300US45460,45460,"Terre Haute, IN Metro Area",303,259,6,1,14,23
310M300US45500,45500,"Texarkana, TX-AR Metro Area",1497,1275,53,61,108,0
310M300US45540,45540,"The Villages, FL Metro Area",371,307,0,22,42,0
310M300US45780,45780,"Toledo, OH Metro Area",1460,932,242,150,113,23
310M300US45820,45820,"Topeka, KS Metro Area",2523,2041,278,160,44,0
310M300US45940,45940,"Trenton, NJ Metro Area",322,289,8,25,0,0
310M300US46060,46060,"Tucson, AZ Metro Area",34317,26152,6377,994,605,189
310M300US46140,46140,"Tulsa, OK Metro Area",68265,56871,6690,4015,649,40
310M300US46220,46220,"Tuscaloosa, AL Metro Area",393,164,167,50,12,0
310M300US46340,46340,"Tyler, TX Metro Area",778,633,29,17,84,15
310M300US46520,46520,"Urban Honolulu, HI Metro Area",1367,943,272,2,131,19
310M300US46540,46540,"Utica-Rome, NY Metro Area",592,509,35,43,5,0
310M300US46660,46660,"Valdosta, GA Metro Area",293,223,21,25,18,6
310M300US46700,46700,"Vallejo-Fairfield, CA Metro Area",2097,1655,346,91,5,0
310M300US47020,47020,"Victoria, TX Metro Area",255,212,43,0,0,0
310M300US47220,47220,"Vineland-Bridgeton, NJ Metro Area",1229,1049,133,44,3,0
310M300US47260,47260,"Virginia Beach-Norfolk-Newport News, VA-NC Metro Area",4906,4121,258,262,204,61
310M300US47300,47300,"Visalia-Porterville, CA Metro Area",5717,4789,752,161,15,0
310M300US47380,47380,"Waco, TX Metro Area",1206,876,250,27,53,0
310M300US47460,47460,"Walla Walla, WA Metro Area",590,500,68,18,4,0
310M300US47580,47580,"Warner Robins, GA Metro Area",642,574,68,0,0,0
310M300US47900,47900,"Washington-Arlington-Alexandria, DC-VA-MD-WV Metro Area",18077,15253,1392,363,653,416
310M300US47940,47940,"Waterloo-Cedar Falls, IA Metro Area",496,460,21,0,15,0
310M300US48060,48060,"Watertown-Fort Drum, NY Metro Area",710,601,40,11,30,28
310M300US48140,48140,"Wausau, WI Metro Area",419,274,140,5,0,0
310M300US48260,48260,"Weirton-Steubenville, WV-OH Metro Area",143,127,14,0,2,0
310M300US48300,48300,"Wenatchee, WA Metro Area",1082,926,46,63,47,0
310M300US48540,48540,"Wheeling, WV-OH Metro Area",397,348,9,40,0,0
310M300US48620,48620,"Wichita, KS Metro Area",5552,4547,723,136,146,0
310M300US48660,48660,"Wichita Falls, TX Metro Area",1502,1186,189,81,36,10
310M300US48700,48700,"Williamsport, PA Metro Area",173,160,6,7,0,0
310M300US48900,48900,"Wilmington, NC Metro Area",862,590,152,48,56,16
310M300US49020,49020,"Winchester, VA-WV Metro Area",431,400,0,10,21,0
310M300US49180,49180,"Winston-Salem, NC Metro Area",1877,1551,194,54,7,71
310M300US49340,49340,"Worcester, MA-CT Metro Area",2600,2101,344,21,77,57
310M300US49420,49420,"Yakima, WA Metro Area",9911,8879,850,115,59,8
310M300US49620,49620,"York-Hanover, PA Metro Area",485,363,85,29,8,0
310M300US49660,49660,"Youngstown-Warren-Boardman, OH-PA Metro Area",1050,893,141,0,16,0
310M300US49700,49700,"Yuba City, CA Metro Area",1886,1436,265,66,105,14
310M300US49740,49740,"Yuma, AZ Metro Area",2589,2039,158,206,186,0
