GEO.id,GEO.id2,GEO.display-label,HD01_VD01,HD01_VD02,HD01_VD03,HD01_VD04,HD01_VD05,HD01_VD06
Id,Id2,Geography,Estimate; Total:,Estimate; Total: - Same house 1 year ago,Estimate; Total: - Moved within same county,Estimate; Total: - Moved from different county within same state,Estimate; Total: - Moved from different state,Estimate; Total: - Moved from abroad
310M200US10180,10180,"Abilene, TX Metro Area",2350,1813,244,150,107,36
310M200US10420,10420,"Akron, OH Metro Area",14815,11609,991,692,315,1208
310M200US10500,10500,"Albany, GA Metro Area",1530,1194,64,153,44,75
310M200US10540,10540,"Albany, OR Metro Area",1161,828,169,121,34,9
310M200US10580,10580,"Albany-Schenectady-Troy, NY Metro Area",29201,22753,1813,1645,1745,1245
310M200US10740,10740,"Albuquerque, NM Metro Area",17759,15345,1618,52,386,358
310M200US10780,10780,"Alexandria, LA Metro Area",1762,1534,15,27,43,143
310M200US10900,10900,"Allentown-Bethlehem-Easton, PA-NJ Metro Area",21264,17870,1209,850,940,395
310M200US11020,11020,"Altoona, PA Metro Area",940,879,25,0,17,19
310M200US11100,11100,"Amarillo, TX Metro Area",6710,5424,535,299,125,327
310M200US11180,11180,"Ames, IA Metro Area",5617,2919,1269,190,171,1068
310M200US11260,11260,"Anchorage, AK Metro Area",25096,20386,2486,251,1370,603
310M200US11460,11460,"Ann Arbor, MI Metro Area",27577,18810,3589,1622,1245,2311
310M200US11500,11500,"Anniston-Oxford-Jacksonville, AL Metro Area",854,685,46,100,0,23
310M200US11540,11540,"Appleton, WI Metro Area",6377,5399,341,243,153,241
310M200US11700,11700,"Asheville, NC Metro Area",3836,3355,80,65,150,186
310M200US12020,12020,"Athens-Clarke County, GA Metro Area",6434,4700,470,787,207,270
310M200US12060,12060,"Atlanta-Sandy Springs-Roswell, GA Metro Area",265352,212603,21370,10581,10247,10551
310M200US12100,12100,"Atlantic City-Hammonton, NJ Metro Area",21375,18110,1577,262,565,861
310M200US12220,12220,"Auburn-Opelika, AL Metro Area",4140,2599,591,52,477,421
310M200US12260,12260,"Augusta-Richmond County, GA-SC Metro Area",10001,8438,548,202,454,359
310M200US12420,12420,"Austin-Round Rock, TX Metro Area",86482,64957,9724,4078,4228,3495
310M200US12540,12540,"Bakersfield, CA Metro Area",35913,29706,3895,1056,462,794
310M200US12580,12580,"Baltimore-Columbia-Towson, MD Metro Area",128212,105337,9393,4223,5206,4053
310M200US12620,12620,"Bangor, ME Metro Area",1413,1021,183,34,34,141
310M200US12700,12700,"Barnstable Town, MA Metro Area",2409,2079,109,28,116,77
310M200US12940,12940,"Baton Rouge, LA Metro Area",14752,11549,1758,217,450,778
310M200US12980,12980,"Battle Creek, MI Metro Area",2256,1843,193,38,116,66
310M200US13020,13020,"Bay City, MI Metro Area",600,525,35,0,18,22
310M200US13140,13140,"Beaumont-Port Arthur, TX Metro Area",10296,9026,517,329,208,216
310M200US13220,13220,"Beckley, WV Metro Area",921,879,0,0,8,34
310M200US13380,13380,"Bellingham, WA Metro Area",7943,6308,814,491,119,211
310M200US13460,13460,"Bend-Redmond, OR Metro Area",1856,1394,259,174,0,29
310M200US13740,13740,"Billings, MT Metro Area",1145,705,31,79,254,76
310M200US13780,13780,"Binghamton, NY Metro Area",7627,5581,627,656,389,374
310M200US13820,13820,"Birmingham-Hoover, AL Metro Area",14526,11710,871,854,667,424
310M200US13900,13900,"Bismarck, ND Metro Area",507,492,0,5,0,10
310M200US13980,13980,"Blacksburg-Christiansburg-Radford, VA Metro Area",6006,3575,1041,727,282,381
310M200US14010,14010,"Bloomington, IL Metro Area",7570,5088,666,383,728,705
310M200US14020,14020,"Bloomington, IN Metro Area",7905,4055,1668,343,724,1115
310M200US14100,14100,"Bloomsburg-Berwick, PA Metro Area",1095,761,116,117,35,66
310M200US14260,14260,"Boise City, ID Metro Area",12058,9355,1332,485,369,517
310M200US14460,14460,"Boston-Cambridge-Newton, MA-NH Metro Area",306244,242082,26509,11052,12176,14425
310M200US14500,14500,"Boulder, CO Metro Area",12189,9012,1108,693,668,708
310M200US14540,14540,"Bowling Green, KY Metro Area",3227,2511,316,35,186,179
310M200US14740,14740,"Bremerton-Silverdale, WA Metro Area",11773,10099,545,150,396,583
310M200US14860,14860,"Bridgeport-Stamford-Norwalk, CT Metro Area",43120,35078,3367,363,2359,1953
310M200US15180,15180,"Brownsville-Harlingen, TX Metro Area",2626,2075,346,20,102,83
310M200US15260,15260,"Brunswick, GA Metro Area",1229,931,230,67,0,1
310M200US15380,15380,"Buffalo-Cheektowaga-Niagara Falls, NY Metro Area",27501,19155,3650,1227,983,2486
310M200US15500,15500,"Burlington, NC Metro Area",2060,1420,81,0,77,482
310M200US15540,15540,"Burlington-South Burlington, VT Metro Area",4724,3881,428,80,209,126
310M200US15680,15680,"California-Lexington Park, MD Metro Area",2466,2198,92,53,61,62
310M200US15940,15940,"Canton-Massillon, OH Metro Area",2943,2397,170,64,203,109
310M200US15980,15980,"Cape Coral-Fort Myers, FL Metro Area",9550,8155,546,445,315,89
310M200US16020,16020,"Cape Girardeau, MO-IL Metro Area",1037,698,106,83,16,134
310M200US16060,16060,"Carbondale-Marion, IL Metro Area",2449,1656,278,220,230,65
310M200US16180,16180,"Carson City, NV Metro Area",1225,1090,29,19,87,0
310M200US16220,16220,"Casper, WY Metro Area",589,307,60,105,41,76
310M200US16300,16300,"Cedar Rapids, IA Metro Area",3883,2840,535,68,174,266
310M200US16540,16540,"Chambersburg-Waynesboro, PA Metro Area",1348,1136,68,25,10,109
310M200US16580,16580,"Champaign-Urbana, IL Metro Area",18822,10348,4057,1171,992,2254
310M200US16620,16620,"Charleston, WV Metro Area",2000,1684,53,22,62,179
310M200US16700,16700,"Charleston-North Charleston, SC Metro Area",11079,9153,722,247,717,240
310M200US16740,16740,"Charlotte-Concord-Gastonia, NC-SC Metro Area",63673,51109,5653,1618,2802,2491
310M200US16820,16820,"Charlottesville, VA Metro Area",7491,5055,655,891,410,480
310M200US16860,16860,"Chattanooga, TN-GA Metro Area",7846,6619,526,100,495,106
310M200US16940,16940,"Cheyenne, WY Metro Area",1066,542,343,23,70,88
310M200US16980,16980,"Chicago-Naperville-Elgin, IL-IN-WI Metro Area",545361,454144,48024,11657,12754,18782
310M200US17020,17020,"Chico, CA Metro Area",9390,7442,1407,379,88,74
310M200US17140,17140,"Cincinnati, OH-KY-IN Metro Area",42234,32943,3379,1342,2253,2317
310M200US17300,17300,"Clarksville, TN-KY Metro Area",4770,4057,96,32,382,203
310M200US17420,17420,"Cleveland, TN Metro Area",985,856,20,33,76,0
310M200US17460,17460,"Cleveland-Elyria, OH Metro Area",41310,32901,4092,468,1847,2002
310M200US17660,17660,"Coeur d'Alene, ID Metro Area",1133,1042,74,2,0,15
310M200US17780,17780,"College Station-Bryan, TX Metro Area",11021,6568,2082,622,402,1347
310M200US17820,17820,"Colorado Springs, CO Metro Area",16611,13372,1419,364,869,587
310M200US17860,17860,"Columbia, MO Metro Area",6290,4140,984,222,239,705
310M200US17900,17900,"Columbia, SC Metro Area",13524,10143,975,598,1022,786
310M200US17980,17980,"Columbus, GA-AL Metro Area",5515,4305,241,124,748,97
310M200US18020,18020,"Columbus, IN Metro Area",3120,2149,290,40,240,401
310M200US18140,18140,"Columbus, OH Metro Area",59971,47337,6135,1410,2845,2244
310M200US18580,18580,"Corpus Christi, TX Metro Area",6547,5275,445,208,341,278
310M200US18700,18700,"Corvallis, OR Metro Area",4720,2994,477,394,187,668
310M200US18880,18880,"Crestview-Fort Walton Beach-Destin, FL Metro Area",6432,5706,309,58,340,19
310M200US19060,19060,"Cumberland, MD-WV Metro Area",649,447,68,59,17,58
310M200US19100,19100,"Dallas-Fort Worth-Arlington, TX Metro Area",357973,290992,29085,12268,12692,12936
310M200US19140,19140,"Dalton, GA Metro Area",1032,812,0,106,54,60
310M200US19180,19180,"Danville, IL Metro Area",633,603,20,0,10,0
310M200US19300,19300,"Daphne-Fairhope-Foley, AL Metro Area",1331,976,76,50,7,222
310M200US19340,19340,"Davenport-Moline-Rock Island, IA-IL Metro Area",6209,4998,492,54,334,331
310M200US19380,19380,"Dayton, OH Metro Area",15931,12577,1282,238,855,979
310M200US19460,19460,"Decatur, AL Metro Area",853,840,13,0,0,0
310M200US19500,19500,"Decatur, IL Metro Area",1251,1077,76,73,10,15
310M200US19660,19660,"Deltona-Daytona Beach-Ormond Beach, FL Metro Area",10275,8706,582,104,676,207
310M200US19740,19740,"Denver-Aurora-Lakewood, CO Metro Area",95486,77533,7330,5409,2343,2871
310M200US19780,19780,"Des Moines-West Des Moines, IA Metro Area",18072,14531,1535,659,621,726
310M200US19820,19820,"Detroit-Warren-Dearborn, MI Metro Area",148482,123446,10663,4264,3369,6740
310M200US20020,20020,"Dothan, AL Metro Area",1256,1081,43,104,4,24
310M200US20100,20100,"Dover, DE Metro Area",3373,3023,152,42,139,17
310M200US20220,20220,"Dubuque, IA Metro Area",1102,804,67,11,107,113
310M200US20260,20260,"Duluth, MN-WI Metro Area",2541,1841,179,329,72,120
310M200US20500,20500,"Durham-Chapel Hill, NC Metro Area",22587,14938,2915,1401,1651,1682
310M200US20700,20700,"East Stroudsburg, PA Metro Area",3608,3300,27,85,45,151
310M200US20740,20740,"Eau Claire, WI Metro Area",3895,3222,310,222,125,16
310M200US20940,20940,"El Centro, CA Metro Area",2540,2278,120,81,50,11
310M200US21060,21060,"Elizabethtown-Fort Knox, KY Metro Area",2525,1847,89,106,379,104
310M200US21140,21140,"Elkhart-Goshen, IN Metro Area",1943,1704,1,16,145,77
310M200US21300,21300,"Elmira, NY Metro Area",1053,862,50,29,87,25
310M200US21340,21340,"El Paso, TX Metro Area",8701,6671,899,206,724,201
310M200US21500,21500,"Erie, PA Metro Area",3479,2483,433,122,257,184
310M200US21660,21660,"Eugene, OR Metro Area",8638,5494,1783,342,375,644
310M200US21780,21780,"Evansville, IN-KY Metro Area",2739,1888,128,383,295,45
310M200US21820,21820,"Fairbanks, AK Metro Area",2431,1776,233,9,285,128
310M200US22020,22020,"Fargo, ND-MN Metro Area",4309,3003,748,75,179,304
310M200US22140,22140,"Farmington, NM Metro Area",444,373,58,5,8,0
310M200US22180,22180,"Fayetteville, NC Metro Area",7812,6184,508,153,646,321
310M200US22220,22220,"Fayetteville-Springdale-Rogers, AR-MO Metro Area",12249,8499,1354,348,807,1241
310M200US22380,22380,"Flagstaff, AZ Metro Area",1929,1193,234,109,179,214
310M200US22420,22420,"Flint, MI Metro Area",3900,2952,405,330,49,164
310M200US22500,22500,"Florence, SC Metro Area",1670,1438,12,14,103,103
310M200US22520,22520,"Florence-Muscle Shoals, AL Metro Area",960,747,156,10,5,42
310M200US22540,22540,"Fond du Lac, WI Metro Area",1045,595,227,47,14,162
310M200US22660,22660,"Fort Collins, CO Metro Area",5730,3894,855,227,512,242
310M200US22900,22900,"Fort Smith, AR-OK Metro Area",6898,5803,772,166,110,47
310M200US23060,23060,"Fort Wayne, IN Metro Area",9942,8110,927,136,313,456
310M200US23420,23420,"Fresno, CA Metro Area",89096,72727,12469,1815,910,1175
310M200US23460,23460,"Gadsden, AL Metro Area",682,542,21,12,107,0
310M200US23540,23540,"Gainesville, FL Metro Area",13714,8260,2316,835,774,1529
310M200US23580,23580,"Gainesville, GA Metro Area",3299,2735,339,88,72,65
310M200US23900,23900,"Gettysburg, PA Metro Area",748,462,130,19,104,33
310M200US24020,24020,"Glens Falls, NY Metro Area",845,663,41,53,12,76
310M200US24140,24140,"Goldsboro, NC Metro Area",1064,861,74,0,18,111
310M200US24220,24220,"Grand Forks, ND-MN Metro Area",1642,1033,95,99,61,354
310M200US24260,24260,"Grand Island, NE Metro Area",737,698,11,28,0,0
310M200US24300,24300,"Grand Junction, CO Metro Area",967,786,32,68,56,25
310M200US24340,24340,"Grand Rapids-Wyoming, MI Metro Area",21835,18253,1684,500,473,925
310M200US24420,24420,"Grants Pass, OR Metro Area",533,466,35,10,0,22
310M200US24500,24500,"Great Falls, MT Metro Area",593,395,52,0,100,46
310M200US24540,24540,"Greeley, CO Metro Area",3445,3132,78,117,111,7
310M200US24580,24580,"Green Bay, WI Metro Area",7154,5947,757,65,201,184
310M200US24660,24660,"Greensboro-High Point, NC Metro Area",22304,18968,1268,768,514,786
310M200US24780,24780,"Greenville, NC Metro Area",2792,1762,469,180,261,120
310M200US24860,24860,"Greenville-Anderson-Mauldin, SC Metro Area",12783,10205,1091,574,503,410
310M200US25060,25060,"Gulfport-Biloxi-Pascagoula, MS Metro Area",8947,7948,462,53,341,143
310M200US25180,25180,"Hagerstown-Martinsburg, MD-WV Metro Area",3250,2446,250,85,430,39
310M200US25220,25220,"Hammond, LA Metro Area",842,749,35,58,0,0
310M200US25260,25260,"Hanford-Corcoran, CA Metro Area",5569,4385,594,292,11,287
310M200US25420,25420,"Harrisburg-Carlisle, PA Metro Area",15781,12993,1050,450,649,639
310M200US25500,25500,"Harrisonburg, VA Metro Area",2352,1436,409,143,358,6
310M200US25540,25540,"Hartford-West Hartford-East Hartford, CT Metro Area",49289,39914,3478,1455,2370,2072
310M200US25620,25620,"Hattiesburg, MS Metro Area",1379,1042,69,145,69,54
310M200US25860,25860,"Hickory-Lenoir-Morganton, NC Metro Area",9048,8136,506,262,99,45
310M200US25940,25940,"Hilton Head Island-Bluffton-Beaufort, SC Metro Area",1983,1686,108,0,154,35
310M200US25980,25980,"Hinesville, GA Metro Area",1435,1108,20,40,238,29
310M200US26140,26140,"Homosassa Springs, FL Metro Area",2084,1856,59,25,103,41
310M200US26300,26300,"Hot Springs, AR Metro Area",877,749,50,0,64,14
310M200US26380,26380,"Houma-Thibodaux, LA Metro Area",1858,1658,38,37,120,5
310M200US26420,26420,"Houston-The Woodlands-Sugar Land, TX Metro Area",405533,342514,29461,10758,10424,12376
310M200US26580,26580,"Huntington-Ashland, WV-KY-OH Metro Area",1881,1492,104,12,147,126
310M200US26620,26620,"Huntsville, AL Metro Area",9262,7187,973,232,605,265
310M200US26820,26820,"Idaho Falls, ID Metro Area",767,583,46,79,22,37
310M200US26900,26900,"Indianapolis-Carmel-Anderson, IN Metro Area",41153,33446,2824,1481,1541,1861
310M200US26980,26980,"Iowa City, IA Metro Area",7393,4780,1210,180,396,827
310M200US27060,27060,"Ithaca, NY Metro Area",9612,4969,1825,326,612,1880
310M200US27100,27100,"Jackson, MI Metro Area",1087,904,17,48,62,56
310M200US27140,27140,"Jackson, MS Metro Area",6066,4937,315,304,234,276
310M200US27180,27180,"Jackson, TN Metro Area",1173,573,66,28,386,120
310M200US27260,27260,"Jacksonville, FL Metro Area",46994,38566,4350,770,1757,1551
310M200US27340,27340,"Jacksonville, NC Metro Area",3452,2630,247,43,326,206
310M200US27500,27500,"Janesville-Beloit, WI Metro Area",1716,1296,270,82,41,27
310M200US27620,27620,"Jefferson City, MO Metro Area",1212,820,164,24,98,106
310M200US27740,27740,"Johnson City, TN Metro Area",1874,1369,285,32,131,57
310M200US27780,27780,"Johnstown, PA Metro Area",721,530,69,67,21,34
310M200US27860,27860,"Jonesboro, AR Metro Area",1129,877,92,39,24,97
310M200US27900,27900,"Joplin, MO Metro Area",1845,1400,111,67,170,97
310M200US27980,27980,"Kahului-Wailuku-Lahaina, HI Metro Area",40972,36913,3044,505,182,328
310M200US28020,28020,"Kalamazoo-Portage, MI Metro Area",6338,4870,544,564,109,251
310M200US28100,28100,"Kankakee, IL Metro Area",1155,984,82,60,20,9
310M200US28140,28140,"Kansas City, MO-KS Metro Area",47502,38089,3784,1001,2857,1771
310M200US28420,28420,"Kennewick-Richland, WA Metro Area",6406,5321,230,84,299,472
310M200US28660,28660,"Killeen-Temple, TX Metro Area",10616,8545,857,206,630,378
310M200US28700,28700,"Kingsport-Bristol-Bristol, TN-VA Metro Area",1573,1422,3,19,90,39
310M200US28740,28740,"Kingston, NY Metro Area",3250,2913,208,48,0,81
310M200US28940,28940,"Knoxville, TN Metro Area",10904,8999,614,133,786,372
310M200US29020,29020,"Kokomo, IN Metro Area",930,769,11,105,37,8
310M200US29100,29100,"La Crosse-Onalaska, WI-MN Metro Area",4922,4161,442,126,82,111
310M200US29180,29180,"Lafayette, LA Metro Area",6816,5588,732,141,223,132
310M200US29200,29200,"Lafayette-West Lafayette, IN Metro Area",11383,5348,2815,516,710,1994
310M200US29340,29340,"Lake Charles, LA Metro Area",2262,1845,311,0,82,24
310M200US29420,29420,"Lake Havasu City-Kingman, AZ Metro Area",2075,1919,56,19,66,15
310M200US29460,29460,"Lakeland-Winter Haven, FL Metro Area",9974,8940,507,369,100,58
310M200US29540,29540,"Lancaster, PA Metro Area",10094,8885,325,248,181,455
310M200US29620,29620,"Lansing-East Lansing, MI Metro Area",17729,11220,2361,802,515,2831
310M200US29700,29700,"Laredo, TX Metro Area",1458,1359,62,0,17,20
310M200US29740,29740,"Las Cruces, NM Metro Area",2378,1707,227,52,208,184
310M200US29820,29820,"Las Vegas-Henderson-Paradise, NV Metro Area",173049,137171,25261,315,6739,3563
310M200US29940,29940,"Lawrence, KS Metro Area",4444,2562,813,315,183,571
310M200US30020,30020,"Lawton, OK Metro Area",2718,1739,380,40,374,185
310M200US30140,30140,"Lebanon, PA Metro Area",1455,1334,35,41,30,15
310M200US30300,30300,"Lewiston, ID-WA Metro Area",558,369,12,7,120,50
310M200US30340,30340,"Lewiston-Auburn, ME Metro Area",862,689,48,47,60,18
310M200US30460,30460,"Lexington-Fayette, KY Metro Area",11725,8189,1659,319,632,926
310M200US30620,30620,"Lima, OH Metro Area",792,693,42,9,0,48
310M200US30700,30700,"Lincoln, NE Metro Area",10723,8025,1213,290,289,906
310M200US30780,30780,"Little Rock-North Little Rock-Conway, AR Metro Area",10475,8190,1127,379,400,379
310M200US30860,30860,"Logan, UT-ID Metro Area",2348,1608,252,51,68,369
310M200US30980,30980,"Longview, TX Metro Area",2056,1375,136,402,97,46
310M200US31020,31020,"Longview, WA Metro Area",1484,1252,168,0,9,55
310M200US31080,31080,"Los Angeles-Long Beach-Anaheim, CA Metro Area",1916260,1631233,192224,37593,16679,38531
310M200US31140,31140,"Louisville/Jefferson County, KY-IN Metro Area",20316,16761,1596,317,716,926
310M200US31180,31180,"Lubbock, TX Metro Area",5580,3924,711,487,130,328
310M200US31340,31340,"Lynchburg, VA Metro Area",3409,2162,525,212,175,335
310M200US31420,31420,"Macon, GA Metro Area",2955,2331,317,143,8,156
310M200US31460,31460,"Madera, CA Metro Area",3101,2622,108,312,10,49
310M200US31540,31540,"Madison, WI Metro Area",24865,17167,4037,595,1227,1839
310M200US31700,31700,"Manchester-Nashua, NH Metro Area",13450,10547,1046,302,596,959
310M200US31740,31740,"Manhattan, KS Metro Area",3425,2699,250,71,120,285
310M200US31860,31860,"Mankato-North Mankato, MN Metro Area",1598,1134,234,85,105,40
310M200US31900,31900,"Mansfield, OH Metro Area",776,681,15,16,9,55
310M200US32580,32580,"McAllen-Edinburg-Mission, TX Metro Area",8176,6773,803,329,0,271
310M200US32780,32780,"Medford, OR Metro Area",1987,1485,168,83,75,176
310M200US32820,32820,"Memphis, TN-MS-AR Metro Area",25467,21069,2084,319,1171,824
310M200US32900,32900,"Merced, CA Metro Area",19493,15783,2328,1107,116,159
310M200US33100,33100,"Miami-Fort Lauderdale-West Palm Beach, FL Metro Area",130351,110393,10365,2805,3320,3468
310M200US33140,33140,"Michigan City-La Porte, IN Metro Area",606,528,25,19,34,0
310M200US33220,33220,"Midland, MI Metro Area",1837,1438,73,81,201,44
310M200US33260,33260,"Midland, TX Metro Area",1945,1663,125,29,99,29
310M200US33340,33340,"Milwaukee-Waukesha-West Allis, WI Metro Area",45755,36915,5048,855,1767,1170
310M200US33460,33460,"Minneapolis-St. Paul-Bloomington, MN-WI Metro Area",193337,151674,22105,8006,5206,6346
310M200US33540,33540,"Missoula, MT Metro Area",1191,922,106,31,42,90
310M200US33660,33660,"Mobile, AL Metro Area",7714,6376,787,109,157,285
310M200US33700,33700,"Modesto, CA Metro Area",26926,22736,2663,786,243,498
310M200US33740,33740,"Monroe, LA Metro Area",1399,1310,48,0,33,8
310M200US33780,33780,"Monroe, MI Metro Area",884,744,53,37,14,36
310M200US33860,33860,"Montgomery, AL Metro Area",5909,4468,707,43,220,471
310M200US34060,34060,"Morgantown, WV Metro Area",3203,2564,269,42,201,127
310M200US34100,34100,"Morristown, TN Metro Area",469,391,41,20,17,0
310M200US34580,34580,"Mount Vernon-Anacortes, WA Metro Area",1994,1527,183,194,61,29
310M200US34620,34620,"Muncie, IN Metro Area",1289,800,228,28,140,93
310M200US34740,34740,"Muskegon, MI Metro Area",1030,614,220,119,58,19
310M200US34820,34820,"Myrtle Beach-Conway-North Myrtle Beach, SC-NC Metro Area",3809,3456,244,7,60,42
310M200US34900,34900,"Napa, CA Metro Area",9706,7885,602,1037,16,166
310M200US34940,34940,"Naples-Immokalee-Marco Island, FL Metro Area",4098,3317,587,145,12,37
310M200US34980,34980,"Nashville-Davidson--Murfreesboro--Franklin, TN Metro Area",38418,29974,3464,960,2058,1962
310M200US35100,35100,"New Bern, NC Metro Area",2182,1563,75,112,14,418
310M200US35300,35300,"New Haven-Milford, CT Metro Area",31106,25827,2035,450,1278,1516
310M200US35380,35380,"New Orleans-Metairie, LA Metro Area",33455,28037,2355,833,1221,1009
310M200US35620,35620,"New York-Newark-Jersey City, NY-NJ-PA Metro Area",1950244,1705075,119231,41735,36712,47491
310M200US35660,35660,"Niles-Benton Harbor, MI Metro Area",2590,2125,231,8,135,91
310M200US35840,35840,"North Port-Sarasota-Bradenton, FL Metro Area",11101,9163,420,726,508,284
310M200US35980,35980,"Norwich-New London, CT Metro Area",11667,9874,865,210,596,122
310M200US36100,36100,"Ocala, FL Metro Area",4553,3724,287,234,294,14
310M200US36140,36140,"Ocean City, NJ Metro Area",1056,923,34,33,7,59
310M200US36220,36220,"Odessa, TX Metro Area",1149,927,118,13,91,0
310M200US36260,36260,"Ogden-Clearfield, UT Metro Area",8591,7084,479,531,201,296
310M200US36420,36420,"Oklahoma City, OK Metro Area",36372,29185,3175,1062,1562,1388
310M200US36500,36500,"Olympia-Tumwater, WA Metro Area",14156,12600,768,104,254,430
310M200US36540,36540,"Omaha-Council Bluffs, NE-IA Metro Area",18274,14006,2185,299,788,996
310M200US36740,36740,"Orlando-Kissimmee-Sanford, FL Metro Area",87618,75240,5589,2114,1486,3189
310M200US36780,36780,"Oshkosh-Neenah, WI Metro Area",3765,3214,342,112,42,55
310M200US36980,36980,"Owensboro, KY Metro Area",779,608,65,67,32,7
310M200US37100,37100,"Oxnard-Thousand Oaks-Ventura, CA Metro Area",56744,48190,4732,1464,925,1433
310M200US37340,37340,"Palm Bay-Melbourne-Titusville, FL Metro Area",11308,9724,513,299,525,247
310M200US37460,37460,"Panama City, FL Metro Area",3662,2675,544,232,92,119
310M200US37620,37620,"Parkersburg-Vienna, WV Metro Area",465,424,3,8,18,12
310M200US37860,37860,"Pensacola-Ferry Pass-Brent, FL Metro Area",11423,9308,1019,450,445,201
310M200US37900,37900,"Peoria, IL Metro Area",7602,5250,825,308,788,431
310M200US37980,37980,"Philadelphia-Camden-Wilmington, PA-NJ-DE-MD Metro Area",303245,257028,20046,5596,10922,9653
310M200US38060,38060,"Phoenix-Mesa-Scottsdale, AZ Metro Area",142910,110898,18609,910,5961,6532
310M200US38220,38220,"Pine Bluff, AR Metro Area",531,490,7,0,0,34
310M200US38300,38300,"Pittsburgh, PA Metro Area",43643,32136,4167,964,3584,2792
310M200US38340,38340,"Pittsfield, MA Metro Area",1680,1248,225,173,34,0
310M200US38540,38540,"Pocatello, ID Metro Area",993,779,116,55,30,13
310M200US38860,38860,"Portland-South Portland, ME Metro Area",8628,7110,794,202,230,292
310M200US38900,38900,"Portland-Vancouver-Hillsboro, OR-WA Metro Area",131521,108874,10279,3528,4637,4203
310M200US38940,38940,"Port St. Lucie, FL Metro Area",5773,4763,478,238,191,103
310M200US39140,39140,"Prescott, AZ Metro Area",1715,1383,136,129,23,44
310M200US39300,39300,"Providence-Warwick, RI-MA Metro Area",42524,34196,3426,821,1972,2109
310M200US39340,39340,"Provo-Orem, UT Metro Area",7120,4977,1087,138,550,368
310M200US39380,39380,"Pueblo, CO Metro Area",1083,948,40,31,64,0
310M200US39460,39460,"Punta Gorda, FL Metro Area",1888,1591,55,80,162,0
310M200US39540,39540,"Racine, WI Metro Area",2313,1991,146,3,54,119
310M200US39580,39580,"Raleigh, NC Metro Area",52307,42154,4087,1275,2535,2256
310M200US39660,39660,"Rapid City, SD Metro Area",1381,1119,124,8,43,87
310M200US39740,39740,"Reading, PA Metro Area",5401,4733,282,134,62,190
310M200US39820,39820,"Redding, CA Metro Area",4355,3683,233,246,56,137
310M200US39900,39900,"Reno, NV Metro Area",22262,18130,2766,251,618,497
310M200US40060,40060,"Richmond, VA Metro Area",40233,31655,3316,1823,1621,1818
310M200US40140,40140,"Riverside-San Bernardino-Ontario, CA Metro Area",264634,219979,23166,14139,2782,4568
310M200US40220,40220,"Roanoke, VA Metro Area",4928,3714,453,386,190,185
310M200US40340,40340,"Rochester, MN Metro Area",8034,6798,678,130,268,160
310M200US40380,40380,"Rochester, NY Metro Area",28241,22440,2367,773,918,1743
310M200US40420,40420,"Rockford, IL Metro Area",7659,6482,547,167,309,154
310M200US40580,40580,"Rocky Mount, NC Metro Area",741,518,172,0,38,13
310M200US40660,40660,"Rome, GA Metro Area",1270,1041,152,28,40,9
310M200US40900,40900,"Sacramento--Roseville--Arden-Arcade, CA Metro Area",261710,209562,33723,11874,2315,4236
310M200US40980,40980,"Saginaw, MI Metro Area",2129,1648,176,103,63,139
310M200US41060,41060,"St. Cloud, MN Metro Area",3387,2064,227,763,79,254
310M200US41100,41100,"St. George, UT Metro Area",1014,906,25,39,12,32
310M200US41140,41140,"St. Joseph, MO-KS Metro Area",875,619,46,63,131,16
310M200US41180,41180,"St. Louis, MO-IL Metro Area",59761,47132,5064,2053,2756,2756
310M200US41420,41420,"Salem, OR Metro Area",7528,6232,458,241,312,285
310M200US41500,41500,"Salinas, CA Metro Area",25693,21943,2433,533,318,466
310M200US41540,41540,"Salisbury, MD-DE Metro Area",5688,4844,265,99,292,188
310M200US41620,41620,"Salt Lake City, UT Metro Area",36302,28697,3590,391,1858,1766
310M200US41660,41660,"San Angelo, TX Metro Area",1313,744,101,96,305,67
310M200US41700,41700,"San Antonio-New Braunfels, TX Metro Area",46354,35446,5360,1297,2271,1980
310M200US41740,41740,"San Diego-Carlsbad, CA Metro Area",345744,287366,38066,6767,5243,8302
310M200US41860,41860,"San Francisco-Oakland-Hayward, CA Metro Area",1031078,884469,76358,39586,10990,19675
310M200US41940,41940,"San Jose-Sunnyvale-Santa Clara, CA Metro Area",583947,488829,57397,12025,8594,17102
310M200US42020,42020,"San Luis Obispo-Paso Robles-Arroyo Grande, CA Metro Area",9398,6567,1433,1273,95,30
310M200US42100,42100,"Santa Cruz-Watsonville, CA Metro Area",11263,8408,1212,1275,255,113
310M200US42140,42140,"Santa Fe, NM Metro Area",1663,1228,114,49,203,69
310M200US42200,42200,"Santa Maria-Santa Barbara, CA Metro Area",21273,15316,3107,1677,426,747
310M200US42220,42220,"Santa Rosa, CA Metro Area",19393,16546,1980,646,67,154
310M200US42340,42340,"Savannah, GA Metro Area",7612,6370,624,151,341,126
310M200US42540,42540,"Scranton--Wilkes-Barre--Hazleton, PA Metro Area",7008,5701,527,116,437,227
310M200US42660,42660,"Seattle-Tacoma-Bellevue, WA Metro Area",402609,328974,41517,7202,11087,13829
310M200US42680,42680,"Sebastian-Vero Beach, FL Metro Area",1622,1342,69,97,89,25
310M200US42700,42700,"Sebring, FL Metro Area",1366,1198,117,0,51,0
310M200US43100,43100,"Sheboygan, WI Metro Area",5167,4197,465,292,185,28
310M200US43300,43300,"Sherman-Denison, TX Metro Area",1100,807,60,39,23,171
310M200US43340,43340,"Shreveport-Bossier City, LA Metro Area",4731,3791,502,65,330,43
310M200US43420,43420,"Sierra Vista-Douglas, AZ Metro Area",2195,1735,274,21,138,27
310M200US43580,43580,"Sioux City, IA-NE-SD Metro Area",3468,3006,202,30,161,69
310M200US43620,43620,"Sioux Falls, SD Metro Area",3396,2806,187,69,188,146
310M200US43780,43780,"South Bend-Mishawaka, IN-MI Metro Area",5368,3828,567,173,423,377
310M200US43900,43900,"Spartanburg, SC Metro Area",5964,5229,471,44,137,83
310M200US44060,44060,"Spokane-Spokane Valley, WA Metro Area",11238,9545,915,244,376,158
310M200US44100,44100,"Springfield, IL Metro Area",3348,2508,174,168,348,150
310M200US44140,44140,"Springfield, MA Metro Area",17050,12858,1352,465,655,1720
310M200US44180,44180,"Springfield, MO Metro Area",4977,3836,240,255,192,454
310M200US44220,44220,"Springfield, OH Metro Area",814,719,79,0,0,16
310M200US44300,44300,"State College, PA Metro Area",7920,4008,1284,617,758,1253
310M200US44420,44420,"Staunton-Waynesboro, VA Metro Area",788,559,26,17,112,74
310M200US44700,44700,"Stockton-Lodi, CA Metro Area",98148,80719,12243,3332,568,1286
310M200US44940,44940,"Sumter, SC Metro Area",1343,1140,70,0,118,15
310M200US45060,45060,"Syracuse, NY Metro Area",16376,11738,1733,509,665,1731
310M200US45220,45220,"Tallahassee, FL Metro Area",8800,5837,1484,297,647,535
310M200US45300,45300,"Tampa-St. Petersburg-Clearwater, FL Metro Area",83333,68672,6530,2932,2629,2570
310M200US45460,45460,"Terre Haute, IN Metro Area",2025,1798,63,37,40,87
310M200US45500,45500,"Texarkana, TX-AR Metro Area",1008,822,47,13,63,63
310M200US45540,45540,"The Villages, FL Metro Area",791,646,8,0,21,116
310M200US45780,45780,"Toledo, OH Metro Area",9292,7314,1091,219,278,390
310M200US45820,45820,"Topeka, KS Metro Area",2158,1798,194,81,29,56
310M200US45940,45940,"Trenton, NJ Metro Area",33892,29400,1402,1386,586,1118
310M200US46060,46060,"Tucson, AZ Metro Area",26345,20299,2793,647,1293,1313
310M200US46140,46140,"Tulsa, OK Metro Area",16916,13180,1792,369,929,646
310M200US46220,46220,"Tuscaloosa, AL Metro Area",2653,2035,128,56,109,325
310M200US46340,46340,"Tyler, TX Metro Area",2567,1665,161,250,396,95
310M200US46520,46520,"Urban Honolulu, HI Metro Area",417627,380145,26231,830,4870,5551
310M200US46540,46540,"Utica-Rome, NY Metro Area",7549,5516,977,357,190,509
310M200US46660,46660,"Valdosta, GA Metro Area",2069,1725,94,24,84,142
310M200US46700,46700,"Vallejo-Fairfield, CA Metro Area",60790,51675,6332,1789,363,631
310M200US47020,47020,"Victoria, TX Metro Area",1001,799,47,126,0,29
310M200US47220,47220,"Vineland-Bridgeton, NJ Metro Area",1814,1561,40,67,110,36
310M200US47260,47260,"Virginia Beach-Norfolk-Newport News, VA-NC Metro Area",60525,50654,3148,2588,1876,2259
310M200US47300,47300,"Visalia-Porterville, CA Metro Area",14695,12667,1312,428,248,40
310M200US47380,47380,"Waco, TX Metro Area",3631,2419,390,601,167,54
310M200US47460,47460,"Walla Walla, WA Metro Area",914,782,45,0,44,43
310M200US47580,47580,"Warner Robins, GA Metro Area",3863,3297,206,215,83,62
310M200US47900,47900,"Washington-Arlington-Alexandria, DC-VA-MD-WV Metro Area",531314,444103,38891,13625,18261,16434
310M200US47940,47940,"Waterloo-Cedar Falls, IA Metro Area",2017,1556,240,114,19,88
310M200US48060,48060,"Watertown-Fort Drum, NY Metro Area",1623,707,394,67,426,29
310M200US48140,48140,"Wausau, WI Metro Area",6956,4917,1726,114,190,9
310M200US48260,48260,"Weirton-Steubenville, WV-OH Metro Area",462,382,20,11,49,0
310M200US48300,48300,"Wenatchee, WA Metro Area",831,732,28,21,24,26
310M200US48540,48540,"Wheeling, WV-OH Metro Area",836,695,124,0,17,0
310M200US48620,48620,"Wichita, KS Metro Area",20813,17397,2417,141,485,373
310M200US48660,48660,"Wichita Falls, TX Metro Area",2768,2373,210,23,135,27
310M200US48700,48700,"Williamsport, PA Metro Area",711,575,128,0,5,3
310M200US48900,48900,"Wilmington, NC Metro Area",3157,2265,30,117,288,457
310M200US49020,49020,"Winchester, VA-WV Metro Area",1808,1387,57,301,63,0
310M200US49180,49180,"Winston-Salem, NC Metro Area",9492,7512,973,295,368,344
310M200US49340,49340,"Worcester, MA-CT Metro Area",34290,28892,2353,1277,813,955
310M200US49420,49420,"Yakima, WA Metro Area",2544,1993,319,122,82,28
310M200US49620,49620,"York-Hanover, PA Metro Area",5613,4496,575,317,136,89
310M200US49660,49660,"Youngstown-Warren-Boardman, OH-PA Metro Area",3709,3361,77,55,68,148
310M200US49700,49700,"Yuba City, CA Metro Area",18399,15597,1899,429,192,282
310M200US49740,49740,"Yuma, AZ Metro Area",2142,1618,178,42,233,71
