GEO.id,GEO.id2,GEO.display-label,HD01_VD01,HD01_VD02,HD01_VD03,HD01_VD04,HD01_VD05,HD01_VD06
Id,Id2,Geography,Estimate; Total:,Estimate; Total: - Same house 1 year ago,Estimate; Total: - Moved within same county,Estimate; Total: - Moved from different county within same state,Estimate; Total: - Moved from different state,Estimate; Total: - Moved from abroad
310M200US10180,10180,"Abilene, TX Metro Area",13399,8890,2296,1554,495,164
310M200US10420,10420,"Akron, OH Metro Area",82860,69729,9690,2396,789,256
310M200US10500,10500,"Albany, GA Metro Area",81104,67109,8727,4409,741,118
310M200US10540,10540,"Albany, OR Metro Area",519,423,65,31,0,0
310M200US10580,10580,"Albany-Schenectady-Troy, NY Metro Area",67163,54016,7161,4607,1090,289
310M200US10740,10740,"Albuquerque, NM Metro Area",24378,18982,3492,741,1040,123
310M200US10780,10780,"Alexandria, LA Metro Area",45135,38644,4920,717,781,73
310M200US10900,10900,"Allentown-Bethlehem-Easton, PA-NJ Metro Area",43161,32872,5671,2266,2077,275
310M200US11020,11020,"Altoona, PA Metro Area",2010,1562,215,182,51,0
310M200US11100,11100,"Amarillo, TX Metro Area",15094,11242,2098,1378,305,71
310M200US11180,11180,"Ames, IA Metro Area",2235,1010,457,245,384,139
310M200US11260,11260,"Anchorage, AK Metro Area",18210,12945,3420,375,1345,125
310M200US11460,11460,"Ann Arbor, MI Metro Area",42337,30561,7707,2522,1279,268
310M200US11500,11500,"Anniston-Oxford-Jacksonville, AL Metro Area",23578,18268,3693,991,608,18
310M200US11540,11540,"Appleton, WI Metro Area",2363,1753,223,256,108,23
310M200US11700,11700,"Asheville, NC Metro Area",20363,15880,2362,1027,1016,78
310M200US12020,12020,"Athens-Clarke County, GA Metro Area",38673,31890,3859,2045,791,88
310M200US12060,12060,"Atlanta-Sandy Springs-Roswell, GA Metro Area",1809162,1454691,181722,108825,56870,7054
310M200US12100,12100,"Atlantic City-Hammonton, NJ Metro Area",42436,35709,4651,1038,905,133
310M200US12220,12220,"Auburn-Opelika, AL Metro Area",34605,26665,4449,2211,1203,77
310M200US12260,12260,"Augusta-Richmond County, GA-SC Metro Area",203662,173133,18112,5530,6002,885
310M200US12420,12420,"Austin-Round Rock, TX Metro Area",137272,105026,17899,9681,3665,1001
310M200US12540,12540,"Bakersfield, CA Metro Area",48442,34798,7738,4614,833,459
310M200US12580,12580,"Baltimore-Columbia-Towson, MD Metro Area",790332,669496,77950,29355,10626,2905
310M200US12620,12620,"Bangor, ME Metro Area",1254,779,141,54,255,25
310M200US12700,12700,"Barnstable Town, MA Metro Area",5570,4166,1023,38,268,75
310M200US12940,12940,"Baton Rouge, LA Metro Area",287589,245237,28948,9740,3467,197
310M200US12980,12980,"Battle Creek, MI Metro Area",14540,11003,2644,597,296,0
310M200US13020,13020,"Bay City, MI Metro Area",1444,1156,106,169,0,13
310M200US13140,13140,"Beaumont-Port Arthur, TX Metro Area",96691,79609,12209,3685,1046,142
310M200US13220,13220,"Beckley, WV Metro Area",8765,7316,686,243,411,109
310M200US13380,13380,"Bellingham, WA Metro Area",1824,1453,231,26,101,13
310M200US13460,13460,"Bend-Redmond, OR Metro Area",756,678,4,17,57,0
310M200US13740,13740,"Billings, MT Metro Area",1069,838,122,38,23,48
310M200US13780,13780,"Binghamton, NY Metro Area",10970,7330,2301,1074,231,34
310M200US13820,13820,"Birmingham-Hoover, AL Metro Area",320492,261871,45172,8291,4589,569
310M200US13900,13900,"Bismarck, ND Metro Area",987,323,121,268,275,0
310M200US13980,13980,"Blacksburg-Christiansburg-Radford, VA Metro Area",8408,6590,838,802,149,29
310M200US14010,14010,"Bloomington, IL Metro Area",13739,10315,1848,1103,415,58
310M200US14020,14020,"Bloomington, IN Metro Area",4213,2313,1016,620,264,0
310M200US14100,14100,"Bloomsburg-Berwick, PA Metro Area",1558,1042,149,297,70,0
310M200US14260,14260,"Boise City, ID Metro Area",5634,3543,975,102,344,670
310M200US14460,14460,"Boston-Cambridge-Newton, MA-NH Metro Area",362547,307021,31961,12017,6533,5015
310M200US14500,14500,"Boulder, CO Metro Area",2765,1726,458,222,290,69
310M200US14540,14540,"Bowling Green, KY Metro Area",11565,8461,1547,780,685,92
310M200US14740,14740,"Bremerton-Silverdale, WA Metro Area",6540,4670,885,243,709,33
310M200US14860,14860,"Bridgeport-Stamford-Norwalk, CT Metro Area",104533,88605,11439,1291,2309,889
310M200US15180,15180,"Brownsville-Harlingen, TX Metro Area",2314,1655,342,178,63,76
310M200US15260,15260,"Brunswick, GA Metro Area",26142,20859,3679,1208,295,101
310M200US15380,15380,"Buffalo-Cheektowaga-Niagara Falls, NY Metro Area",136391,114581,17279,2469,1289,773
310M200US15500,15500,"Burlington, NC Metro Area",28257,22704,3578,1266,699,10
310M200US15540,15540,"Burlington-South Burlington, VT Metro Area",3947,2668,893,240,128,18
310M200US15680,15680,"California-Lexington Park, MD Metro Area",15374,12064,1964,659,598,89
310M200US15940,15940,"Canton-Massillon, OH Metro Area",26761,21577,4219,660,285,20
310M200US15980,15980,"Cape Coral-Fort Myers, FL Metro Area",56209,42067,8928,3010,1554,650
310M200US16020,16020,"Cape Girardeau, MO-IL Metro Area",8343,6193,1139,811,200,0
310M200US16060,16060,"Carbondale-Marion, IL Metro Area",11477,7440,2342,1347,348,0
310M200US16180,16180,"Carson City, NV Metro Area",526,355,12,141,18,0
310M200US16220,16220,"Casper, WY Metro Area",892,711,16,35,69,61
310M200US16300,16300,"Cedar Rapids, IA Metro Area",9664,7183,1114,388,890,89
310M200US16540,16540,"Chambersburg-Waynesboro, PA Metro Area",5747,4099,646,228,758,16
310M200US16580,16580,"Champaign-Urbana, IL Metro Area",25807,18698,4800,1531,474,304
310M200US16620,16620,"Charleston, WV Metro Area",8630,6604,1272,226,505,23
310M200US16700,16700,"Charleston-North Charleston, SC Metro Area",188973,159072,17222,8834,3439,406
310M200US16740,16740,"Charlotte-Concord-Gastonia, NC-SC Metro Area",511594,409441,68763,13921,17863,1606
310M200US16820,16820,"Charlottesville, VA Metro Area",30968,26500,1450,2506,445,67
310M200US16860,16860,"Chattanooga, TN-GA Metro Area",73641,60967,9474,1506,1502,192
310M200US16940,16940,"Cheyenne, WY Metro Area",2777,2219,240,94,224,0
310M200US16980,16980,"Chicago-Naperville-Elgin, IL-IN-WI Metro Area",1594883,1342758,193145,24031,30329,4620
310M200US17020,17020,"Chico, CA Metro Area",3178,2244,559,270,0,105
310M200US17140,17140,"Cincinnati, OH-KY-IN Metro Area",257066,201972,42271,6678,5358,787
310M200US17300,17300,"Clarksville, TN-KY Metro Area",50949,37373,7432,651,4664,829
310M200US17420,17420,"Cleveland, TN Metro Area",4698,3604,563,327,204,0
310M200US17460,17460,"Cleveland-Elyria, OH Metro Area",407086,329814,65718,6534,4164,856
310M200US17660,17660,"Coeur d'Alene, ID Metro Area",512,420,41,27,23,1
310M200US17780,17780,"College Station-Bryan, TX Metro Area",27360,19656,5072,2234,339,59
310M200US17820,17820,"Colorado Springs, CO Metro Area",39282,26052,7157,847,3913,1313
310M200US17860,17860,"Columbia, MO Metro Area",14054,10035,2136,1121,653,109
310M200US17900,17900,"Columbia, SC Metro Area",259583,209943,27975,12311,8903,451
310M200US17980,17980,"Columbus, GA-AL Metro Area",122265,95890,16810,3680,5398,487
310M200US18020,18020,"Columbus, IN Metro Area",1549,1216,138,85,104,6
310M200US18140,18140,"Columbus, OH Metro Area",283398,223660,44567,7979,5335,1857
310M200US18580,18580,"Corpus Christi, TX Metro Area",15901,11586,2542,1204,483,86
310M200US18700,18700,"Corvallis, OR Metro Area",761,502,129,107,23,0
310M200US18880,18880,"Crestview-Fort Walton Beach-Destin, FL Metro Area",20457,15835,2081,1232,1212,97
310M200US19060,19060,"Cumberland, MD-WV Metro Area",6750,5143,580,740,266,21
310M200US19100,19100,"Dallas-Fort Worth-Arlington, TX Metro Area",1019669,806157,142615,41721,24203,4973
310M200US19140,19140,"Dalton, GA Metro Area",4439,3429,797,141,71,1
310M200US19180,19180,"Danville, IL Metro Area",10965,8876,1391,556,142,0
310M200US19300,19300,"Daphne-Fairhope-Foley, AL Metro Area",18610,15533,2226,548,236,67
310M200US19340,19340,"Davenport-Moline-Rock Island, IA-IL Metro Area",27472,22161,3173,993,802,343
310M200US19380,19380,"Dayton, OH Metro Area",122620,93683,21343,3965,3115,514
310M200US19460,19460,"Decatur, AL Metro Area",18466,14891,2751,561,253,10
310M200US19500,19500,"Decatur, IL Metro Area",15778,11931,3157,418,257,15
310M200US19660,19660,"Deltona-Daytona Beach-Ormond Beach, FL Metro Area",63610,53464,5122,3062,1758,204
310M200US19740,19740,"Denver-Aurora-Lakewood, CO Metro Area",148552,115144,15231,11376,5207,1594
310M200US19780,19780,"Des Moines-West Des Moines, IA Metro Area",28954,20568,5338,1330,1507,211
310M200US19820,19820,"Detroit-Warren-Dearborn, MI Metro Area",951930,781672,126038,34175,8442,1603
310M200US20020,20020,"Dothan, AL Metro Area",34201,29183,3290,1183,497,48
310M200US20100,20100,"Dover, DE Metro Area",40503,33575,3327,1307,2104,190
310M200US20220,20220,"Dubuque, IA Metro Area",1732,776,420,63,401,72
310M200US20260,20260,"Duluth, MN-WI Metro Area",3936,2646,761,330,163,36
310M200US20500,20500,"Durham-Chapel Hill, NC Metro Area",141911,112400,18782,7565,2777,387
310M200US20700,20700,"East Stroudsburg, PA Metro Area",22698,19698,1370,576,1012,42
310M200US20740,20740,"Eau Claire, WI Metro Area",1581,961,179,337,78,26
310M200US20940,20940,"El Centro, CA Metro Area",5172,4547,232,315,77,1
310M200US21060,21060,"Elizabethtown-Fort Knox, KY Metro Area",13964,10045,1727,635,1238,319
310M200US21140,21140,"Elkhart-Goshen, IN Metro Area",11484,8302,2161,587,394,40
310M200US21300,21300,"Elmira, NY Metro Area",5196,3817,532,692,149,6
310M200US21340,21340,"El Paso, TX Metro Area",29057,19928,3608,632,3402,1487
310M200US21500,21500,"Erie, PA Metro Area",19559,15145,3276,602,380,156
310M200US21660,21660,"Eugene, OR Metro Area",3818,2361,1024,132,262,39
310M200US21780,21780,"Evansville, IN-KY Metro Area",20880,16736,3042,524,506,72
310M200US21820,21820,"Fairbanks, AK Metro Area",4322,2700,532,101,901,88
310M200US22020,22020,"Fargo, ND-MN Metro Area",6207,4128,478,232,1262,107
310M200US22140,22140,"Farmington, NM Metro Area",677,617,5,0,55,0
310M200US22180,22180,"Fayetteville, NC Metro Area",133061,105925,16604,4066,5443,1023
310M200US22220,22220,"Fayetteville-Springdale-Rogers, AR-MO Metro Area",10951,6322,2107,1027,1363,132
310M200US22380,22380,"Flagstaff, AZ Metro Area",2116,1316,283,258,241,18
310M200US22420,22420,"Flint, MI Metro Area",83712,66971,13909,1328,1346,158
310M200US22500,22500,"Florence, SC Metro Area",84148,71147,9750,2377,825,49
310M200US22520,22520,"Florence-Muscle Shoals, AL Metro Area",17638,15434,1240,710,198,56
310M200US22540,22540,"Fond du Lac, WI Metro Area",1187,590,288,198,96,15
310M200US22660,22660,"Fort Collins, CO Metro Area",2811,1946,418,247,189,11
310M200US22900,22900,"Fort Smith, AR-OK Metro Area",10620,8586,1473,390,153,18
310M200US23060,23060,"Fort Wayne, IN Metro Area",41564,32275,7980,478,758,73
310M200US23420,23420,"Fresno, CA Metro Area",47754,36819,8369,2130,319,117
310M200US23460,23460,"Gadsden, AL Metro Area",15869,12826,2236,529,239,39
310M200US23540,23540,"Gainesville, FL Metro Area",51039,40041,7238,2887,571,302
310M200US23580,23580,"Gainesville, GA Metro Area",13966,10805,1910,824,417,10
310M200US23900,23900,"Gettysburg, PA Metro Area",1571,1298,104,56,111,2
310M200US24020,24020,"Glens Falls, NY Metro Area",2806,1681,201,881,43,0
310M200US24140,24140,"Goldsboro, NC Metro Area",38426,30709,5174,1905,527,111
310M200US24220,24220,"Grand Forks, ND-MN Metro Area",2063,1556,215,46,231,15
310M200US24260,24260,"Grand Island, NE Metro Area",1404,909,325,97,40,33
310M200US24300,24300,"Grand Junction, CO Metro Area",1104,678,187,89,150,0
310M200US24340,24340,"Grand Rapids-Wyoming, MI Metro Area",65497,48406,12673,2868,1037,513
310M200US24420,24420,"Grants Pass, OR Metro Area",285,141,44,3,97,0
310M200US24500,24500,"Great Falls, MT Metro Area",1008,644,147,85,47,85
310M200US24540,24540,"Greeley, CO Metro Area",2864,1892,379,334,258,1
310M200US24580,24580,"Green Bay, WI Metro Area",6037,3781,1204,248,752,52
310M200US24660,24660,"Greensboro-High Point, NC Metro Area",191739,160761,20051,6820,3394,713
310M200US24780,24780,"Greenville, NC Metro Area",58690,45172,8842,3250,1280,146
310M200US24860,24860,"Greenville-Anderson-Mauldin, SC Metro Area",141219,116592,17234,4234,2740,419
310M200US25060,25060,"Gulfport-Biloxi-Pascagoula, MS Metro Area",79612,63353,9184,3023,3938,114
310M200US25180,25180,"Hagerstown-Martinsburg, MD-WV Metro Area",23062,16549,3053,2111,1230,119
310M200US25220,25220,"Hammond, LA Metro Area",36926,29639,5086,1748,445,8
310M200US25260,25260,"Hanford-Corcoran, CA Metro Area",9377,6545,772,1298,690,72
310M200US25420,25420,"Harrisburg-Carlisle, PA Metro Area",56747,43959,7773,3306,1448,261
310M200US25500,25500,"Harrisonburg, VA Metro Area",5025,3286,529,656,342,212
310M200US25540,25540,"Hartford-West Hartford-East Hartford, CT Metro Area",131773,110865,13728,3571,2904,705
310M200US25620,25620,"Hattiesburg, MS Metro Area",41794,32969,4489,3897,432,7
310M200US25860,25860,"Hickory-Lenoir-Morganton, NC Metro Area",24411,20555,1736,1542,563,15
310M200US25940,25940,"Hilton Head Island-Bluffton-Beaufort, SC Metro Area",43182,34891,4165,1298,2362,466
310M200US25980,25980,"Hinesville, GA Metro Area",29452,22547,3085,1349,1969,502
310M200US26140,26140,"Homosassa Springs, FL Metro Area",4140,3334,382,332,76,16
310M200US26300,26300,"Hot Springs, AR Metro Area",8035,5148,2045,604,213,25
310M200US26380,26380,"Houma-Thibodaux, LA Metro Area",33255,28409,3298,1351,168,29
310M200US26420,26420,"Houston-The Woodlands-Sugar Land, TX Metro Area",1072643,854281,155808,33619,22674,6261
310M200US26580,26580,"Huntington-Ashland, WV-KY-OH Metro Area",8707,6777,911,401,606,12
310M200US26620,26620,"Huntsville, AL Metro Area",93588,75533,12254,2624,2861,316
310M200US26820,26820,"Idaho Falls, ID Metro Area",596,424,142,1,0,29
310M200US26900,26900,"Indianapolis-Carmel-Anderson, IN Metro Area",283741,227983,41405,6567,6263,1523
310M200US26980,26980,"Iowa City, IA Metro Area",7696,4994,1606,391,607,98
310M200US27060,27060,"Ithaca, NY Metro Area",4270,2773,435,399,587,76
310M200US27100,27100,"Jackson, MI Metro Area",13275,9227,2134,1566,298,50
310M200US27140,27140,"Jackson, MS Metro Area",277226,237410,25927,10110,3427,352
310M200US27180,27180,"Jackson, TN Metro Area",39493,33386,4253,952,834,68
310M200US27260,27260,"Jacksonville, FL Metro Area",297180,233722,47501,7499,7578,880
310M200US27340,27340,"Jacksonville, NC Metro Area",27974,21052,4173,703,1843,203
310M200US27500,27500,"Janesville-Beloit, WI Metro Area",5545,4084,1191,49,205,16
310M200US27620,27620,"Jefferson City, MO Metro Area",11198,7467,1824,1741,128,38
310M200US27740,27740,"Johnson City, TN Metro Area",5629,4451,747,308,107,16
310M200US27780,27780,"Johnstown, PA Metro Area",4684,3301,557,410,386,30
310M200US27860,27860,"Jonesboro, AR Metro Area",15481,10020,3777,1325,331,28
310M200US27900,27900,"Joplin, MO Metro Area",3165,2378,414,271,102,0
310M200US27980,27980,"Kahului-Wailuku-Lahaina, HI Metro Area",996,684,208,21,83,0
310M200US28020,28020,"Kalamazoo-Portage, MI Metro Area",30478,22612,5402,1293,946,225
310M200US28100,28100,"Kankakee, IL Metro Area",16611,14376,1264,537,427,7
310M200US28140,28140,"Kansas City, MO-KS Metro Area",253599,200252,37441,5958,8935,1013
310M200US28420,28420,"Kennewick-Richland, WA Metro Area",4443,3285,516,428,109,105
310M200US28660,28660,"Killeen-Temple, TX Metro Area",81362,61009,10735,2923,5309,1386
310M200US28700,28700,"Kingsport-Bristol-Bristol, TN-VA Metro Area",5671,3960,727,512,384,88
310M200US28740,28740,"Kingston, NY Metro Area",10608,8319,817,1352,95,25
310M200US28940,28940,"Knoxville, TN Metro Area",49437,40763,5703,1706,1048,217
310M200US29020,29020,"Kokomo, IN Metro Area",5795,4379,881,293,233,9
310M200US29100,29100,"La Crosse-Onalaska, WI-MN Metro Area",1672,1122,324,144,68,14
310M200US29180,29180,"Lafayette, LA Metro Area",116014,96669,14033,3986,1133,193
310M200US29200,29200,"Lafayette-West Lafayette, IN Metro Area",8077,4959,1759,501,764,94
310M200US29340,29340,"Lake Charles, LA Metro Area",48419,37615,7981,1533,1230,60
310M200US29420,29420,"Lake Havasu City-Kingman, AZ Metro Area",2236,1588,131,228,285,4
310M200US29460,29460,"Lakeland-Winter Haven, FL Metro Area",93378,75697,12494,3410,1375,402
310M200US29540,29540,"Lancaster, PA Metro Area",20928,16129,3208,763,629,199
310M200US29620,29620,"Lansing-East Lansing, MI Metro Area",39356,29026,5112,3945,1073,200
310M200US29700,29700,"Laredo, TX Metro Area",1032,843,13,31,126,19
310M200US29740,29740,"Las Cruces, NM Metro Area",3679,2662,610,75,315,17
310M200US29820,29820,"Las Vegas-Henderson-Paradise, NV Metro Area",217627,151914,50872,471,13373,997
310M200US29940,29940,"Lawrence, KS Metro Area",4494,3243,612,275,339,25
310M200US30020,30020,"Lawton, OK Metro Area",21014,13662,3523,1101,2329,399
310M200US30140,30140,"Lebanon, PA Metro Area",2700,2155,360,138,20,27
310M200US30300,30300,"Lewiston, ID-WA Metro Area",254,223,11,17,3,0
310M200US30340,30340,"Lewiston-Auburn, ME Metro Area",1502,961,299,40,126,76
310M200US30460,30460,"Lexington-Fayette, KY Metro Area",53138,39116,10097,2169,1459,297
310M200US30620,30620,"Lima, OH Metro Area",12396,9441,2230,430,278,17
310M200US30700,30700,"Lincoln, NE Metro Area",11732,7853,2738,543,515,83
310M200US30780,30780,"Little Rock-North Little Rock-Conway, AR Metro Area",162841,129163,26817,4121,2568,172
310M200US30860,30860,"Logan, UT-ID Metro Area",896,621,190,11,72,2
310M200US30980,30980,"Longview, TX Metro Area",37196,28783,4834,3210,336,33
310M200US31020,31020,"Longview, WA Metro Area",634,546,36,9,33,10
310M200US31080,31080,"Los Angeles-Long Beach-Anaheim, CA Metro Area",872490,736749,108744,12639,10946,3412
310M200US31140,31140,"Louisville/Jefferson County, KY-IN Metro Area",173223,143563,22493,2843,3766,558
310M200US31180,31180,"Lubbock, TX Metro Area",20731,13493,4319,2360,457,102
310M200US31340,31340,"Lynchburg, VA Metro Area",43677,36065,4700,2173,668,71
310M200US31420,31420,"Macon, GA Metro Area",100883,81202,14145,4396,1027,113
310M200US31460,31460,"Madera, CA Metro Area",5301,4314,169,818,0,0
310M200US31540,31540,"Madison, WI Metro Area",27172,19227,4960,1220,1534,231
310M200US31700,31700,"Manchester-Nashua, NH Metro Area",9459,7069,1712,19,642,17
310M200US31740,31740,"Manhattan, KS Metro Area",5108,3523,223,522,653,187
310M200US31860,31860,"Mankato-North Mankato, MN Metro Area",2747,2066,226,339,94,22
310M200US31900,31900,"Mansfield, OH Metro Area",9073,6733,1169,1069,102,0
310M200US32580,32580,"McAllen-Edinburg-Mission, TX Metro Area",5005,3753,336,831,74,11
310M200US32780,32780,"Medford, OR Metro Area",1511,776,414,51,265,5
310M200US32820,32820,"Memphis, TN-MS-AR Metro Area",609881,500730,85949,7618,14492,1092
310M200US32900,32900,"Merced, CA Metro Area",8941,6635,1081,1146,71,8
310M200US33100,33100,"Miami-Fort Lauderdale-West Palm Beach, FL Metro Area",1235909,1034478,147970,26128,15413,11920
310M200US33140,33140,"Michigan City-La Porte, IN Metro Area",11976,8496,1724,1363,382,11
310M200US33220,33220,"Midland, MI Metro Area",1155,845,163,106,31,10
310M200US33260,33260,"Midland, TX Metro Area",9613,7314,1138,758,347,56
310M200US33340,33340,"Milwaukee-Waukesha-West Allis, WI Metro Area",256779,195442,53724,3161,3904,548
310M200US33460,33460,"Minneapolis-St. Paul-Bloomington, MN-WI Metro Area",257265,195721,36406,13450,8496,3192
310M200US33540,33540,"Missoula, MT Metro Area",511,395,75,29,12,0
310M200US33660,33660,"Mobile, AL Metro Area",143327,120804,19264,938,2156,165
310M200US33700,33700,"Modesto, CA Metro Area",14192,11166,1477,1456,66,27
310M200US33740,33740,"Monroe, LA Metro Area",62511,53176,6220,2636,426,53
310M200US33780,33780,"Monroe, MI Metro Area",3407,2812,214,243,138,0
310M200US33860,33860,"Montgomery, AL Metro Area",161191,123746,26241,7832,3200,172
310M200US34060,34060,"Morgantown, WV Metro Area",4951,3819,354,236,467,75
310M200US34100,34100,"Morristown, TN Metro Area",3854,2790,561,165,338,0
310M200US34580,34580,"Mount Vernon-Anacortes, WA Metro Area",944,670,52,148,63,11
310M200US34620,34620,"Muncie, IN Metro Area",6679,4513,1607,437,114,8
310M200US34740,34740,"Muskegon, MI Metro Area",23459,17502,4244,1266,426,21
310M200US34820,34820,"Myrtle Beach-Conway-North Myrtle Beach, SC-NC Metro Area",51573,42599,5876,1396,1501,201
310M200US34900,34900,"Napa, CA Metro Area",2898,2599,106,181,11,1
310M200US34940,34940,"Naples-Immokalee-Marco Island, FL Metro Area",23000,19412,2655,718,97,118
310M200US34980,34980,"Nashville-Davidson--Murfreesboro--Franklin, TN Metro Area",265857,213934,37035,8795,5164,929
310M200US35100,35100,"New Bern, NC Metro Area",28173,23041,2335,1779,974,44
310M200US35300,35300,"New Haven-Milford, CT Metro Area",109711,93108,11978,1968,2003,654
310M200US35380,35380,"New Orleans-Metairie, LA Metro Area",425712,367240,37195,13358,7241,678
310M200US35620,35620,"New York-Newark-Jersey City, NY-NJ-PA Metro Area",3383228,3060341,196554,75281,32132,18920
310M200US35660,35660,"Niles-Benton Harbor, MI Metro Area",23030,17859,3731,407,882,151
310M200US35840,35840,"North Port-Sarasota-Bradenton, FL Metro Area",49778,38717,6542,3241,1203,75
310M200US35980,35980,"Norwich-New London, CT Metro Area",15096,11527,1891,770,787,121
310M200US36100,36100,"Ocala, FL Metro Area",42988,34543,5174,2267,915,89
310M200US36140,36140,"Ocean City, NJ Metro Area",4476,4051,181,164,79,1
310M200US36220,36220,"Odessa, TX Metro Area",6253,4526,512,968,168,79
310M200US36260,36260,"Ogden-Clearfield, UT Metro Area",6760,5672,419,390,250,29
310M200US36420,36420,"Oklahoma City, OK Metro Area",131012,100667,20581,4494,4601,669
310M200US36500,36500,"Olympia-Tumwater, WA Metro Area",7368,4875,1253,532,294,414
310M200US36540,36540,"Omaha-Council Bluffs, NE-IA Metro Area",68397,53403,11264,1345,1985,400
310M200US36740,36740,"Orlando-Kissimmee-Sanford, FL Metro Area",365537,289099,47586,15157,10409,3286
310M200US36780,36780,"Oshkosh-Neenah, WI Metro Area",3414,2289,348,674,103,0
310M200US36980,36980,"Owensboro, KY Metro Area",4546,3439,705,249,113,40
310M200US37100,37100,"Oxnard-Thousand Oaks-Ventura, CA Metro Area",14890,11884,1834,756,374,42
310M200US37340,37340,"Palm Bay-Melbourne-Titusville, FL Metro Area",56331,46246,6738,1296,1751,300
310M200US37460,37460,"Panama City, FL Metro Area",21355,16862,2376,1019,977,121
310M200US37620,37620,"Parkersburg-Vienna, WV Metro Area",959,854,31,27,36,11
310M200US37860,37860,"Pensacola-Ferry Pass-Brent, FL Metro Area",74451,60383,8679,2619,2487,283
310M200US37900,37900,"Peoria, IL Metro Area",33828,27192,4889,812,825,110
310M200US37980,37980,"Philadelphia-Camden-Wilmington, PA-NJ-DE-MD Metro Area",1241933,1077915,113444,25807,18475,6292
310M200US38060,38060,"Phoenix-Mesa-Scottsdale, AZ Metro Area",224330,166523,39998,3575,12406,1828
310M200US38220,38220,"Pine Bluff, AR Metro Area",45561,39686,4033,1106,640,96
310M200US38300,38300,"Pittsburgh, PA Metro Area",190830,154627,27788,4170,3579,666
310M200US38340,38340,"Pittsfield, MA Metro Area",3609,2839,452,82,183,53
310M200US38540,38540,"Pocatello, ID Metro Area",625,332,160,47,48,38
310M200US38860,38860,"Portland-South Portland, ME Metro Area",9031,6701,1231,328,217,554
310M200US38900,38900,"Portland-Vancouver-Hillsboro, OR-WA Metro Area",64999,49850,9683,2018,2894,554
310M200US38940,38940,"Port St. Lucie, FL Metro Area",63216,53796,4899,2565,1076,880
310M200US39140,39140,"Prescott, AZ Metro Area",1285,657,184,230,174,40
310M200US39300,39300,"Providence-Warwick, RI-MA Metro Area",87339,70550,10953,2097,2968,771
310M200US39340,39340,"Provo-Orem, UT Metro Area",3291,2428,260,161,292,150
310M200US39380,39380,"Pueblo, CO Metro Area",3580,2952,381,154,88,5
310M200US39460,39460,"Punta Gorda, FL Metro Area",9150,7223,689,701,328,209
310M200US39540,39540,"Racine, WI Metro Area",21294,17132,2884,949,322,7
310M200US39580,39580,"Raleigh, NC Metro Area",242541,197423,29020,10389,4878,831
310M200US39660,39660,"Rapid City, SD Metro Area",1835,1146,198,147,269,75
310M200US39740,39740,"Reading, PA Metro Area",20334,15217,3232,1007,841,37
310M200US39820,39820,"Redding, CA Metro Area",1765,1214,327,94,130,0
310M200US39900,39900,"Reno, NV Metro Area",10319,7543,1478,337,893,68
310M200US40060,40060,"Richmond, VA Metro Area",369896,306419,32144,23528,6794,1011
310M200US40140,40140,"Riverside-San Bernardino-Ontario, CA Metro Area",319216,253171,40259,18300,6352,1134
310M200US40220,40220,"Roanoke, VA Metro Area",40216,30571,5592,2606,1278,169
310M200US40340,40340,"Rochester, MN Metro Area",7634,5889,1008,237,361,139
310M200US40380,40380,"Rochester, NY Metro Area",123588,96348,21737,2813,2152,538
310M200US40420,40420,"Rockford, IL Metro Area",36974,28376,6801,966,695,136
310M200US40580,40580,"Rocky Mount, NC Metro Area",66635,55892,5263,4437,998,45
310M200US40660,40660,"Rome, GA Metro Area",13876,10510,1604,1534,187,41
310M200US40900,40900,"Sacramento--Roseville--Arden-Arcade, CA Metro Area",156614,118674,28363,6723,2382,472
310M200US40980,40980,"Saginaw, MI Metro Area",35486,28580,4966,1226,675,39
310M200US41060,41060,"St. Cloud, MN Metro Area",6502,3886,1233,460,815,108
310M200US41100,41100,"St. George, UT Metro Area",940,842,59,15,16,8
310M200US41140,41140,"St. Joseph, MO-KS Metro Area",6414,4316,913,987,193,5
310M200US41180,41180,"St. Louis, MO-IL Metro Area",504727,411184,62152,20523,9764,1104
310M200US41420,41420,"Salem, OR Metro Area",3785,2738,354,278,255,160
310M200US41500,41500,"Salinas, CA Metro Area",11663,9098,865,1214,455,31
310M200US41540,41540,"Salisbury, MD-DE Metro Area",67777,55444,6662,3573,1958,140
310M200US41620,41620,"Salt Lake City, UT Metro Area",18238,13982,2625,542,886,203
310M200US41660,41660,"San Angelo, TX Metro Area",4943,3310,440,506,687,0
310M200US41700,41700,"San Antonio-New Braunfels, TX Metro Area",149902,116514,21261,4785,6203,1139
310M200US41740,41740,"San Diego-Carlsbad, CA Metro Area",161287,132890,19478,2396,5452,1071
310M200US41860,41860,"San Francisco-Oakland-Hayward, CA Metro Area",350937,294658,35767,14156,5090,1266
310M200US41940,41940,"San Jose-Sunnyvale-Santa Clara, CA Metro Area",48317,39400,5827,1871,962,257
310M200US42020,42020,"San Luis Obispo-Paso Robles-Arroyo Grande, CA Metro Area",5655,3935,673,929,46,72
310M200US42100,42100,"Santa Cruz-Watsonville, CA Metro Area",2512,1697,394,350,21,50
310M200US42140,42140,"Santa Fe, NM Metro Area",1149,907,112,47,76,7
310M200US42200,42200,"Santa Maria-Santa Barbara, CA Metro Area",8683,6387,1315,438,401,142
310M200US42220,42220,"Santa Rosa, CA Metro Area",7670,6152,1046,287,103,82
310M200US42340,42340,"Savannah, GA Metro Area",120872,99309,14224,4213,2889,237
310M200US42540,42540,"Scranton--Wilkes-Barre--Hazleton, PA Metro Area",19104,12674,3603,1611,1113,103
310M200US42660,42660,"Seattle-Tacoma-Bellevue, WA Metro Area",198191,154503,28823,5060,6805,3000
310M200US42680,42680,"Sebastian-Vero Beach, FL Metro Area",13011,10817,1246,765,132,51
310M200US42700,42700,"Sebring, FL Metro Area",9256,7045,1464,235,361,151
310M200US43100,43100,"Sheboygan, WI Metro Area",1623,1039,204,262,113,5
310M200US43300,43300,"Sherman-Denison, TX Metro Area",7205,5455,1108,228,414,0
310M200US43340,43340,"Shreveport-Bossier City, LA Metro Area",170383,147799,16734,4165,1449,236
310M200US43420,43420,"Sierra Vista-Douglas, AZ Metro Area",4923,3683,231,370,477,162
310M200US43580,43580,"Sioux City, IA-NE-SD Metro Area",3838,2910,723,104,70,31
310M200US43620,43620,"Sioux Falls, SD Metro Area",7960,6070,958,267,368,297
310M200US43780,43780,"South Bend-Mishawaka, IN-MI Metro Area",36409,28037,6146,832,1269,125
310M200US43900,43900,"Spartanburg, SC Metro Area",68494,53852,10679,2738,1120,105
310M200US44060,44060,"Spokane-Spokane Valley, WA Metro Area",8850,6521,1323,286,456,264
310M200US44100,44100,"Springfield, IL Metro Area",24378,17723,4482,1405,633,135
310M200US44140,44140,"Springfield, MA Metro Area",44376,36723,5434,823,1146,250
310M200US44180,44180,"Springfield, MO Metro Area",9997,6922,1581,957,491,46
310M200US44220,44220,"Springfield, OH Metro Area",11441,9168,1500,425,304,44
310M200US44300,44300,"State College, PA Metro Area",6023,3645,717,858,439,364
310M200US44420,44420,"Staunton-Waynesboro, VA Metro Area",8537,6852,321,1167,182,15
310M200US44700,44700,"Stockton-Lodi, CA Metro Area",49479,38953,6600,3127,679,120
310M200US44940,44940,"Sumter, SC Metro Area",49396,41937,4516,1737,1038,168
310M200US45060,45060,"Syracuse, NY Metro Area",53359,41512,8225,1873,1434,315
310M200US45220,45220,"Tallahassee, FL Metro Area",122132,92146,17867,9194,2425,500
310M200US45300,45300,"Tampa-St. Petersburg-Clearwater, FL Metro Area",342463,274082,49910,9374,7165,1932
310M200US45460,45460,"Terre Haute, IN Metro Area",7600,5679,716,785,280,140
310M200US45500,45500,"Texarkana, TX-AR Metro Area",35580,28036,3537,1495,2449,63
310M200US45540,45540,"The Villages, FL Metro Area",9011,7359,761,497,315,79
310M200US45780,45780,"Toledo, OH Metro Area",84561,63306,16912,2428,1627,288
310M200US45820,45820,"Topeka, KS Metro Area",14181,9968,3273,480,397,63
310M200US45940,45940,"Trenton, NJ Metro Area",73780,62046,7737,2468,1261,268
310M200US46060,46060,"Tucson, AZ Metro Area",35724,23371,8392,1058,2187,716
310M200US46140,46140,"Tulsa, OK Metro Area",75945,59085,12250,2278,2143,189
310M200US46220,46220,"Tuscaloosa, AL Metro Area",77574,64914,8758,2250,1564,88
310M200US46340,46340,"Tyler, TX Metro Area",38451,30330,5079,2336,674,32
310M200US46520,46520,"Urban Honolulu, HI Metro Area",25524,16519,4012,47,4122,824
310M200US46540,46540,"Utica-Rome, NY Metro Area",14449,10326,2348,1448,216,111
310M200US46660,46660,"Valdosta, GA Metro Area",48445,37398,7038,2125,1825,59
310M200US46700,46700,"Vallejo-Fairfield, CA Metro Area",58631,47528,6850,3089,985,179
310M200US47020,47020,"Victoria, TX Metro Area",6078,4865,928,259,26,0
310M200US47220,47220,"Vineland-Bridgeton, NJ Metro Area",31736,25841,3071,2229,397,198
310M200US47260,47260,"Virginia Beach-Norfolk-Newport News, VA-NC Metro Area",518487,414970,52378,34574,14634,1931
310M200US47300,47300,"Visalia-Porterville, CA Metro Area",7761,6246,1308,127,77,3
310M200US47380,47380,"Waco, TX Metro Area",38662,30696,6036,1428,453,49
310M200US47460,47460,"Walla Walla, WA Metro Area",999,710,23,266,0,0
310M200US47580,47580,"Warner Robins, GA Metro Area",58826,47657,6551,3409,1084,125
310M200US47900,47900,"Washington-Arlington-Alexandria, DC-VA-MD-WV Metro Area",1491707,1258573,131782,32190,55883,13279
310M200US47940,47940,"Waterloo-Cedar Falls, IA Metro Area",12138,10073,1488,247,314,16
310M200US48060,48060,"Watertown-Fort Drum, NY Metro Area",6466,3206,833,504,996,927
310M200US48140,48140,"Wausau, WI Metro Area",947,717,110,107,2,11
310M200US48260,48260,"Weirton-Steubenville, WV-OH Metro Area",4941,4214,416,107,189,15
310M200US48300,48300,"Wenatchee, WA Metro Area",475,321,76,34,28,16
310M200US48540,48540,"Wheeling, WV-OH Metro Area",4688,3570,210,618,272,18
310M200US48620,48620,"Wichita, KS Metro Area",48240,38359,7452,886,1303,240
310M200US48660,48660,"Wichita Falls, TX Metro Area",13781,10114,1536,1126,730,275
310M200US48700,48700,"Williamsport, PA Metro Area",5575,4271,682,298,324,0
310M200US48900,48900,"Wilmington, NC Metro Area",39735,32782,4062,1822,897,172
310M200US49020,49020,"Winchester, VA-WV Metro Area",6823,5781,416,368,202,56
310M200US49180,49180,"Winston-Salem, NC Metro Area",113636,90709,16243,4368,2146,170
310M200US49340,49340,"Worcester, MA-CT Metro Area",39634,33396,3634,1199,816,589
310M200US49420,49420,"Yakima, WA Metro Area",2063,1534,459,47,22,1
310M200US49620,49620,"York-Hanover, PA Metro Area",25587,19335,4214,799,970,269
310M200US49660,49660,"Youngstown-Warren-Boardman, OH-PA Metro Area",59147,48746,6400,2687,1269,45
310M200US49700,49700,"Yuba City, CA Metro Area",4492,3673,396,199,167,57
310M200US49740,49740,"Yuma, AZ Metro Area",4213,2846,665,150,392,160
