GEO.id,GEO.id2,GEO.display-label,HD01_VD01,HD01_VD02,HD01_VD03,HD01_VD04,HD01_VD05,HD01_VD06
Id,Id2,Geography,Estimate; Total:,Estimate; Total: - Same house 1 year ago,Estimate; Total: - Moved within same county,Estimate; Total: - Moved from different county within same state,Estimate; Total: - Moved from different state,Estimate; Total: - Moved from abroad
310M200US10180,10180,"Abilene, TX Metro Area",110342,87284,13210,6945,2483,420
310M200US10420,10420,"Akron, OH Metro Area",568932,503780,38559,18589,7088,916
310M200US10500,10500,"Albany, GA Metro Area",66385,57715,3155,3735,1761,19
310M200US10540,10540,"Albany, OR Metro Area",101379,85944,8886,4363,1941,245
310M200US10580,10580,"Albany-Schenectady-Troy, NY Metro Area",711385,632656,41545,24994,10377,1813
310M200US10740,10740,"Albuquerque, NM Metro Area",368564,315100,27975,9078,14512,1899
310M200US10780,10780,"Alexandria, LA Metro Area",97790,88530,5220,2970,1010,60
310M200US10900,10900,"Allentown-Bethlehem-Easton, PA-NJ Metro Area",630689,569770,33515,15172,10704,1528
310M200US11020,11020,"Altoona, PA Metro Area",119661,107124,9277,2118,1040,102
310M200US11100,11100,"Amarillo, TX Metro Area",159512,134699,11748,10000,2850,215
310M200US11180,11180,"Ames, IA Metro Area",78481,54833,11659,7532,4118,339
310M200US11260,11260,"Anchorage, AK Metro Area",255540,210933,25197,5850,12139,1421
310M200US11460,11460,"Ann Arbor, MI Metro Area",248558,197382,26477,14269,8551,1879
310M200US11500,11500,"Anniston-Oxford-Jacksonville, AL Metro Area",85137,72806,6615,3326,2259,131
310M200US11540,11540,"Appleton, WI Metro Area",202751,182637,9653,8212,1918,331
310M200US11700,11700,"Asheville, NC Metro Area",369083,314299,29064,12370,12888,462
310M200US12020,12020,"Athens-Clarke County, GA Metro Area",130659,105918,10389,10361,3501,490
310M200US12060,12060,"Atlanta-Sandy Springs-Roswell, GA Metro Area",2692479,2337338,164920,118306,63030,8885
310M200US12100,12100,"Atlantic City-Hammonton, NJ Metro Area",157387,143227,7767,3717,2478,198
310M200US12220,12220,"Auburn-Opelika, AL Metro Area",100479,76715,11933,5930,5364,537
310M200US12260,12260,"Augusta-Richmond County, GA-SC Metro Area",319199,277445,18882,9388,12253,1231
310M200US12420,12420,"Austin-Round Rock, TX Metro Area",979528,779344,99234,61727,34155,5068
310M200US12540,12540,"Bakersfield, CA Metro Area",316121,257929,41509,10571,5377,735
310M200US12580,12580,"Baltimore-Columbia-Towson, MD Metro Area",1608279,1440005,84383,41371,36679,5841
310M200US12620,12620,"Bangor, ME Metro Area",143629,121860,12837,5576,3114,242
310M200US12700,12700,"Barnstable Town, MA Metro Area",195724,178742,9251,3450,3659,622
310M200US12940,12940,"Baton Rouge, LA Metro Area",462678,404182,31109,17267,9517,603
310M200US12980,12980,"Battle Creek, MI Metro Area",106334,91220,9347,4188,1481,98
310M200US13020,13020,"Bay City, MI Metro Area",96369,85020,7672,2656,902,119
310M200US13140,13140,"Beaumont-Port Arthur, TX Metro Area",234214,204469,15561,9887,3976,321
310M200US13220,13220,"Beckley, WV Metro Area",110011,98454,6882,3001,1574,100
310M200US13380,13380,"Bellingham, WA Metro Area",163895,135900,18280,5787,3205,723
310M200US13460,13460,"Bend-Redmond, OR Metro Area",142456,116546,17112,3895,4724,179
310M200US13740,13740,"Billings, MT Metro Area",142088,120286,12838,4114,4468,382
310M200US13780,13780,"Binghamton, NY Metro Area",216023,190953,16252,5736,2691,391
310M200US13820,13820,"Birmingham-Hoover, AL Metro Area",725308,630877,51459,28368,13441,1163
310M200US13900,13900,"Bismarck, ND Metro Area",105958,91176,7043,4502,3085,152
310M200US13980,13980,"Blacksburg-Christiansburg-Radford, VA Metro Area",156533,123523,14575,12443,5370,622
310M200US14010,14010,"Bloomington, IL Metro Area",153350,126086,15917,8622,2513,212
310M200US14020,14020,"Bloomington, IN Metro Area",139517,101001,19581,11929,5793,1213
310M200US14100,14100,"Bloomsburg-Berwick, PA Metro Area",79477,70879,4121,3499,875,103
310M200US14260,14260,"Boise City, ID Metro Area",514973,429480,48902,17001,18638,952
310M200US14460,14460,"Boston-Cambridge-Newton, MA-NH Metro Area",3397962,2987293,216326,93941,81202,19200
310M200US14500,14500,"Boulder, CO Metro Area",238639,182282,28903,12488,13201,1765
310M200US14540,14540,"Bowling Green, KY Metro Area",136481,109936,15410,6717,3984,434
310M200US14740,14740,"Bremerton-Silverdale, WA Metro Area",196163,160857,20374,4375,9082,1475
310M200US14860,14860,"Bridgeport-Stamford-Norwalk, CT Metro Area",600559,545819,31080,4458,15726,3476
310M200US15180,15180,"Brownsville-Harlingen, TX Metro Area",42401,37568,2399,824,1166,444
310M200US15260,15260,"Brunswick, GA Metro Area",77046,64075,6986,3519,2386,80
310M200US15380,15380,"Buffalo-Cheektowaga-Niagara Falls, NY Metro Area",887607,799220,63456,15948,7507,1476
310M200US15500,15500,"Burlington, NC Metro Area",101566,89115,7302,2456,2376,317
310M200US15540,15540,"Burlington-South Burlington, VT Metro Area",193685,162805,18532,3911,7623,814
310M200US15680,15680,"California-Lexington Park, MD Metro Area",81542,72489,4620,1784,2109,540
310M200US15940,15940,"Canton-Massillon, OH Metro Area",351800,311772,27000,9193,3316,519
310M200US15980,15980,"Cape Coral-Fort Myers, FL Metro Area",449766,376909,41352,8461,20708,2336
310M200US16020,16020,"Cape Girardeau, MO-IL Metro Area",83172,69874,7360,4146,1565,227
310M200US16060,16060,"Carbondale-Marion, IL Metro Area",105104,89190,8039,5680,1926,269
310M200US16180,16180,"Carson City, NV Metro Area",37701,29603,4023,2560,1468,47
310M200US16220,16220,"Casper, WY Metro Area",68300,56056,7845,1877,2438,84
310M200US16300,16300,"Cedar Rapids, IA Metro Area",232369,202373,18446,7354,3744,452
310M200US16540,16540,"Chambersburg-Waynesboro, PA Metro Area",134032,120315,8343,2522,2457,395
310M200US16580,16580,"Champaign-Urbana, IL Metro Area",170320,133916,20617,10057,4681,1049
310M200US16620,16620,"Charleston, WV Metro Area",200363,177850,15064,4400,2841,208
310M200US16700,16700,"Charleston-North Charleston, SC Metro Area",439395,359064,37585,17724,23832,1190
310M200US16740,16740,"Charlotte-Concord-Gastonia, NC-SC Metro Area",1445666,1259840,99093,40160,42788,3785
310M200US16820,16820,"Charlottesville, VA Metro Area",166224,139031,8668,11177,6315,1033
310M200US16860,16860,"Chattanooga, TN-GA Metro Area",420385,363888,31256,10078,14479,684
310M200US16940,16940,"Cheyenne, WY Metro Area",74352,61768,7414,1024,3580,566
310M200US16980,16980,"Chicago-Naperville-Elgin, IL-IN-WI Metro Area",5119211,4559567,330974,107958,101421,19291
310M200US17020,17020,"Chico, CA Metro Area",162995,130951,23073,6305,2140,526
310M200US17140,17140,"Cincinnati, OH-KY-IN Metro Area",1706389,1483976,124985,56006,37963,3459
310M200US17300,17300,"Clarksville, TN-KY Metro Area",180729,142194,17072,3922,14860,2681
310M200US17420,17420,"Cleveland, TN Metro Area",103557,89088,9133,2369,2839,128
310M200US17460,17460,"Cleveland-Elyria, OH Metro Area",1459594,1301278,104480,34178,16204,3454
310M200US17660,17660,"Coeur d'Alene, ID Metro Area",128878,106958,13176,2481,6130,133
310M200US17780,17780,"College Station-Bryan, TX Metro Area",136652,97622,19286,15486,3336,922
310M200US17820,17820,"Colorado Springs, CO Metro Area",474373,377688,51193,8420,31849,5223
310M200US17860,17860,"Columbia, MO Metro Area",133604,101509,19110,7607,4964,414
310M200US17900,17900,"Columbia, SC Metro Area",449160,375933,34262,19298,18167,1500
310M200US17980,17980,"Columbus, GA-AL Metro Area",149408,116270,11116,6804,13911,1307
310M200US18020,18020,"Columbus, IN Metro Area",66534,57962,5711,2057,665,139
310M200US18140,18140,"Columbus, OH Metro Area",1459901,1230160,137774,64162,23746,4059
310M200US18580,18580,"Corpus Christi, TX Metro Area",152252,121954,13934,9800,6235,329
310M200US18700,18700,"Corvallis, OR Metro Area",70676,56200,6560,4882,2646,388
310M200US18880,18880,"Crestview-Fort Walton Beach-Destin, FL Metro Area",189523,156418,15975,5664,10596,870
310M200US19060,19060,"Cumberland, MD-WV Metro Area",90420,80044,6805,1779,1707,85
310M200US19100,19100,"Dallas-Fort Worth-Arlington, TX Metro Area",3276037,2772748,275340,148419,69905,9625
310M200US19140,19140,"Dalton, GA Metro Area",95217,84155,6852,2864,1207,139
310M200US19180,19180,"Danville, IL Metro Area",63814,56630,5046,988,1047,103
310M200US19300,19300,"Daphne-Fairhope-Foley, AL Metro Area",157119,132391,13525,4227,6445,531
310M200US19340,19340,"Davenport-Moline-Rock Island, IA-IL Metro Area",305967,270122,22730,5228,7411,476
310M200US19380,19380,"Dayton, OH Metro Area",614677,517699,60196,21574,13646,1562
310M200US19460,19460,"Decatur, AL Metro Area",116991,103228,8981,3733,933,116
310M200US19500,19500,"Decatur, IL Metro Area",84376,72031,8326,2638,1235,146
310M200US19660,19660,"Deltona-Daytona Beach-Ormond Beach, FL Metro Area",441980,382268,31001,11307,16283,1121
310M200US19740,19740,"Denver-Aurora-Lakewood, CO Metro Area",1714340,1419690,123919,97451,65985,7295
310M200US19780,19780,"Des Moines-West Des Moines, IA Metro Area",483023,410905,41961,19347,9744,1066
310M200US19820,19820,"Detroit-Warren-Dearborn, MI Metro Area",2867792,2544784,207901,76158,28038,10911
310M200US20020,20020,"Dothan, AL Metro Area",103098,89913,7834,2748,2468,135
310M200US20100,20100,"Dover, DE Metro Area",106423,93426,7486,1872,3269,370
310M200US20220,20220,"Dubuque, IA Metro Area",86877,75815,6693,1504,2704,161
310M200US20260,20260,"Duluth, MN-WI Metro Area",253836,217516,22507,8656,4653,504
310M200US20500,20500,"Durham-Chapel Hill, NC Metro Area",285432,234509,21262,15381,12284,1996
310M200US20700,20700,"East Stroudsburg, PA Metro Area",115483,104370,5580,2528,2768,237
310M200US20740,20740,"Eau Claire, WI Metro Area",149779,126350,13325,7303,2540,261
310M200US20940,20940,"El Centro, CA Metro Area",22784,19593,1498,785,808,100
310M200US21060,21060,"Elizabethtown-Fort Knox, KY Metro Area",120122,97545,10486,4783,6233,1075
310M200US21140,21140,"Elkhart-Goshen, IN Metro Area",150572,131533,13638,3060,2087,254
310M200US21300,21300,"Elmira, NY Metro Area",76387,66315,6948,1759,1264,101
310M200US21340,21340,"El Paso, TX Metro Area",109309,85294,10600,1737,9232,2446
310M200US21500,21500,"Erie, PA Metro Area",238617,205623,22852,5255,4465,422
310M200US21660,21660,"Eugene, OR Metro Area",294841,233637,42382,7695,9845,1282
310M200US21780,21780,"Evansville, IN-KY Metro Area",272067,237121,21450,8498,4656,342
310M200US21820,21820,"Fairbanks, AK Metro Area",71017,53350,9559,1789,5581,738
310M200US22020,22020,"Fargo, ND-MN Metro Area",193160,154921,20118,5512,12015,594
310M200US22140,22140,"Farmington, NM Metro Area",52006,45586,3937,572,1819,92
310M200US22180,22180,"Fayetteville, NC Metro Area",167105,132602,14485,5236,11606,3176
310M200US22220,22220,"Fayetteville-Springdale-Rogers, AR-MO Metro Area",358675,291607,40735,12617,12863,853
310M200US22380,22380,"Flagstaff, AZ Metro Area",73618,56410,8476,4477,3949,306
310M200US22420,22420,"Flint, MI Metro Area",300757,261907,27706,7921,2697,526
310M200US22500,22500,"Florence, SC Metro Area",110310,98385,7110,2667,2078,70
310M200US22520,22520,"Florence-Muscle Shoals, AL Metro Area",120998,104410,10246,4028,2198,116
310M200US22540,22540,"Fond du Lac, WI Metro Area",92192,82062,6822,2398,783,127
310M200US22660,22660,"Fort Collins, CO Metro Area",258475,205424,29705,10577,11591,1178
310M200US22900,22900,"Fort Smith, AR-OK Metro Area",205985,176729,17317,6198,5610,131
310M200US23060,23060,"Fort Wayne, IN Metro Area",327715,289587,26435,6491,4823,379
310M200US23420,23420,"Fresno, CA Metro Area",297941,254368,32119,7429,2758,1267
310M200US23460,23460,"Gadsden, AL Metro Area",81072,70042,7391,2882,675,82
310M200US23540,23540,"Gainesville, FL Metro Area",172050,134148,19868,12238,4993,803
310M200US23580,23580,"Gainesville, GA Metro Area",114967,101379,7268,4678,1512,130
310M200US23900,23900,"Gettysburg, PA Metro Area",90790,79956,6465,2012,2121,236
310M200US24020,24020,"Glens Falls, NY Metro Area",119656,105573,7521,4564,1828,170
310M200US24140,24140,"Goldsboro, NC Metro Area",67358,57715,5332,2131,2009,171
310M200US24220,24220,"Grand Forks, ND-MN Metro Area",86675,69645,8421,2663,5529,417
310M200US24260,24260,"Grand Island, NE Metro Area",63847,55846,4464,2242,1147,148
310M200US24300,24300,"Grand Junction, CO Metro Area",120217,97449,14290,3742,4420,316
310M200US24340,24340,"Grand Rapids-Wyoming, MI Metro Area",798470,688472,64183,33500,10373,1942
310M200US24420,24420,"Grants Pass, OR Metro Area",72403,62146,6511,1355,2299,92
310M200US24500,24500,"Great Falls, MT Metro Area",70067,59118,6804,1405,2471,269
310M200US24540,24540,"Greeley, CO Metro Area",175631,144095,14582,10725,5637,592
310M200US24580,24580,"Green Bay, WI Metro Area",262252,233259,19184,6775,2650,384
310M200US24660,24660,"Greensboro-High Point, NC Metro Area",443996,395575,28181,11547,7842,851
310M200US24780,24780,"Greenville, NC Metro Area",96578,77088,10211,6456,2605,218
310M200US24860,24860,"Greenville-Anderson-Mauldin, SC Metro Area",616722,531936,45599,18589,18400,2198
310M200US25060,25060,"Gulfport-Biloxi-Pascagoula, MS Metro Area",260188,218603,22739,7666,10456,724
310M200US25180,25180,"Hagerstown-Martinsburg, MD-WV Metro Area",211740,183604,17049,4327,6422,338
310M200US25220,25220,"Hammond, LA Metro Area",78613,67690,5752,3300,1648,223
310M200US25260,25260,"Hanford-Corcoran, CA Metro Area",51620,42392,4846,2471,1771,140
310M200US25420,25420,"Harrisburg-Carlisle, PA Metro Area",437507,382812,29387,16810,6868,1630
310M200US25500,25500,"Harrisonburg, VA Metro Area",104708,85701,6720,9302,2525,460
310M200US25540,25540,"Hartford-West Hartford-East Hartford, CT Metro Area",845829,763285,45561,21440,13850,1693
310M200US25620,25620,"Hattiesburg, MS Metro Area",95866,78523,6886,7384,2912,161
310M200US25860,25860,"Hickory-Lenoir-Morganton, NC Metro Area",296410,264554,19754,8789,3071,242
310M200US25940,25940,"Hilton Head Island-Bluffton-Beaufort, SC Metro Area",121338,99914,7356,2690,10668,710
310M200US25980,25980,"Hinesville, GA Metro Area",36061,26435,2435,2092,4199,900
310M200US26140,26140,"Homosassa Springs, FL Metro Area",124027,108683,8933,3028,3288,95
310M200US26300,26300,"Hot Springs, AR Metro Area",80133,68088,7084,2192,2655,114
310M200US26380,26380,"Houma-Thibodaux, LA Metro Area",150292,132830,10725,5102,1476,159
310M200US26420,26420,"Houston-The Woodlands-Sugar Land, TX Metro Area",2369082,2016151,192718,90860,53342,16011
310M200US26580,26580,"Huntington-Ashland, WV-KY-OH Metro Area",340740,300463,22176,9251,8525,325
310M200US26620,26620,"Huntsville, AL Metro Area",290770,254165,21992,6678,7433,502
310M200US26820,26820,"Idaho Falls, ID Metro Area",114185,97908,9527,3457,2956,337
310M200US26900,26900,"Indianapolis-Carmel-Anderson, IN Metro Area",1425113,1226713,111455,60707,23400,2838
310M200US26980,26980,"Iowa City, IA Metro Area",130681,100764,16300,7453,5589,575
310M200US27060,27060,"Ithaca, NY Metro Area",80505,62138,8579,4364,4840,584
310M200US27100,27100,"Jackson, MI Metro Area",135368,115787,13113,5045,1235,188
310M200US27140,27140,"Jackson, MS Metro Area",269087,235188,16963,11836,4670,430
310M200US27180,27180,"Jackson, TN Metro Area",81552,72195,4531,3354,1358,114
310M200US27260,27260,"Jacksonville, FL Metro Area",889455,747578,78762,32381,28305,2429
310M200US27340,27340,"Jacksonville, NC Metro Area",121443,90281,12798,3007,12791,2566
310M200US27500,27500,"Janesville-Beloit, WI Metro Area",133468,115934,11991,2332,3034,177
310M200US27620,27620,"Jefferson City, MO Metro Area",129107,111269,8293,7567,1796,182
310M200US27740,27740,"Johnson City, TN Metro Area",182163,157432,14524,6252,3706,249
310M200US27780,27780,"Johnstown, PA Metro Area",130001,117251,7604,3659,1355,132
310M200US27860,27860,"Jonesboro, AR Metro Area",99083,78603,13670,4599,2052,159
310M200US27900,27900,"Joplin, MO Metro Area",149640,126705,13775,5335,3741,84
310M200US27980,27980,"Kahului-Wailuku-Lahaina, HI Metro Area",49707,39305,5640,514,3684,564
310M200US28020,28020,"Kalamazoo-Portage, MI Metro Area",261290,215845,27277,13560,3946,662
310M200US28100,28100,"Kankakee, IL Metro Area",81427,71978,5664,2534,1038,213
310M200US28140,28140,"Kansas City, MO-KS Metro Area",1486952,1278344,112334,45504,47359,3411
310M200US28420,28420,"Kennewick-Richland, WA Metro Area",167724,143584,13167,6610,3904,459
310M200US28660,28660,"Killeen-Temple, TX Metro Area",217318,170500,19064,9271,14685,3798
310M200US28700,28700,"Kingsport-Bristol-Bristol, TN-VA Metro Area",289558,250396,21692,8876,8211,383
310M200US28740,28740,"Kingston, NY Metro Area",145522,130545,9320,3908,1557,192
310M200US28940,28940,"Knoxville, TN Metro Area",736087,640231,54600,24224,15632,1400
310M200US29020,29020,"Kokomo, IN Metro Area",71086,60356,7982,1901,769,78
310M200US29100,29100,"La Crosse-Onalaska, WI-MN Metro Area",122642,101421,12858,4519,3590,254
310M200US29180,29180,"Lafayette, LA Metro Area",322189,280336,25026,10608,5351,868
310M200US29200,29200,"Lafayette-West Lafayette, IN Metro Area",165951,127263,22613,10314,5180,581
310M200US29340,29340,"Lake Charles, LA Metro Area",139350,119550,13941,3060,2554,245
310M200US29420,29420,"Lake Havasu City-Kingman, AZ Metro Area",158201,126769,16943,2620,11427,442
310M200US29460,29460,"Lakeland-Winter Haven, FL Metro Area",386103,328587,36189,8963,11021,1343
310M200US29540,29540,"Lancaster, PA Metro Area",436947,395544,28108,7562,5049,684
310M200US29620,29620,"Lansing-East Lansing, MI Metro Area",359007,292818,31728,27248,6129,1084
310M200US29700,29700,"Laredo, TX Metro Area",9102,7343,797,606,257,99
310M200US29740,29740,"Las Cruces, NM Metro Area",62079,50130,6827,1910,2727,485
310M200US29820,29820,"Las Vegas-Henderson-Paradise, NV Metro Area",924023,741723,131834,2430,44513,3523
310M200US29940,29940,"Lawrence, KS Metro Area",90796,67345,14064,5359,3397,631
310M200US30020,30020,"Lawton, OK Metro Area",77030,58019,7737,2010,8181,1083
310M200US30140,30140,"Lebanon, PA Metro Area",114179,102517,6603,3817,1054,188
310M200US30300,30300,"Lewiston, ID-WA Metro Area",54528,46397,4468,1100,2549,14
310M200US30340,30340,"Lewiston-Auburn, ME Metro Area",97296,84213,8568,2956,1410,149
310M200US30460,30460,"Lexington-Fayette, KY Metro Area",375854,301565,42598,19779,10622,1290
310M200US30620,30620,"Lima, OH Metro Area",85563,72250,8807,2802,1675,29
310M200US30700,30700,"Lincoln, NE Metro Area",258246,206429,34437,10027,6542,811
310M200US30780,30780,"Little Rock-North Little Rock-Conway, AR Metro Area",488919,423081,35359,18421,10641,1417
310M200US30860,30860,"Logan, UT-ID Metro Area",107828,87433,11096,4955,3726,618
310M200US30980,30980,"Longview, TX Metro Area",139507,115043,11708,10048,2335,373
310M200US31020,31020,"Longview, WA Metro Area",85815,71657,10570,1778,1757,53
310M200US31080,31080,"Los Angeles-Long Beach-Anaheim, CA Metro Area",4004092,3445822,383774,77883,72074,24539
310M200US31140,31140,"Louisville/Jefferson County, KY-IN Metro Area",967872,850036,69200,26654,20311,1671
310M200US31180,31180,"Lubbock, TX Metro Area",164933,125842,22504,12355,3540,692
310M200US31340,31340,"Lynchburg, VA Metro Area",194306,169407,8916,10212,5300,471
310M200US31420,31420,"Macon, GA Metro Area",116937,101810,6487,6610,1832,198
310M200US31460,31460,"Madera, CA Metro Area",55574,49431,3057,2848,182,56
310M200US31540,31540,"Madison, WI Metro Area",514398,426308,55118,17558,13944,1470
310M200US31700,31700,"Manchester-Nashua, NH Metro Area",346493,304404,26794,5602,8774,919
310M200US31740,31740,"Manhattan, KS Metro Area",77175,60810,5954,5474,4414,523
310M200US31860,31860,"Mankato-North Mankato, MN Metro Area",87321,72982,6005,6545,1571,218
310M200US31900,31900,"Mansfield, OH Metro Area",105102,90503,9520,4009,982,88
310M200US32580,32580,"McAllen-Edinburg-Mission, TX Metro Area",59653,51859,3397,1278,2357,762
310M200US32780,32780,"Medford, OR Metro Area",169835,139432,19688,4261,6069,385
310M200US32820,32820,"Memphis, TN-MS-AR Metro Area",602213,524307,44675,11954,19632,1645
310M200US32900,32900,"Merced, CA Metro Area",79119,66924,8519,2924,649,103
310M200US33100,33100,"Miami-Fort Lauderdale-West Palm Beach, FL Metro Area",1928912,1660706,157118,38790,53945,18353
310M200US33140,33140,"Michigan City-La Porte, IN Metro Area",89102,77105,6507,3795,1598,97
310M200US33220,33220,"Midland, MI Metro Area",76476,66464,4877,3264,1601,270
310M200US33260,33260,"Midland, TX Metro Area",76227,63830,6448,4017,1678,254
310M200US33340,33340,"Milwaukee-Waukesha-West Allis, WI Metro Area",1058271,930090,75173,33710,17103,2195
310M200US33460,33460,"Minneapolis-St. Paul-Bloomington, MN-WI Metro Area",2639437,2303697,164384,114818,48354,8184
310M200US33540,33540,"Missoula, MT Metro Area",99471,77796,13376,3620,4174,505
310M200US33660,33660,"Mobile, AL Metro Area",239251,207222,23469,3189,4935,436
310M200US33700,33700,"Modesto, CA Metro Area",234734,196722,27556,6907,2910,639
310M200US33740,33740,"Monroe, LA Metro Area",105866,94550,6986,2843,1389,98
310M200US33780,33780,"Monroe, MI Metro Area",137311,123423,8531,3175,1942,240
310M200US33860,33860,"Montgomery, AL Metro Area",187994,160774,10806,10061,5487,866
310M200US34060,34060,"Morgantown, WV Metro Area",120289,99777,9807,4176,6148,381
310M200US34100,34100,"Morristown, TN Metro Area",99390,85166,7403,4506,2054,261
310M200US34580,34580,"Mount Vernon-Anacortes, WA Metro Area",89151,75511,8266,3047,2119,208
310M200US34620,34620,"Muncie, IN Metro Area",102198,76651,14808,8867,1800,72
310M200US34740,34740,"Muskegon, MI Metro Area",130701,111878,12426,5036,1212,149
310M200US34820,34820,"Myrtle Beach-Conway-North Myrtle Beach, SC-NC Metro Area",307747,257199,27293,6617,15783,855
310M200US34900,34900,"Napa, CA Metro Area",75901,65955,5873,2960,960,153
310M200US34940,34940,"Naples-Immokalee-Marco Island, FL Metro Area",215600,185135,14390,4332,10357,1386
310M200US34980,34980,"Nashville-Davidson--Murfreesboro--Franklin, TN Metro Area",1261341,1062249,103186,52104,39514,4288
310M200US35100,35100,"New Bern, NC Metro Area",84473,68861,6665,3097,5028,822
310M200US35300,35300,"New Haven-Milford, CT Metro Area",565628,513942,32843,8791,8497,1555
310M200US35380,35380,"New Orleans-Metairie, LA Metro Area",642010,563047,40793,18382,17711,2077
310M200US35620,35620,"New York-Newark-Jersey City, NY-NJ-PA Metro Area",9530394,8725161,429504,177906,146372,51451
310M200US35660,35660,"Niles-Benton Harbor, MI Metro Area",116838,103306,8721,1565,2904,342
310M200US35840,35840,"North Port-Sarasota-Bradenton, FL Metro Area",565627,477697,44897,16338,23271,3424
310M200US35980,35980,"Norwich-New London, CT Metro Area",209835,183355,14385,4118,7439,538
310M200US36100,36100,"Ocala, FL Metro Area",242072,208792,18663,7307,6946,364
310M200US36140,36140,"Ocean City, NJ Metro Area",82498,74171,4578,1128,2082,539
310M200US36220,36220,"Odessa, TX Metro Area",54811,45433,6091,2194,970,123
310M200US36260,36260,"Ogden-Clearfield, UT Metro Area",499220,430670,36605,19735,10532,1678
310M200US36420,36420,"Oklahoma City, OK Metro Area",853649,704408,83855,39776,23312,2298
310M200US36500,36500,"Olympia-Tumwater, WA Metro Area",198878,163443,19235,9005,5729,1466
310M200US36540,36540,"Omaha-Council Bluffs, NE-IA Metro Area",682628,583433,57668,21072,18540,1915
310M200US36740,36740,"Orlando-Kissimmee-Sanford, FL Metro Area",1132934,955845,91490,46489,34023,5087
310M200US36780,36780,"Oshkosh-Neenah, WI Metro Area",150201,128554,11709,8122,1608,208
310M200US36980,36980,"Owensboro, KY Metro Area",103980,90843,9088,3020,894,135
310M200US37100,37100,"Oxnard-Thousand Oaks-Ventura, CA Metro Area",394309,344703,29591,11629,7007,1379
310M200US37340,37340,"Palm Bay-Melbourne-Titusville, FL Metro Area",417143,357911,37853,7094,13221,1064
310M200US37460,37460,"Panama City, FL Metro Area",145597,117318,17694,3892,6125,568
310M200US37620,37620,"Parkersburg-Vienna, WV Metro Area",87566,79524,4778,992,2154,118
310M200US37860,37860,"Pensacola-Ferry Pass-Brent, FL Metro Area",328682,271975,26739,9211,19823,934
310M200US37900,37900,"Peoria, IL Metro Area",314017,275383,23027,10989,4002,616
310M200US37980,37980,"Philadelphia-Camden-Wilmington, PA-NJ-DE-MD Metro Area",3811297,3444125,202080,79613,74696,10783
310M200US38060,38060,"Phoenix-Mesa-Scottsdale, AZ Metro Area",2484645,2038160,299443,35722,99572,11748
310M200US38220,38220,"Pine Bluff, AR Metro Area",46678,41956,2316,1492,905,9
310M200US38300,38300,"Pittsburgh, PA Metro Area",2023758,1816377,129907,44616,28809,4049
310M200US38340,38340,"Pittsfield, MA Metro Area",115903,102848,9172,1378,2356,149
310M200US38540,38540,"Pocatello, ID Metro Area",70584,57566,8397,2520,1897,204
310M200US38860,38860,"Portland-South Portland, ME Metro Area",477634,409127,38466,13095,15630,1316
310M200US38900,38900,"Portland-Vancouver-Hillsboro, OR-WA Metro Area",1711075,1428895,161273,57133,56969,6805
310M200US38940,38940,"Port St. Lucie, FL Metro Area",288300,247610,19160,11444,9285,801
310M200US39140,39140,"Prescott, AZ Metro Area",172743,142395,16861,6138,6970,379
310M200US39300,39300,"Providence-Warwick, RI-MA Metro Area",1248150,1112531,80694,22188,29690,3047
310M200US39340,39340,"Provo-Orem, UT Metro Area",452194,358333,56503,13784,19289,4285
310M200US39380,39380,"Pueblo, CO Metro Area",85325,72322,8050,2160,2481,312
310M200US39460,39460,"Punta Gorda, FL Metro Area",138360,115712,10518,4879,6649,602
310M200US39540,39540,"Racine, WI Metro Area",142468,129736,7158,3929,1485,160
310M200US39580,39580,"Raleigh, NC Metro Area",737994,636496,55923,22856,20386,2333
310M200US39660,39660,"Rapid City, SD Metro Area",114011,94806,10212,3685,4878,430
310M200US39740,39740,"Reading, PA Metro Area",308889,277232,20876,7748,2744,289
310M200US39820,39820,"Redding, CA Metro Area",144333,119892,16041,5146,2823,431
310M200US39900,39900,"Reno, NV Metro Area",281008,222466,39875,4717,12935,1015
310M200US40060,40060,"Richmond, VA Metro Area",718130,628214,37208,35426,15006,2276
310M200US40140,40140,"Riverside-San Bernardino-Ontario, CA Metro Area",1516691,1288368,138479,54125,28815,6904
310M200US40220,40220,"Roanoke, VA Metro Area",245732,213470,14124,13038,4651,449
310M200US40340,40340,"Rochester, MN Metro Area",178918,158330,11442,5480,3236,430
310M200US40380,40380,"Rochester, NY Metro Area",834911,735028,62922,24400,10518,2043
310M200US40420,40420,"Rockford, IL Metro Area",247578,220176,19030,4839,3168,365
310M200US40580,40580,"Rocky Mount, NC Metro Area",70396,64142,3550,2064,578,62
310M200US40660,40660,"Rome, GA Metro Area",69075,58994,6818,2161,987,115
310M200US40900,40900,"Sacramento--Roseville--Arden-Arcade, CA Metro Area",1191531,1002245,118734,49296,16808,4448
310M200US40980,40980,"Saginaw, MI Metro Area",137584,121615,9615,4484,1612,258
310M200US41060,41060,"St. Cloud, MN Metro Area",170676,140912,13660,12880,2777,447
310M200US41100,41100,"St. George, UT Metro Area",122088,99521,12570,4205,5265,527
310M200US41140,41140,"St. Joseph, MO-KS Metro Area",109285,91291,9802,5401,2633,158
310M200US41180,41180,"St. Louis, MO-IL Metro Area",2065699,1825326,136115,61614,38503,4141
310M200US41420,41420,"Salem, OR Metro Area",274628,227738,28373,11533,6304,680
310M200US41500,41500,"Salinas, CA Metro Area",134718,111240,10660,5557,6126,1135
310M200US41540,41540,"Salisbury, MD-DE Metro Area",271584,239282,16629,6503,8669,501
310M200US41620,41620,"Salt Lake City, UT Metro Area",817207,692301,81649,18388,21518,3351
310M200US41660,41660,"San Angelo, TX Metro Area",64638,49106,7557,3510,4141,324
310M200US41700,41700,"San Antonio-New Braunfels, TX Metro Area",786132,658583,66587,32112,25348,3502
310M200US41740,41740,"San Diego-Carlsbad, CA Metro Area",1496543,1251567,159637,25543,46288,13508
310M200US41860,41860,"San Francisco-Oakland-Hayward, CA Metro Area",1841278,1576893,135783,77221,35812,15569
310M200US41940,41940,"San Jose-Sunnyvale-Santa Clara, CA Metro Area",643194,553252,51412,18933,13304,6293
310M200US42020,42020,"San Luis Obispo-Paso Robles-Arroyo Grande, CA Metro Area",190928,153583,22801,10611,3243,690
310M200US42100,42100,"Santa Cruz-Watsonville, CA Metro Area",155761,131398,13810,7752,2260,541
310M200US42140,42140,"Santa Fe, NM Metro Area",63213,53901,4209,1170,3585,348
310M200US42200,42200,"Santa Maria-Santa Barbara, CA Metro Area",200550,159031,25766,9187,4578,1988
310M200US42220,42220,"Santa Rosa, CA Metro Area",318503,273964,29497,10274,4111,657
310M200US42340,42340,"Savannah, GA Metro Area",202582,169551,15393,6592,9707,1339
310M200US42540,42540,"Scranton--Wilkes-Barre--Hazleton, PA Metro Area",490056,440147,32680,9617,6874,738
310M200US42660,42660,"Seattle-Tacoma-Bellevue, WA Metro Area",2353033,1970076,237372,61530,69963,14092
310M200US42680,42680,"Sebastian-Vero Beach, FL Metro Area",107509,93194,6855,3333,3723,404
310M200US42700,42700,"Sebring, FL Metro Area",67984,58637,4922,1601,2627,197
310M200US43100,43100,"Sheboygan, WI Metro Area",98580,87706,7616,2170,943,145
310M200US43300,43300,"Sherman-Denison, TX Metro Area",93742,78380,9887,3520,1886,69
310M200US43340,43340,"Shreveport-Bossier City, LA Metro Area",242242,206821,17338,9886,7473,724
310M200US43420,43420,"Sierra Vista-Douglas, AZ Metro Area",74392,61129,5281,2296,5159,527
310M200US43580,43580,"Sioux City, IA-NE-SD Metro Area",130315,112665,10314,2933,4220,183
310M200US43620,43620,"Sioux Falls, SD Metro Area",206161,176353,15971,8481,5042,314
310M200US43780,43780,"South Bend-Mishawaka, IN-MI Metro Area",242534,211950,17749,4861,7401,573
310M200US43900,43900,"Spartanburg, SC Metro Area",216669,189484,17276,5464,3899,546
310M200US44060,44060,"Spokane-Spokane Valley, WA Metro Area",455899,381543,49186,10817,12769,1584
310M200US44100,44100,"Springfield, IL Metro Area",173047,150040,15430,4767,2315,495
310M200US44140,44140,"Springfield, MA Metro Area",442264,390555,28643,12809,8938,1319
310M200US44180,44180,"Springfield, MO Metro Area",400026,324994,42172,22231,9771,858
310M200US44220,44220,"Springfield, OH Metro Area",115623,99512,11303,3216,1442,150
310M200US44300,44300,"State College, PA Metro Area",134941,102080,16024,10818,5075,944
310M200US44420,44420,"Staunton-Waynesboro, VA Metro Area",103087,91948,4924,5034,1060,121
310M200US44700,44700,"Stockton-Lodi, CA Metro Area",241937,205202,23056,9525,3409,745
310M200US44940,44940,"Sumter, SC Metro Area",49668,43299,3271,913,1946,239
310M200US45060,45060,"Syracuse, NY Metro Area",545105,477633,42029,15674,8609,1160
310M200US45220,45220,"Tallahassee, FL Metro Area",209568,163338,26164,14473,4838,755
310M200US45300,45300,"Tampa-St. Petersburg-Clearwater, FL Metro Area",1869851,1597067,160685,49556,54626,7917
310M200US45460,45460,"Terre Haute, IN Metro Area",152658,130988,12806,6149,2451,264
310M200US45500,45500,"Texarkana, TX-AR Metro Area",99583,86832,7410,2344,2868,129
310M200US45540,45540,"The Villages, FL Metro Area",86578,75057,3136,2943,5132,310
310M200US45780,45780,"Toledo, OH Metro Area",456648,388085,43450,16775,7321,1017
310M200US45820,45820,"Topeka, KS Metro Area",183703,158697,16324,5265,3152,265
310M200US45940,45940,"Trenton, NJ Metro Area",194170,173428,9058,6196,4267,1221
310M200US46060,46060,"Tucson, AZ Metro Area",533646,431279,68036,9537,22513,2281
310M200US46140,46140,"Tulsa, OK Metro Area",634136,541365,53461,24023,14255,1032
310M200US46220,46220,"Tuscaloosa, AL Metro Area",142540,117411,13495,6123,5163,348
310M200US46340,46340,"Tyler, TX Metro Area",130478,107710,13074,6544,2811,339
310M200US46520,46520,"Urban Honolulu, HI Metro Area",186713,137780,19843,653,24384,4053
310M200US46540,46540,"Utica-Rome, NY Metro Area",255049,226478,18419,7332,2312,508
310M200US46660,46660,"Valdosta, GA Metro Area",80083,65065,7788,3985,2730,515
310M200US46700,46700,"Vallejo-Fairfield, CA Metro Area",167419,140307,15507,6856,3752,997
310M200US47020,47020,"Victoria, TX Metro Area",45563,38849,3601,1894,1167,52
310M200US47220,47220,"Vineland-Bridgeton, NJ Metro Area",76381,70209,3672,1778,600,122
310M200US47260,47260,"Virginia Beach-Norfolk-Newport News, VA-NC Metro Area",951602,802126,60225,41868,41619,5764
310M200US47300,47300,"Visalia-Porterville, CA Metro Area",140239,120990,13476,2808,2687,278
310M200US47380,47380,"Waco, TX Metro Area",147201,121016,15220,7773,2810,382
310M200US47460,47460,"Walla Walla, WA Metro Area",46801,39193,3813,2073,1601,121
310M200US47580,47580,"Warner Robins, GA Metro Area",104478,89874,6866,3963,3162,613
310M200US47900,47900,"Washington-Arlington-Alexandria, DC-VA-MD-WV Metro Area",2770740,2382698,157475,77054,127421,26092
310M200US47940,47940,"Waterloo-Cedar Falls, IA Metro Area",143857,122088,12799,6462,2019,489
310M200US48060,48060,"Watertown-Fort Drum, NY Metro Area",97666,77910,10018,1843,5931,1964
310M200US48140,48140,"Wausau, WI Metro Area",119833,106772,8415,2831,1638,177
310M200US48260,48260,"Weirton-Steubenville, WV-OH Metro Area",112927,100873,6564,2036,3295,159
310M200US48300,48300,"Wenatchee, WA Metro Area",76517,67815,4176,3392,945,189
310M200US48540,48540,"Wheeling, WV-OH Metro Area",136669,122739,7761,2978,3035,156
310M200US48620,48620,"Wichita, KS Metro Area",462294,394997,45366,12389,8600,942
310M200US48660,48660,"Wichita Falls, TX Metro Area",105530,87014,8889,4062,5084,481
310M200US48700,48700,"Williamsport, PA Metro Area",105555,93528,7767,2781,1415,64
310M200US48900,48900,"Wilmington, NC Metro Area",199308,163653,17953,11011,6234,457
310M200US49020,49020,"Winchester, VA-WV Metro Area",108721,95315,6025,5089,2124,168
310M200US49180,49180,"Winston-Salem, NC Metro Area",448419,400764,25411,13819,7699,726
310M200US49340,49340,"Worcester, MA-CT Metro Area",735721,659111,49532,14394,10642,2042
310M200US49420,49420,"Yakima, WA Metro Area",112736,97143,11575,2311,1489,218
310M200US49620,49620,"York-Hanover, PA Metro Area",370547,332661,24578,7047,5738,523
310M200US49660,49660,"Youngstown-Warren-Boardman, OH-PA Metro Area",465553,418000,30225,9535,7121,672
310M200US49700,49700,"Yuba City, CA Metro Area",87440,69905,9524,5866,1672,473
310M200US49740,49740,"Yuma, AZ Metro Area",68035,54866,5726,1895,4557,991
