GEO.id,GEO.id2,GEO.display-label,HD01_VD01,HD01_VD02,HD01_VD03,HD01_VD04,HD01_VD05,HD01_VD06
Id,Id2,Geography,Estimate; Total:,Estimate; Total: - Same house 1 year ago,Estimate; Total: - Moved within same county,Estimate; Total: - Moved from different county within same state,Estimate; Total: - Moved from different state,Estimate; Total: - Moved from abroad
310M200US10180,10180,"Abilene, TX Metro Area",55,55,0,0,0,0
310M200US10420,10420,"Akron, OH Metro Area",137,110,16,11,0,0
310M200US10500,10500,"Albany, GA Metro Area",18,16,0,2,0,0
310M200US10540,10540,"Albany, OR Metro Area",133,107,12,14,0,0
310M200US10580,10580,"Albany-Schenectady-Troy, NY Metro Area",240,206,28,6,0,0
310M200US10740,10740,"Albuquerque, NM Metro Area",728,513,169,22,24,0
310M200US10780,10780,"Alexandria, LA Metro Area",77,77,0,0,0,0
310M200US10900,10900,"Allentown-Bethlehem-Easton, PA-NJ Metro Area",145,57,72,13,3,0
310M200US11020,11020,"Altoona, PA Metro Area",0,0,0,0,0,0
310M200US11100,11100,"Amarillo, TX Metro Area",320,178,50,0,39,53
310M200US11180,11180,"Ames, IA Metro Area",31,31,0,0,0,0
310M200US11260,11260,"Anchorage, AK Metro Area",6548,5022,1157,22,346,1
310M200US11460,11460,"Ann Arbor, MI Metro Area",125,72,39,0,0,14
310M200US11500,11500,"Anniston-Oxford-Jacksonville, AL Metro Area",7,7,0,0,0,0
310M200US11540,11540,"Appleton, WI Metro Area",30,16,14,0,0,0
310M200US11700,11700,"Asheville, NC Metro Area",217,94,99,0,24,0
310M200US12020,12020,"Athens-Clarke County, GA Metro Area",45,45,0,0,0,0
310M200US12060,12060,"Atlanta-Sandy Springs-Roswell, GA Metro Area",1910,1421,144,121,177,47
310M200US12100,12100,"Atlantic City-Hammonton, NJ Metro Area",71,50,0,21,0,0
310M200US12220,12220,"Auburn-Opelika, AL Metro Area",26,0,26,0,0,0
310M200US12260,12260,"Augusta-Richmond County, GA-SC Metro Area",530,234,1,29,266,0
310M200US12420,12420,"Austin-Round Rock, TX Metro Area",1039,696,160,116,32,35
310M200US12540,12540,"Bakersfield, CA Metro Area",1309,879,375,46,3,6
310M200US12580,12580,"Baltimore-Columbia-Towson, MD Metro Area",1380,1232,108,40,0,0
310M200US12620,12620,"Bangor, ME Metro Area",27,27,0,0,0,0
310M200US12700,12700,"Barnstable Town, MA Metro Area",4,4,0,0,0,0
310M200US12940,12940,"Baton Rouge, LA Metro Area",133,120,13,0,0,0
310M200US12980,12980,"Battle Creek, MI Metro Area",24,15,9,0,0,0
310M200US13020,13020,"Bay City, MI Metro Area",13,13,0,0,0,0
310M200US13140,13140,"Beaumont-Port Arthur, TX Metro Area",132,56,58,0,18,0
310M200US13220,13220,"Beckley, WV Metro Area",73,10,23,0,40,0
310M200US13380,13380,"Bellingham, WA Metro Area",644,527,99,18,0,0
310M200US13460,13460,"Bend-Redmond, OR Metro Area",200,132,12,0,56,0
310M200US13740,13740,"Billings, MT Metro Area",93,74,19,0,0,0
310M200US13780,13780,"Binghamton, NY Metro Area",91,45,27,19,0,0
310M200US13820,13820,"Birmingham-Hoover, AL Metro Area",241,131,61,0,0,49
310M200US13900,13900,"Bismarck, ND Metro Area",19,19,0,0,0,0
310M200US13980,13980,"Blacksburg-Christiansburg-Radford, VA Metro Area",62,9,8,0,0,45
310M200US14010,14010,"Bloomington, IL Metro Area",46,46,0,0,0,0
310M200US14020,14020,"Bloomington, IN Metro Area",53,40,0,0,0,13
310M200US14100,14100,"Bloomsburg-Berwick, PA Metro Area",12,12,0,0,0,0
310M200US14260,14260,"Boise City, ID Metro Area",1043,906,69,50,18,0
310M200US14460,14460,"Boston-Cambridge-Newton, MA-NH Metro Area",904,649,29,24,136,66
310M200US14500,14500,"Boulder, CO Metro Area",214,141,24,40,9,0
310M200US14540,14540,"Bowling Green, KY Metro Area",187,46,0,0,127,14
310M200US14740,14740,"Bremerton-Silverdale, WA Metro Area",2002,1583,338,47,34,0
310M200US14860,14860,"Bridgeport-Stamford-Norwalk, CT Metro Area",322,277,0,30,15,0
310M200US15180,15180,"Brownsville-Harlingen, TX Metro Area",25,15,0,0,10,0
310M200US15260,15260,"Brunswick, GA Metro Area",145,143,0,2,0,0
310M200US15380,15380,"Buffalo-Cheektowaga-Niagara Falls, NY Metro Area",352,225,111,0,0,16
310M200US15500,15500,"Burlington, NC Metro Area",79,7,0,72,0,0
310M200US15540,15540,"Burlington-South Burlington, VT Metro Area",78,72,6,0,0,0
310M200US15680,15680,"California-Lexington Park, MD Metro Area",29,29,0,0,0,0
310M200US15940,15940,"Canton-Massillon, OH Metro Area",102,102,0,0,0,0
310M200US15980,15980,"Cape Coral-Fort Myers, FL Metro Area",149,139,5,0,5,0
310M200US16020,16020,"Cape Girardeau, MO-IL Metro Area",8,8,0,0,0,0
310M200US16060,16060,"Carbondale-Marion, IL Metro Area",14,14,0,0,0,0
310M200US16180,16180,"Carson City, NV Metro Area",323,190,133,0,0,0
310M200US16220,16220,"Casper, WY Metro Area",4,4,0,0,0,0
310M200US16300,16300,"Cedar Rapids, IA Metro Area",33,33,0,0,0,0
310M200US16540,16540,"Chambersburg-Waynesboro, PA Metro Area",31,31,0,0,0,0
310M200US16580,16580,"Champaign-Urbana, IL Metro Area",96,84,12,0,0,0
310M200US16620,16620,"Charleston, WV Metro Area",20,20,0,0,0,0
310M200US16700,16700,"Charleston-North Charleston, SC Metro Area",429,371,5,19,15,19
310M200US16740,16740,"Charlotte-Concord-Gastonia, NC-SC Metro Area",1129,968,44,38,20,59
310M200US16820,16820,"Charlottesville, VA Metro Area",131,131,0,0,0,0
310M200US16860,16860,"Chattanooga, TN-GA Metro Area",211,109,0,0,89,13
310M200US16940,16940,"Cheyenne, WY Metro Area",76,48,18,0,10,0
310M200US16980,16980,"Chicago-Naperville-Elgin, IL-IN-WI Metro Area",2542,1964,399,88,64,27
310M200US17020,17020,"Chico, CA Metro Area",405,333,59,0,13,0
310M200US17140,17140,"Cincinnati, OH-KY-IN Metro Area",754,633,56,57,8,0
310M200US17300,17300,"Clarksville, TN-KY Metro Area",1014,851,14,18,96,35
310M200US17420,17420,"Cleveland, TN Metro Area",0,0,0,0,0,0
310M200US17460,17460,"Cleveland-Elyria, OH Metro Area",384,288,79,0,17,0
310M200US17660,17660,"Coeur d'Alene, ID Metro Area",121,120,1,0,0,0
310M200US17780,17780,"College Station-Bryan, TX Metro Area",100,66,18,0,0,16
310M200US17820,17820,"Colorado Springs, CO Metro Area",2410,1788,337,84,156,45
310M200US17860,17860,"Columbia, MO Metro Area",155,109,27,0,3,16
310M200US17900,17900,"Columbia, SC Metro Area",515,381,22,39,41,32
310M200US17980,17980,"Columbus, GA-AL Metro Area",717,470,33,0,112,102
310M200US18020,18020,"Columbus, IN Metro Area",56,56,0,0,0,0
310M200US18140,18140,"Columbus, OH Metro Area",605,402,76,9,36,82
310M200US18580,18580,"Corpus Christi, TX Metro Area",259,229,24,0,6,0
310M200US18700,18700,"Corvallis, OR Metro Area",256,185,54,0,17,0
310M200US18880,18880,"Crestview-Fort Walton Beach-Destin, FL Metro Area",475,313,148,3,11,0
310M200US19060,19060,"Cumberland, MD-WV Metro Area",45,34,0,0,0,11
310M200US19100,19100,"Dallas-Fort Worth-Arlington, TX Metro Area",6895,4908,1268,416,263,40
310M200US19140,19140,"Dalton, GA Metro Area",0,0,0,0,0,0
310M200US19180,19180,"Danville, IL Metro Area",33,0,0,33,0,0
310M200US19300,19300,"Daphne-Fairhope-Foley, AL Metro Area",0,0,0,0,0,0
310M200US19340,19340,"Davenport-Moline-Rock Island, IA-IL Metro Area",58,51,0,0,0,7
310M200US19380,19380,"Dayton, OH Metro Area",174,144,0,30,0,0
310M200US19460,19460,"Decatur, AL Metro Area",99,99,0,0,0,0
310M200US19500,19500,"Decatur, IL Metro Area",25,25,0,0,0,0
310M200US19660,19660,"Deltona-Daytona Beach-Ormond Beach, FL Metro Area",249,218,0,8,23,0
310M200US19740,19740,"Denver-Aurora-Lakewood, CO Metro Area",3199,2343,307,344,126,79
310M200US19780,19780,"Des Moines-West Des Moines, IA Metro Area",454,354,74,2,24,0
310M200US19820,19820,"Detroit-Warren-Dearborn, MI Metro Area",723,587,73,63,0,0
310M200US20020,20020,"Dothan, AL Metro Area",35,35,0,0,0,0
310M200US20100,20100,"Dover, DE Metro Area",116,94,19,0,3,0
310M200US20220,20220,"Dubuque, IA Metro Area",300,162,97,0,0,41
310M200US20260,20260,"Duluth, MN-WI Metro Area",89,74,11,4,0,0
310M200US20500,20500,"Durham-Chapel Hill, NC Metro Area",199,62,13,13,21,90
310M200US20700,20700,"East Stroudsburg, PA Metro Area",74,74,0,0,0,0
310M200US20740,20740,"Eau Claire, WI Metro Area",103,98,0,5,0,0
310M200US20940,20940,"El Centro, CA Metro Area",171,88,61,22,0,0
310M200US21060,21060,"Elizabethtown-Fort Knox, KY Metro Area",385,236,25,25,99,0
310M200US21140,21140,"Elkhart-Goshen, IN Metro Area",56,48,0,3,5,0
310M200US21300,21300,"Elmira, NY Metro Area",11,11,0,0,0,0
310M200US21340,21340,"El Paso, TX Metro Area",1352,864,386,33,59,10
310M200US21500,21500,"Erie, PA Metro Area",91,59,24,3,2,3
310M200US21660,21660,"Eugene, OR Metro Area",784,528,74,97,75,10
310M200US21780,21780,"Evansville, IN-KY Metro Area",158,35,66,0,57,0
310M200US21820,21820,"Fairbanks, AK Metro Area",633,313,142,0,122,56
310M200US22020,22020,"Fargo, ND-MN Metro Area",44,36,0,0,8,0
310M200US22140,22140,"Farmington, NM Metro Area",68,68,0,0,0,0
310M200US22180,22180,"Fayetteville, NC Metro Area",882,653,80,28,66,55
310M200US22220,22220,"Fayetteville-Springdale-Rogers, AR-MO Metro Area",5709,4516,1023,132,7,31
310M200US22380,22380,"Flagstaff, AZ Metro Area",173,115,21,26,11,0
310M200US22420,22420,"Flint, MI Metro Area",58,39,12,7,0,0
310M200US22500,22500,"Florence, SC Metro Area",44,44,0,0,0,0
310M200US22520,22520,"Florence-Muscle Shoals, AL Metro Area",44,8,36,0,0,0
310M200US22540,22540,"Fond du Lac, WI Metro Area",17,17,0,0,0,0
310M200US22660,22660,"Fort Collins, CO Metro Area",302,209,5,22,59,7
310M200US22900,22900,"Fort Smith, AR-OK Metro Area",243,123,68,26,26,0
310M200US23060,23060,"Fort Wayne, IN Metro Area",273,263,10,0,0,0
310M200US23420,23420,"Fresno, CA Metro Area",1996,1445,303,82,61,105
310M200US23460,23460,"Gadsden, AL Metro Area",107,98,9,0,0,0
310M200US23540,23540,"Gainesville, FL Metro Area",477,286,121,24,4,42
310M200US23580,23580,"Gainesville, GA Metro Area",63,63,0,0,0,0
310M200US23900,23900,"Gettysburg, PA Metro Area",0,0,0,0,0,0
310M200US24020,24020,"Glens Falls, NY Metro Area",20,0,0,20,0,0
310M200US24140,24140,"Goldsboro, NC Metro Area",0,0,0,0,0,0
310M200US24220,24220,"Grand Forks, ND-MN Metro Area",56,36,19,1,0,0
310M200US24260,24260,"Grand Island, NE Metro Area",37,37,0,0,0,0
310M200US24300,24300,"Grand Junction, CO Metro Area",183,45,72,0,66,0
310M200US24340,24340,"Grand Rapids-Wyoming, MI Metro Area",156,133,9,5,0,9
310M200US24420,24420,"Grants Pass, OR Metro Area",62,44,16,0,2,0
310M200US24500,24500,"Great Falls, MT Metro Area",24,9,15,0,0,0
310M200US24540,24540,"Greeley, CO Metro Area",178,106,0,31,41,0
310M200US24580,24580,"Green Bay, WI Metro Area",27,27,0,0,0,0
310M200US24660,24660,"Greensboro-High Point, NC Metro Area",346,297,49,0,0,0
310M200US24780,24780,"Greenville, NC Metro Area",23,0,0,23,0,0
310M200US24860,24860,"Greenville-Anderson-Mauldin, SC Metro Area",412,365,3,44,0,0
310M200US25060,25060,"Gulfport-Biloxi-Pascagoula, MS Metro Area",16,13,0,0,3,0
310M200US25180,25180,"Hagerstown-Martinsburg, MD-WV Metro Area",170,82,69,0,19,0
310M200US25220,25220,"Hammond, LA Metro Area",18,0,0,18,0,0
310M200US25260,25260,"Hanford-Corcoran, CA Metro Area",376,196,54,32,3,91
310M200US25420,25420,"Harrisburg-Carlisle, PA Metro Area",87,81,0,6,0,0
310M200US25500,25500,"Harrisonburg, VA Metro Area",52,25,27,0,0,0
310M200US25540,25540,"Hartford-West Hartford-East Hartford, CT Metro Area",389,360,22,0,7,0
310M200US25620,25620,"Hattiesburg, MS Metro Area",4,0,0,4,0,0
310M200US25860,25860,"Hickory-Lenoir-Morganton, NC Metro Area",159,159,0,0,0,0
310M200US25940,25940,"Hilton Head Island-Bluffton-Beaufort, SC Metro Area",70,55,15,0,0,0
310M200US25980,25980,"Hinesville, GA Metro Area",345,256,12,54,15,8
310M200US26140,26140,"Homosassa Springs, FL Metro Area",0,0,0,0,0,0
310M200US26300,26300,"Hot Springs, AR Metro Area",9,0,0,9,0,0
310M200US26380,26380,"Houma-Thibodaux, LA Metro Area",316,272,0,44,0,0
310M200US26420,26420,"Houston-The Woodlands-Sugar Land, TX Metro Area",3466,2797,503,56,110,0
310M200US26580,26580,"Huntington-Ashland, WV-KY-OH Metro Area",31,31,0,0,0,0
310M200US26620,26620,"Huntsville, AL Metro Area",405,368,26,11,0,0
310M200US26820,26820,"Idaho Falls, ID Metro Area",151,97,20,0,34,0
310M200US26900,26900,"Indianapolis-Carmel-Anderson, IN Metro Area",468,437,31,0,0,0
310M200US26980,26980,"Iowa City, IA Metro Area",214,214,0,0,0,0
310M200US27060,27060,"Ithaca, NY Metro Area",1,0,1,0,0,0
310M200US27100,27100,"Jackson, MI Metro Area",66,27,39,0,0,0
310M200US27140,27140,"Jackson, MS Metro Area",100,100,0,0,0,0
310M200US27180,27180,"Jackson, TN Metro Area",22,22,0,0,0,0
310M200US27260,27260,"Jacksonville, FL Metro Area",1304,1056,134,55,19,40
310M200US27340,27340,"Jacksonville, NC Metro Area",509,421,13,0,46,29
310M200US27500,27500,"Janesville-Beloit, WI Metro Area",0,0,0,0,0,0
310M200US27620,27620,"Jefferson City, MO Metro Area",80,26,0,26,0,28
310M200US27740,27740,"Johnson City, TN Metro Area",11,11,0,0,0,0
310M200US27780,27780,"Johnstown, PA Metro Area",37,37,0,0,0,0
310M200US27860,27860,"Jonesboro, AR Metro Area",147,147,0,0,0,0
310M200US27900,27900,"Joplin, MO Metro Area",290,289,1,0,0,0
310M200US27980,27980,"Kahului-Wailuku-Lahaina, HI Metro Area",16307,14364,1549,111,24,259
310M200US28020,28020,"Kalamazoo-Portage, MI Metro Area",95,12,60,23,0,0
310M200US28100,28100,"Kankakee, IL Metro Area",30,30,0,0,0,0
310M200US28140,28140,"Kansas City, MO-KS Metro Area",2759,2222,177,146,207,7
310M200US28420,28420,"Kennewick-Richland, WA Metro Area",262,241,0,0,21,0
310M200US28660,28660,"Killeen-Temple, TX Metro Area",3263,2118,565,197,315,68
310M200US28700,28700,"Kingsport-Bristol-Bristol, TN-VA Metro Area",67,60,0,7,0,0
310M200US28740,28740,"Kingston, NY Metro Area",89,85,0,4,0,0
310M200US28940,28940,"Knoxville, TN Metro Area",275,246,8,8,13,0
310M200US29020,29020,"Kokomo, IN Metro Area",72,67,5,0,0,0
310M200US29100,29100,"La Crosse-Onalaska, WI-MN Metro Area",30,0,29,1,0,0
310M200US29180,29180,"Lafayette, LA Metro Area",137,119,15,3,0,0
310M200US29200,29200,"Lafayette-West Lafayette, IN Metro Area",25,25,0,0,0,0
310M200US29340,29340,"Lake Charles, LA Metro Area",7,7,0,0,0,0
310M200US29420,29420,"Lake Havasu City-Kingman, AZ Metro Area",347,275,13,2,57,0
310M200US29460,29460,"Lakeland-Winter Haven, FL Metro Area",208,182,0,0,21,5
310M200US29540,29540,"Lancaster, PA Metro Area",31,31,0,0,0,0
310M200US29620,29620,"Lansing-East Lansing, MI Metro Area",103,43,42,18,0,0
310M200US29700,29700,"Laredo, TX Metro Area",15,8,7,0,0,0
310M200US29740,29740,"Las Cruces, NM Metro Area",17,10,0,0,7,0
310M200US29820,29820,"Las Vegas-Henderson-Paradise, NV Metro Area",14171,9638,3520,86,884,43
310M200US29940,29940,"Lawrence, KS Metro Area",27,0,19,0,8,0
310M200US30020,30020,"Lawton, OK Metro Area",664,245,94,6,264,55
310M200US30140,30140,"Lebanon, PA Metro Area",48,48,0,0,0,0
310M200US30300,30300,"Lewiston, ID-WA Metro Area",75,69,6,0,0,0
310M200US30340,30340,"Lewiston-Auburn, ME Metro Area",2,2,0,0,0,0
310M200US30460,30460,"Lexington-Fayette, KY Metro Area",166,157,9,0,0,0
310M200US30620,30620,"Lima, OH Metro Area",0,0,0,0,0,0
310M200US30700,30700,"Lincoln, NE Metro Area",194,141,0,8,45,0
310M200US30780,30780,"Little Rock-North Little Rock-Conway, AR Metro Area",310,291,0,0,12,7
310M200US30860,30860,"Logan, UT-ID Metro Area",355,301,0,7,47,0
310M200US30980,30980,"Longview, TX Metro Area",197,7,190,0,0,0
310M200US31020,31020,"Longview, WA Metro Area",181,162,0,6,0,13
310M200US31080,31080,"Los Angeles-Long Beach-Anaheim, CA Metro Area",36139,30786,4254,554,205,340
310M200US31140,31140,"Louisville/Jefferson County, KY-IN Metro Area",383,293,13,0,77,0
310M200US31180,31180,"Lubbock, TX Metro Area",165,155,4,0,0,6
310M200US31340,31340,"Lynchburg, VA Metro Area",93,78,0,15,0,0
310M200US31420,31420,"Macon, GA Metro Area",42,39,0,0,3,0
310M200US31460,31460,"Madera, CA Metro Area",263,246,4,13,0,0
310M200US31540,31540,"Madison, WI Metro Area",131,93,35,3,0,0
310M200US31700,31700,"Manchester-Nashua, NH Metro Area",84,80,4,0,0,0
310M200US31740,31740,"Manhattan, KS Metro Area",206,98,29,0,28,51
310M200US31860,31860,"Mankato-North Mankato, MN Metro Area",12,12,0,0,0,0
310M200US31900,31900,"Mansfield, OH Metro Area",22,0,22,0,0,0
310M200US32580,32580,"McAllen-Edinburg-Mission, TX Metro Area",90,82,8,0,0,0
310M200US32780,32780,"Medford, OR Metro Area",638,322,198,0,118,0
310M200US32820,32820,"Memphis, TN-MS-AR Metro Area",803,630,38,0,26,109
310M200US32900,32900,"Merced, CA Metro Area",546,409,130,6,1,0
310M200US33100,33100,"Miami-Fort Lauderdale-West Palm Beach, FL Metro Area",2014,1564,317,40,81,12
310M200US33140,33140,"Michigan City-La Porte, IN Metro Area",10,10,0,0,0,0
310M200US33220,33220,"Midland, MI Metro Area",49,30,0,19,0,0
310M200US33260,33260,"Midland, TX Metro Area",146,141,0,0,5,0
310M200US33340,33340,"Milwaukee-Waukesha-West Allis, WI Metro Area",322,260,34,10,0,18
310M200US33460,33460,"Minneapolis-St. Paul-Bloomington, MN-WI Metro Area",1177,863,148,157,0,9
310M200US33540,33540,"Missoula, MT Metro Area",180,141,25,14,0,0
310M200US33660,33660,"Mobile, AL Metro Area",64,51,13,0,0,0
310M200US33700,33700,"Modesto, CA Metro Area",3986,2859,896,45,186,0
310M200US33740,33740,"Monroe, LA Metro Area",55,43,12,0,0,0
310M200US33780,33780,"Monroe, MI Metro Area",7,0,7,0,0,0
310M200US33860,33860,"Montgomery, AL Metro Area",57,54,0,0,3,0
310M200US34060,34060,"Morgantown, WV Metro Area",14,0,0,14,0,0
310M200US34100,34100,"Morristown, TN Metro Area",12,12,0,0,0,0
310M200US34580,34580,"Mount Vernon-Anacortes, WA Metro Area",659,409,242,5,0,3
310M200US34620,34620,"Muncie, IN Metro Area",26,9,11,6,0,0
310M200US34740,34740,"Muskegon, MI Metro Area",57,57,0,0,0,0
310M200US34820,34820,"Myrtle Beach-Conway-North Myrtle Beach, SC-NC Metro Area",724,683,7,0,34,0
310M200US34900,34900,"Napa, CA Metro Area",288,260,0,28,0,0
310M200US34940,34940,"Naples-Immokalee-Marco Island, FL Metro Area",16,16,0,0,0,0
310M200US34980,34980,"Nashville-Davidson--Murfreesboro--Franklin, TN Metro Area",940,795,129,16,0,0
310M200US35100,35100,"New Bern, NC Metro Area",198,173,0,0,10,15
310M200US35300,35300,"New Haven-Milford, CT Metro Area",143,138,0,0,5,0
310M200US35380,35380,"New Orleans-Metairie, LA Metro Area",448,410,38,0,0,0
310M200US35620,35620,"New York-Newark-Jersey City, NY-NJ-PA Metro Area",6672,5468,747,253,55,149
310M200US35660,35660,"Niles-Benton Harbor, MI Metro Area",61,45,16,0,0,0
310M200US35840,35840,"North Port-Sarasota-Bradenton, FL Metro Area",266,216,23,0,27,0
310M200US35980,35980,"Norwich-New London, CT Metro Area",101,101,0,0,0,0
310M200US36100,36100,"Ocala, FL Metro Area",103,55,0,0,48,0
310M200US36140,36140,"Ocean City, NJ Metro Area",30,5,0,0,9,16
310M200US36220,36220,"Odessa, TX Metro Area",12,12,0,0,0,0
310M200US36260,36260,"Ogden-Clearfield, UT Metro Area",2433,2041,225,120,47,0
310M200US36420,36420,"Oklahoma City, OK Metro Area",916,579,55,24,118,140
310M200US36500,36500,"Olympia-Tumwater, WA Metro Area",2425,2207,41,50,86,41
310M200US36540,36540,"Omaha-Council Bluffs, NE-IA Metro Area",476,396,18,19,43,0
310M200US36740,36740,"Orlando-Kissimmee-Sanford, FL Metro Area",1559,1298,62,5,162,32
310M200US36780,36780,"Oshkosh-Neenah, WI Metro Area",43,43,0,0,0,0
310M200US36980,36980,"Owensboro, KY Metro Area",0,0,0,0,0,0
310M200US37100,37100,"Oxnard-Thousand Oaks-Ventura, CA Metro Area",1462,1146,150,67,73,26
310M200US37340,37340,"Palm Bay-Melbourne-Titusville, FL Metro Area",461,338,123,0,0,0
310M200US37460,37460,"Panama City, FL Metro Area",118,74,11,11,22,0
310M200US37620,37620,"Parkersburg-Vienna, WV Metro Area",134,130,4,0,0,0
310M200US37860,37860,"Pensacola-Ferry Pass-Brent, FL Metro Area",656,593,0,0,63,0
310M200US37900,37900,"Peoria, IL Metro Area",65,58,0,7,0,0
310M200US37980,37980,"Philadelphia-Camden-Wilmington, PA-NJ-DE-MD Metro Area",2839,2530,114,101,68,26
310M200US38060,38060,"Phoenix-Mesa-Scottsdale, AZ Metro Area",9349,6186,2298,172,578,115
310M200US38220,38220,"Pine Bluff, AR Metro Area",126,104,0,22,0,0
310M200US38300,38300,"Pittsburgh, PA Metro Area",624,564,6,4,41,9
310M200US38340,38340,"Pittsfield, MA Metro Area",22,22,0,0,0,0
310M200US38540,38540,"Pocatello, ID Metro Area",158,82,41,17,18,0
310M200US38860,38860,"Portland-South Portland, ME Metro Area",58,55,0,0,3,0
310M200US38900,38900,"Portland-Vancouver-Hillsboro, OR-WA Metro Area",12085,9334,1407,449,600,295
310M200US38940,38940,"Port St. Lucie, FL Metro Area",64,10,54,0,0,0
310M200US39140,39140,"Prescott, AZ Metro Area",67,40,1,26,0,0
310M200US39300,39300,"Providence-Warwick, RI-MA Metro Area",721,614,31,0,76,0
310M200US39340,39340,"Provo-Orem, UT Metro Area",4363,2801,1129,169,208,56
310M200US39380,39380,"Pueblo, CO Metro Area",79,42,37,0,0,0
310M200US39460,39460,"Punta Gorda, FL Metro Area",5,5,0,0,0,0
310M200US39540,39540,"Racine, WI Metro Area",54,47,7,0,0,0
310M200US39580,39580,"Raleigh, NC Metro Area",478,403,64,11,0,0
310M200US39660,39660,"Rapid City, SD Metro Area",76,49,13,0,0,14
310M200US39740,39740,"Reading, PA Metro Area",194,139,12,11,0,32
310M200US39820,39820,"Redding, CA Metro Area",389,305,0,84,0,0
310M200US39900,39900,"Reno, NV Metro Area",2700,1605,504,108,433,50
310M200US40060,40060,"Richmond, VA Metro Area",585,491,52,25,17,0
310M200US40140,40140,"Riverside-San Bernardino-Ontario, CA Metro Area",13581,11149,1359,411,558,104
310M200US40220,40220,"Roanoke, VA Metro Area",120,20,51,0,0,49
310M200US40340,40340,"Rochester, MN Metro Area",19,16,0,0,3,0
310M200US40380,40380,"Rochester, NY Metro Area",280,190,90,0,0,0
310M200US40420,40420,"Rockford, IL Metro Area",104,92,0,0,0,12
310M200US40580,40580,"Rocky Mount, NC Metro Area",99,99,0,0,0,0
310M200US40660,40660,"Rome, GA Metro Area",19,0,0,19,0,0
310M200US40900,40900,"Sacramento--Roseville--Arden-Arcade, CA Metro Area",16728,13454,2232,531,172,339
310M200US40980,40980,"Saginaw, MI Metro Area",47,47,0,0,0,0
310M200US41060,41060,"St. Cloud, MN Metro Area",24,24,0,0,0,0
310M200US41100,41100,"St. George, UT Metro Area",1161,770,194,123,74,0
310M200US41140,41140,"St. Joseph, MO-KS Metro Area",186,74,107,0,5,0
310M200US41180,41180,"St. Louis, MO-IL Metro Area",918,656,79,73,110,0
310M200US41420,41420,"Salem, OR Metro Area",2696,1708,560,364,17,47
310M200US41500,41500,"Salinas, CA Metro Area",2061,1670,302,14,38,37
310M200US41540,41540,"Salisbury, MD-DE Metro Area",134,133,1,0,0,0
310M200US41620,41620,"Salt Lake City, UT Metro Area",16639,13388,2487,100,586,78
310M200US41660,41660,"San Angelo, TX Metro Area",49,0,0,0,11,38
310M200US41700,41700,"San Antonio-New Braunfels, TX Metro Area",1328,874,288,12,121,33
310M200US41740,41740,"San Diego-Carlsbad, CA Metro Area",14071,11982,1544,252,256,37
310M200US41860,41860,"San Francisco-Oakland-Hayward, CA Metro Area",33767,28295,2957,1748,232,535
310M200US41940,41940,"San Jose-Sunnyvale-Santa Clara, CA Metro Area",7185,5881,963,219,54,68
310M200US42020,42020,"San Luis Obispo-Paso Robles-Arroyo Grande, CA Metro Area",284,260,15,9,0,0
310M200US42100,42100,"Santa Cruz-Watsonville, CA Metro Area",337,307,19,11,0,0
310M200US42140,42140,"Santa Fe, NM Metro Area",83,75,0,8,0,0
310M200US42200,42200,"Santa Maria-Santa Barbara, CA Metro Area",820,621,45,62,86,6
310M200US42220,42220,"Santa Rosa, CA Metro Area",1669,1388,223,14,3,41
310M200US42340,42340,"Savannah, GA Metro Area",315,229,0,24,62,0
310M200US42540,42540,"Scranton--Wilkes-Barre--Hazleton, PA Metro Area",102,85,17,0,0,0
310M200US42660,42660,"Seattle-Tacoma-Bellevue, WA Metro Area",30498,24283,4278,564,957,416
310M200US42680,42680,"Sebastian-Vero Beach, FL Metro Area",0,0,0,0,0,0
310M200US42700,42700,"Sebring, FL Metro Area",120,89,12,0,19,0
310M200US43100,43100,"Sheboygan, WI Metro Area",12,12,0,0,0,0
310M200US43300,43300,"Sherman-Denison, TX Metro Area",91,79,0,12,0,0
310M200US43340,43340,"Shreveport-Bossier City, LA Metro Area",258,198,24,18,18,0
310M200US43420,43420,"Sierra Vista-Douglas, AZ Metro Area",204,199,0,5,0,0
310M200US43580,43580,"Sioux City, IA-NE-SD Metro Area",131,131,0,0,0,0
310M200US43620,43620,"Sioux Falls, SD Metro Area",67,11,10,34,0,12
310M200US43780,43780,"South Bend-Mishawaka, IN-MI Metro Area",253,215,34,0,4,0
310M200US43900,43900,"Spartanburg, SC Metro Area",71,45,0,0,26,0
310M200US44060,44060,"Spokane-Spokane Valley, WA Metro Area",1977,1514,261,29,137,36
310M200US44100,44100,"Springfield, IL Metro Area",84,59,0,0,25,0
310M200US44140,44140,"Springfield, MA Metro Area",215,188,27,0,0,0
310M200US44180,44180,"Springfield, MO Metro Area",457,178,170,43,55,11
310M200US44220,44220,"Springfield, OH Metro Area",70,65,0,5,0,0
310M200US44300,44300,"State College, PA Metro Area",62,62,0,0,0,0
310M200US44420,44420,"Staunton-Waynesboro, VA Metro Area",82,82,0,0,0,0
310M200US44700,44700,"Stockton-Lodi, CA Metro Area",3851,3191,257,376,15,12
310M200US44940,44940,"Sumter, SC Metro Area",0,0,0,0,0,0
310M200US45060,45060,"Syracuse, NY Metro Area",122,93,9,0,6,14
310M200US45220,45220,"Tallahassee, FL Metro Area",50,0,22,13,15,0
310M200US45300,45300,"Tampa-St. Petersburg-Clearwater, FL Metro Area",2137,1670,130,62,156,119
310M200US45460,45460,"Terre Haute, IN Metro Area",5,5,0,0,0,0
310M200US45500,45500,"Texarkana, TX-AR Metro Area",66,66,0,0,0,0
310M200US45540,45540,"The Villages, FL Metro Area",41,28,0,7,6,0
310M200US45780,45780,"Toledo, OH Metro Area",156,136,15,5,0,0
310M200US45820,45820,"Topeka, KS Metro Area",117,77,0,40,0,0
310M200US45940,45940,"Trenton, NJ Metro Area",18,13,0,0,5,0
310M200US46060,46060,"Tucson, AZ Metro Area",1432,899,453,0,61,19
310M200US46140,46140,"Tulsa, OK Metro Area",611,505,79,21,0,6
310M200US46220,46220,"Tuscaloosa, AL Metro Area",85,85,0,0,0,0
310M200US46340,46340,"Tyler, TX Metro Area",255,200,20,35,0,0
310M200US46520,46520,"Urban Honolulu, HI Metro Area",89522,76498,9891,651,1237,1245
310M200US46540,46540,"Utica-Rome, NY Metro Area",256,128,128,0,0,0
310M200US46660,46660,"Valdosta, GA Metro Area",57,47,0,10,0,0
310M200US46700,46700,"Vallejo-Fairfield, CA Metro Area",3461,2619,575,160,55,52
310M200US47020,47020,"Victoria, TX Metro Area",10,10,0,0,0,0
310M200US47220,47220,"Vineland-Bridgeton, NJ Metro Area",0,0,0,0,0,0
310M200US47260,47260,"Virginia Beach-Norfolk-Newport News, VA-NC Metro Area",1897,1448,72,83,224,70
310M200US47300,47300,"Visalia-Porterville, CA Metro Area",615,432,183,0,0,0
310M200US47380,47380,"Waco, TX Metro Area",37,28,0,0,0,9
310M200US47460,47460,"Walla Walla, WA Metro Area",89,41,11,37,0,0
310M200US47580,47580,"Warner Robins, GA Metro Area",60,60,0,0,0,0
310M200US47900,47900,"Washington-Arlington-Alexandria, DC-VA-MD-WV Metro Area",3360,2503,294,163,220,180
310M200US47940,47940,"Waterloo-Cedar Falls, IA Metro Area",68,45,23,0,0,0
310M200US48060,48060,"Watertown-Fort Drum, NY Metro Area",286,68,6,13,191,8
310M200US48140,48140,"Wausau, WI Metro Area",34,26,8,0,0,0
310M200US48260,48260,"Weirton-Steubenville, WV-OH Metro Area",8,4,0,0,4,0
310M200US48300,48300,"Wenatchee, WA Metro Area",95,60,0,11,24,0
310M200US48540,48540,"Wheeling, WV-OH Metro Area",15,15,0,0,0,0
310M200US48620,48620,"Wichita, KS Metro Area",234,234,0,0,0,0
310M200US48660,48660,"Wichita Falls, TX Metro Area",43,6,0,4,0,33
310M200US48700,48700,"Williamsport, PA Metro Area",17,17,0,0,0,0
310M200US48900,48900,"Wilmington, NC Metro Area",138,122,16,0,0,0
310M200US49020,49020,"Winchester, VA-WV Metro Area",56,56,0,0,0,0
310M200US49180,49180,"Winston-Salem, NC Metro Area",467,459,8,0,0,0
310M200US49340,49340,"Worcester, MA-CT Metro Area",155,128,0,0,27,0
310M200US49420,49420,"Yakima, WA Metro Area",162,145,9,0,8,0
310M200US49620,49620,"York-Hanover, PA Metro Area",68,68,0,0,0,0
310M200US49660,49660,"Youngstown-Warren-Boardman, OH-PA Metro Area",57,47,0,0,10,0
310M200US49700,49700,"Yuba City, CA Metro Area",487,372,105,0,0,10
310M200US49740,49740,"Yuma, AZ Metro Area",340,206,94,0,23,17
